,model_name,condition,acc_mean,acc_std,acc_sem,relation,two_reference_objects,adjacent_reference_objects,n_target_types,n_habituation_stimuli,rotate_angle,seed,n_examples,transpose,same_relation_target_distance_ratio
0,resnext-DINO-S,different_shapes,0.744140625,0.43634316325187683,0.013635723851621151,above_below,0,0,1,1,0,34,1024,False,ends
1,resnext-DINO-S,split_text,0.8359375,0.370332270860672,0.011572883464396,above_below,0,0,1,1,0,34,1024,False,ends
2,resnext-DINO-S,random_color,0.767578125,0.4223765432834625,0.013199266977608204,above_below,0,0,1,1,0,34,1024,False,ends
3,resnext-DINO-ImageNet,different_shapes,0.7412109375,0.43796950578689575,0.013686547055840492,above_below,0,0,1,1,0,34,1024,False,ends
4,resnext-DINO-ImageNet,split_text,0.8505859375,0.3564961552619934,0.011140504851937294,above_below,0,0,1,1,0,34,1024,False,ends
5,resnext-DINO-ImageNet,random_color,0.6787109375,0.4669715166091919,0.014592859894037247,above_below,0,0,1,1,0,34,1024,False,ends
6,resnext-DINO-S,different_shapes,0.5185546875,0.4996556043624878,0.015614237636327744,above_below,0,0,1,1,30,34,1024,False,ends
7,resnext-DINO-S,split_text,0.517578125,0.4996909201145172,0.015615341253578663,above_below,0,0,1,1,30,34,1024,False,ends
8,resnext-DINO-S,random_color,0.4189453125,0.4933863878250122,0.015418324619531631,above_below,0,0,1,1,30,34,1024,False,ends
9,resnext-DINO-ImageNet,different_shapes,0.380859375,0.485598087310791,0.01517494022846222,above_below,0,0,1,1,30,34,1024,False,ends
10,resnext-DINO-ImageNet,split_text,0.58984375,0.49186187982559204,0.015370683744549751,above_below,0,0,1,1,30,34,1024,False,ends
11,resnext-DINO-ImageNet,random_color,0.2998046875,0.4581722915172577,0.014317884109914303,above_below,0,0,1,1,30,34,1024,False,ends
12,resnext-DINO-S,different_shapes,0.537109375,0.49862098693847656,0.015581905841827393,above_below,0,0,1,1,45,34,1024,False,ends
13,resnext-DINO-S,split_text,0.5263671875,0.49930429458618164,0.015603259205818176,above_below,0,0,1,1,45,34,1024,False,ends
14,resnext-DINO-S,random_color,0.3408203125,0.47398504614830017,0.01481203269213438,above_below,0,0,1,1,45,34,1024,False,ends
15,resnext-DINO-ImageNet,different_shapes,0.126953125,0.33292046189308167,0.010403764434158802,above_below,0,0,1,1,45,34,1024,False,ends
16,resnext-DINO-ImageNet,split_text,0.59765625,0.4903705418109894,0.015324079431593418,above_below,0,0,1,1,45,34,1024,False,ends
17,resnext-DINO-ImageNet,random_color,0.1572265625,0.36401423811912537,0.011375444941222668,above_below,0,0,1,1,45,34,1024,False,ends
18,resnext-DINO-S,different_shapes,0.2919921875,0.4546787440776825,0.014208710752427578,above_below,0,0,1,1,60,34,1024,False,ends
19,resnext-DINO-S,split_text,0.4384765625,0.49620044231414795,0.015506263822317123,above_below,0,0,1,1,60,34,1024,False,ends
20,resnext-DINO-S,random_color,0.1494140625,0.3564961552619934,0.011140504851937294,above_below,0,0,1,1,60,34,1024,False,ends
21,resnext-DINO-ImageNet,different_shapes,0.0859375,0.2802717387676239,0.008758491836488247,above_below,0,0,1,1,60,34,1024,False,ends
22,resnext-DINO-ImageNet,split_text,0.296875,0.45688098669052124,0.014277530834078789,above_below,0,0,1,1,60,34,1024,False,ends
23,resnext-DINO-ImageNet,random_color,0.064453125,0.24555838108062744,0.0076736994087696075,above_below,0,0,1,1,60,34,1024,False,ends
24,resnext-DINO-S,different_shapes,0.126953125,0.33292046189308167,0.010403764434158802,above_below,0,0,1,1,90,34,1024,False,ends
25,resnext-DINO-S,split_text,0.4462890625,0.49710676074028015,0.015534586273133755,above_below,0,0,1,1,90,34,1024,False,ends
26,resnext-DINO-S,random_color,0.0400390625,0.19605085253715515,0.0061265891417860985,above_below,0,0,1,1,90,34,1024,False,ends
27,resnext-DINO-ImageNet,different_shapes,0.033203125,0.17916661500930786,0.005598956719040871,above_below,0,0,1,1,90,34,1024,False,ends
28,resnext-DINO-ImageNet,split_text,0.291015625,0.4542306959629059,0.014194709248840809,above_below,0,0,1,1,90,34,1024,False,ends
29,resnext-DINO-ImageNet,random_color,0.0126953125,0.11195597797632217,0.003498624311760068,above_below,0,0,1,1,90,34,1024,False,ends
30,resnext-DINO-S,different_shapes,0.126953125,0.33292046189308167,0.010403764434158802,above_below,0,0,1,1,120,34,1024,False,ends
31,resnext-DINO-S,split_text,0.3759765625,0.4843740165233612,0.015136688016355038,above_below,0,0,1,1,120,34,1024,False,ends
32,resnext-DINO-S,random_color,0.255859375,0.43634316325187683,0.013635723851621151,above_below,0,0,1,1,120,34,1024,False,ends
33,resnext-DINO-ImageNet,different_shapes,0.0537109375,0.22544638812541962,0.007045199628919363,above_below,0,0,1,1,120,34,1024,False,ends
34,resnext-DINO-ImageNet,split_text,0.3720703125,0.4833570122718811,0.015104906633496284,above_below,0,0,1,1,120,34,1024,False,ends
35,resnext-DINO-ImageNet,random_color,0.0234375,0.15128840506076813,0.004727762658149004,above_below,0,0,1,1,120,34,1024,False,ends
36,resnext-DINO-S,different_shapes,0.365234375,0.48149582743644714,0.015046744607388973,above_below,0,0,1,1,135,34,1024,False,ends
37,resnext-DINO-S,split_text,0.4345703125,0.495700478553772,0.015490639954805374,above_below,0,0,1,1,135,34,1024,False,ends
38,resnext-DINO-S,random_color,0.3818359375,0.4858366549015045,0.015182395465672016,above_below,0,0,1,1,135,34,1024,False,ends
39,resnext-DINO-ImageNet,different_shapes,0.109375,0.3121091425418854,0.009753410704433918,above_below,0,0,1,1,135,34,1024,False,ends
40,resnext-DINO-ImageNet,split_text,0.5322265625,0.49896037578582764,0.015592511743307114,above_below,0,0,1,1,135,34,1024,False,ends
41,resnext-DINO-ImageNet,random_color,0.0341796875,0.1816904991865158,0.005677828099578619,above_below,0,0,1,1,135,34,1024,False,ends
42,resnext-DINO-S,different_shapes,0.521484375,0.49953821301460266,0.015610569156706333,above_below,0,0,1,1,150,34,1024,False,ends
43,resnext-DINO-S,split_text,0.59765625,0.4903705418109894,0.015324079431593418,above_below,0,0,1,1,150,34,1024,False,ends
44,resnext-DINO-S,random_color,0.509765625,0.4999046325683594,0.01562201976776123,above_below,0,0,1,1,150,34,1024,False,ends
45,resnext-DINO-ImageNet,different_shapes,0.470703125,0.4991409480571747,0.015598154626786709,above_below,0,0,1,1,150,34,1024,False,ends
46,resnext-DINO-ImageNet,split_text,0.4609375,0.49847179651260376,0.015577243641018867,above_below,0,0,1,1,150,34,1024,False,ends
47,resnext-DINO-ImageNet,random_color,0.205078125,0.403758704662323,0.012617459520697594,above_below,0,0,1,1,150,34,1024,False,ends
48,resnext-DINO-S,different_shapes,0.8076171875,0.39417213201522827,0.012317879125475883,above_below,0,0,1,4,0,34,1024,False,ends
49,resnext-DINO-S,split_text,0.87109375,0.335096150636673,0.01047175470739603,above_below,0,0,1,4,0,34,1024,False,ends
50,resnext-DINO-S,random_color,0.8017578125,0.3986755907535553,0.012458612211048603,above_below,0,0,1,4,0,34,1024,False,ends
51,resnext-DINO-ImageNet,different_shapes,0.7880859375,0.4086642861366272,0.0127707589417696,above_below,0,0,1,4,0,34,1024,False,ends
52,resnext-DINO-ImageNet,split_text,0.8740234375,0.3318229615688324,0.010369467549026012,above_below,0,0,1,4,0,34,1024,False,ends
53,resnext-DINO-ImageNet,random_color,0.7490234375,0.4335750639438629,0.013549220748245716,above_below,0,0,1,4,0,34,1024,False,ends
54,resnext-DINO-S,different_shapes,0.544921875,0.49797794222831726,0.015561810694634914,above_below,0,0,1,4,30,34,1024,False,ends
55,resnext-DINO-S,split_text,0.5849609375,0.4927287697792053,0.015397774055600166,above_below,0,0,1,4,30,34,1024,False,ends
56,resnext-DINO-S,random_color,0.474609375,0.49935489892959595,0.015604840591549873,above_below,0,0,1,4,30,34,1024,False,ends
57,resnext-DINO-ImageNet,different_shapes,0.4248046875,0.4943133294582367,0.015447291545569897,above_below,0,0,1,4,30,34,1024,False,ends
58,resnext-DINO-ImageNet,split_text,0.5986328125,0.4901750385761261,0.01531796995550394,above_below,0,0,1,4,30,34,1024,False,ends
59,resnext-DINO-ImageNet,random_color,0.3291015625,0.4698869287967682,0.014683966524899006,above_below,0,0,1,4,30,34,1024,False,ends
60,resnext-DINO-S,different_shapes,0.595703125,0.49075543880462646,0.015336107462644577,above_below,0,0,1,4,45,34,1024,False,ends
61,resnext-DINO-S,split_text,0.6005859375,0.48977798223495483,0.015305561944842339,above_below,0,0,1,4,45,34,1024,False,ends
62,resnext-DINO-S,random_color,0.3916015625,0.488108366727829,0.015253386460244656,above_below,0,0,1,4,45,34,1024,False,ends
63,resnext-DINO-ImageNet,different_shapes,0.1572265625,0.36401423811912537,0.011375444941222668,above_below,0,0,1,4,45,34,1024,False,ends
64,resnext-DINO-ImageNet,split_text,0.6572265625,0.4746364951133728,0.0148323904722929,above_below,0,0,1,4,45,34,1024,False,ends
65,resnext-DINO-ImageNet,random_color,0.1943359375,0.39568862318992615,0.012365269474685192,above_below,0,0,1,4,45,34,1024,False,ends
66,resnext-DINO-S,different_shapes,0.3134765625,0.46390625834465027,0.014497070573270321,above_below,0,0,1,4,60,34,1024,False,ends
67,resnext-DINO-S,split_text,0.533203125,0.4988963305950165,0.015590510331094265,above_below,0,0,1,4,60,34,1024,False,ends
68,resnext-DINO-S,random_color,0.1630859375,0.3694440722465515,0.011545127257704735,above_below,0,0,1,4,60,34,1024,False,ends
69,resnext-DINO-ImageNet,different_shapes,0.0927734375,0.2901146709918976,0.0090660834684968,above_below,0,0,1,4,60,34,1024,False,ends
70,resnext-DINO-ImageNet,split_text,0.3134765625,0.46390625834465027,0.014497070573270321,above_below,0,0,1,4,60,34,1024,False,ends
71,resnext-DINO-ImageNet,random_color,0.0712890625,0.2573070824146271,0.008040846325457096,above_below,0,0,1,4,60,34,1024,False,ends
72,resnext-DINO-S,different_shapes,0.109375,0.3121091425418854,0.009753410704433918,above_below,0,0,1,4,90,34,1024,False,ends
73,resnext-DINO-S,split_text,0.6005859375,0.48977798223495483,0.015305561944842339,above_below,0,0,1,4,90,34,1024,False,ends
74,resnext-DINO-S,random_color,0.0283203125,0.16588632762432098,0.005183947738260031,above_below,0,0,1,4,90,34,1024,False,ends
75,resnext-DINO-ImageNet,different_shapes,0.0107421875,0.10308633744716644,0.0032214480452239513,above_below,0,0,1,4,90,34,1024,False,ends
76,resnext-DINO-ImageNet,split_text,0.3408203125,0.47398504614830017,0.01481203269213438,above_below,0,0,1,4,90,34,1024,False,ends
77,resnext-DINO-ImageNet,random_color,0.0078125,0.08804240077733994,0.002751325024291873,above_below,0,0,1,4,90,34,1024,False,ends
78,resnext-DINO-S,different_shapes,0.169921875,0.3755641579627991,0.011736379936337471,above_below,0,0,1,4,120,34,1024,False,ends
79,resnext-DINO-S,split_text,0.4716796875,0.4991973042488098,0.015599915757775307,above_below,0,0,1,4,120,34,1024,False,ends
80,resnext-DINO-S,random_color,0.3525390625,0.4777606725692749,0.01493002101778984,above_below,0,0,1,4,120,34,1024,False,ends
81,resnext-DINO-ImageNet,different_shapes,0.0439453125,0.20497345924377441,0.0064054206013679504,above_below,0,0,1,4,120,34,1024,False,ends
82,resnext-DINO-ImageNet,split_text,0.400390625,0.48997750878334045,0.01531179714947939,above_below,0,0,1,4,120,34,1024,False,ends
83,resnext-DINO-ImageNet,random_color,0.0263671875,0.16022472083568573,0.005007022526115179,above_below,0,0,1,4,120,34,1024,False,ends
84,resnext-DINO-S,different_shapes,0.4287109375,0.4948917627334595,0.015465367585420609,above_below,0,0,1,4,135,34,1024,False,ends
85,resnext-DINO-S,split_text,0.52734375,0.49925175309181213,0.01560161728411913,above_below,0,0,1,4,135,34,1024,False,ends
86,resnext-DINO-S,random_color,0.4873046875,0.49983879923820496,0.015619962476193905,above_below,0,0,1,4,135,34,1024,False,ends
87,resnext-DINO-ImageNet,different_shapes,0.125,0.33071890473365784,0.010334965772926807,above_below,0,0,1,4,135,34,1024,False,ends
88,resnext-DINO-ImageNet,split_text,0.5927734375,0.4913177192211151,0.015353678725659847,above_below,0,0,1,4,135,34,1024,False,ends
89,resnext-DINO-ImageNet,random_color,0.0380859375,0.19140376150608063,0.00598136754706502,above_below,0,0,1,4,135,34,1024,False,ends
90,resnext-DINO-S,different_shapes,0.6103515625,0.48767051100730896,0.015239703468978405,above_below,0,0,1,4,150,34,1024,False,ends
91,resnext-DINO-S,split_text,0.6826171875,0.4654577970504761,0.014545556157827377,above_below,0,0,1,4,150,34,1024,False,ends
92,resnext-DINO-S,random_color,0.595703125,0.49075543880462646,0.015336107462644577,above_below,0,0,1,4,150,34,1024,False,ends
93,resnext-DINO-ImageNet,different_shapes,0.4755859375,0.49940359592437744,0.015606362372636795,above_below,0,0,1,4,150,34,1024,False,ends
94,resnext-DINO-ImageNet,split_text,0.5009765625,0.4999990463256836,0.015624970197677612,above_below,0,0,1,4,150,34,1024,False,ends
95,resnext-DINO-ImageNet,random_color,0.2900390625,0.4537801146507263,0.014180628582835197,above_below,0,0,1,4,150,34,1024,False,ends
96,resnext-DINO-S,different_shapes,0.62890625,0.48309749364852905,0.015096796676516533,above_below,0,0,2,1,0,34,1024,False,ends
97,resnext-DINO-S,split_text,0.6572265625,0.4746364951133728,0.0148323904722929,above_below,0,0,2,1,0,34,1024,False,ends
98,resnext-DINO-S,random_color,0.68359375,0.46507346630096436,0.014533545821905136,above_below,0,0,2,1,0,34,1024,False,ends
99,resnext-DINO-ImageNet,different_shapes,0.5703125,0.495031476020813,0.015469733625650406,above_below,0,0,2,1,0,34,1024,False,ends
100,resnext-DINO-ImageNet,split_text,0.6123046875,0.48722442984580994,0.01522576343268156,above_below,0,0,2,1,0,34,1024,False,ends
101,resnext-DINO-ImageNet,random_color,0.6484375,0.4774581789970398,0.014920568093657494,above_below,0,0,2,1,0,34,1024,False,ends
102,resnext-DINO-S,different_shapes,0.4736328125,0.49930429458618164,0.015603259205818176,above_below,0,0,2,1,30,34,1024,False,ends
103,resnext-DINO-S,split_text,0.4677734375,0.49896037578582764,0.015592511743307114,above_below,0,0,2,1,30,34,1024,False,ends
104,resnext-DINO-S,random_color,0.3916015625,0.488108366727829,0.015253386460244656,above_below,0,0,2,1,30,34,1024,False,ends
105,resnext-DINO-ImageNet,different_shapes,0.3740234375,0.483869731426239,0.01512092910706997,above_below,0,0,2,1,30,34,1024,False,ends
106,resnext-DINO-ImageNet,split_text,0.517578125,0.4996909201145172,0.015615341253578663,above_below,0,0,2,1,30,34,1024,False,ends
107,resnext-DINO-ImageNet,random_color,0.333984375,0.471634179353714,0.014738568104803562,above_below,0,0,2,1,30,34,1024,False,ends
108,resnext-DINO-S,different_shapes,0.5078125,0.49993896484375,0.015623092651367188,above_below,0,0,2,1,45,34,1024,False,ends
109,resnext-DINO-S,split_text,0.4501953125,0.4975133240222931,0.015547291375696659,above_below,0,0,2,1,45,34,1024,False,ends
110,resnext-DINO-S,random_color,0.349609375,0.4768465757369995,0.014901455491781235,above_below,0,0,2,1,45,34,1024,False,ends
111,resnext-DINO-ImageNet,different_shapes,0.2177734375,0.4127325713634491,0.012897892855107784,above_below,0,0,2,1,45,34,1024,False,ends
112,resnext-DINO-ImageNet,split_text,0.548828125,0.49761009216308594,0.015550315380096436,above_below,0,0,2,1,45,34,1024,False,ends
113,resnext-DINO-ImageNet,random_color,0.19140625,0.39340806007385254,0.012294001877307892,above_below,0,0,2,1,45,34,1024,False,ends
114,resnext-DINO-S,different_shapes,0.3544921875,0.4783591628074646,0.014948723837733269,above_below,0,0,2,1,60,34,1024,False,ends
115,resnext-DINO-S,split_text,0.4228515625,0.4940122663974762,0.015437883324921131,above_below,0,0,2,1,60,34,1024,False,ends
116,resnext-DINO-S,random_color,0.173828125,0.37896162271499634,0.011842550709843636,above_below,0,0,2,1,60,34,1024,False,ends
117,resnext-DINO-ImageNet,different_shapes,0.2001953125,0.4001464247703552,0.0125045757740736,above_below,0,0,2,1,60,34,1024,False,ends
118,resnext-DINO-ImageNet,split_text,0.3720703125,0.4833570122718811,0.015104906633496284,above_below,0,0,2,1,60,34,1024,False,ends
119,resnext-DINO-ImageNet,random_color,0.099609375,0.2994784712791443,0.009358702227473259,above_below,0,0,2,1,60,34,1024,False,ends
120,resnext-DINO-S,different_shapes,0.1728515625,0.3781189024448395,0.011816215701401234,above_below,0,0,2,1,90,34,1024,False,ends
121,resnext-DINO-S,split_text,0.46484375,0.4987625181674957,0.015586328692734241,above_below,0,0,2,1,90,34,1024,False,ends
122,resnext-DINO-S,random_color,0.0625,0.24206146597862244,0.007564420811831951,above_below,0,0,2,1,90,34,1024,False,ends
123,resnext-DINO-ImageNet,different_shapes,0.0576171875,0.23301813006401062,0.007281816564500332,above_below,0,0,2,1,90,34,1024,False,ends
124,resnext-DINO-ImageNet,split_text,0.3662109375,0.48176807165145874,0.015055252239108086,above_below,0,0,2,1,90,34,1024,False,ends
125,resnext-DINO-ImageNet,random_color,0.021484375,0.144992396235466,0.004531012382358313,above_below,0,0,2,1,90,34,1024,False,ends
126,resnext-DINO-S,different_shapes,0.17578125,0.3806339502334595,0.011894810944795609,above_below,0,0,2,1,120,34,1024,False,ends
127,resnext-DINO-S,split_text,0.404296875,0.49075543880462646,0.015336107462644577,above_below,0,0,2,1,120,34,1024,False,ends
128,resnext-DINO-S,random_color,0.271484375,0.44472530484199524,0.013897665776312351,above_below,0,0,2,1,120,34,1024,False,ends
129,resnext-DINO-ImageNet,different_shapes,0.0810546875,0.27291908860206604,0.008528721518814564,above_below,0,0,2,1,120,34,1024,False,ends
130,resnext-DINO-ImageNet,split_text,0.462890625,0.49862098693847656,0.015581905841827393,above_below,0,0,2,1,120,34,1024,False,ends
131,resnext-DINO-ImageNet,random_color,0.05078125,0.2195507138967514,0.006860959809273481,above_below,0,0,2,1,120,34,1024,False,ends
132,resnext-DINO-S,different_shapes,0.40625,0.49113228917121887,0.01534788403660059,above_below,0,0,2,1,135,34,1024,False,ends
133,resnext-DINO-S,split_text,0.396484375,0.48916715383529663,0.01528647355735302,above_below,0,0,2,1,135,34,1024,False,ends
134,resnext-DINO-S,random_color,0.3740234375,0.483869731426239,0.01512092910706997,above_below,0,0,2,1,135,34,1024,False,ends
135,resnext-DINO-ImageNet,different_shapes,0.1552734375,0.3621651530265808,0.01131766103208065,above_below,0,0,2,1,135,34,1024,False,ends
136,resnext-DINO-ImageNet,split_text,0.501953125,0.4999961853027344,0.01562488079071045,above_below,0,0,2,1,135,34,1024,False,ends
137,resnext-DINO-ImageNet,random_color,0.0654296875,0.24728251993656158,0.0077275787480175495,above_below,0,0,2,1,135,34,1024,False,ends
138,resnext-DINO-S,different_shapes,0.5224609375,0.4994952380657196,0.015609226189553738,above_below,0,0,2,1,150,34,1024,False,ends
139,resnext-DINO-S,split_text,0.541015625,0.49831488728523254,0.015572340227663517,above_below,0,0,2,1,150,34,1024,False,ends
140,resnext-DINO-S,random_color,0.4833984375,0.49972429871559143,0.015616384334862232,above_below,0,0,2,1,150,34,1024,False,ends
141,resnext-DINO-ImageNet,different_shapes,0.369140625,0.482572078704834,0.015080377459526062,above_below,0,0,2,1,150,34,1024,False,ends
142,resnext-DINO-ImageNet,split_text,0.4384765625,0.49620044231414795,0.015506263822317123,above_below,0,0,2,1,150,34,1024,False,ends
143,resnext-DINO-ImageNet,random_color,0.24609375,0.4307337999343872,0.0134604312479496,above_below,0,0,2,1,150,34,1024,False,ends
144,resnext-DINO-S,different_shapes,0.7119140625,0.45287132263183594,0.014152228832244873,above_below,0,0,2,4,0,34,1024,False,ends
145,resnext-DINO-S,split_text,0.71484375,0.45148882269859314,0.014109025709331036,above_below,0,0,2,4,0,34,1024,False,ends
146,resnext-DINO-S,random_color,0.779296875,0.41472068428993225,0.012960021384060383,above_below,0,0,2,4,0,34,1024,False,ends
147,resnext-DINO-ImageNet,different_shapes,0.630859375,0.482572078704834,0.015080377459526062,above_below,0,0,2,4,0,34,1024,False,ends
148,resnext-DINO-ImageNet,split_text,0.6767578125,0.4677143096923828,0.014616072177886963,above_below,0,0,2,4,0,34,1024,False,ends
149,resnext-DINO-ImageNet,random_color,0.7060546875,0.4555671811103821,0.01423647440969944,above_below,0,0,2,4,0,34,1024,False,ends
150,resnext-DINO-S,different_shapes,0.51171875,0.4998626410961151,0.015620707534253597,above_below,0,0,2,4,30,34,1024,False,ends
151,resnext-DINO-S,split_text,0.513671875,0.499813050031662,0.015619157813489437,above_below,0,0,2,4,30,34,1024,False,ends
152,resnext-DINO-S,random_color,0.447265625,0.4972113072872162,0.015537853352725506,above_below,0,0,2,4,30,34,1024,False,ends
153,resnext-DINO-ImageNet,different_shapes,0.37109375,0.48309749364852905,0.015096796676516533,above_below,0,0,2,4,30,34,1024,False,ends
154,resnext-DINO-ImageNet,split_text,0.5712890625,0.4948917627334595,0.015465367585420609,above_below,0,0,2,4,30,34,1024,False,ends
155,resnext-DINO-ImageNet,random_color,0.3076171875,0.4615071415901184,0.0144220981746912,above_below,0,0,2,4,30,34,1024,False,ends
156,resnext-DINO-S,different_shapes,0.5673828125,0.49543875455856323,0.015482461079955101,above_below,0,0,2,4,45,34,1024,False,ends
157,resnext-DINO-S,split_text,0.5458984375,0.49788886308670044,0.015559026971459389,above_below,0,0,2,4,45,34,1024,False,ends
158,resnext-DINO-S,random_color,0.392578125,0.48832422494888306,0.015260132029652596,above_below,0,0,2,4,45,34,1024,False,ends
159,resnext-DINO-ImageNet,different_shapes,0.240234375,0.4272257387638092,0.013350804336369038,above_below,0,0,2,4,45,34,1024,False,ends
160,resnext-DINO-ImageNet,split_text,0.5634765625,0.49595436453819275,0.015498573891818523,above_below,0,0,2,4,45,34,1024,False,ends
161,resnext-DINO-ImageNet,random_color,0.1884765625,0.3910922408103943,0.012221632525324821,above_below,0,0,2,4,45,34,1024,False,ends
162,resnext-DINO-S,different_shapes,0.34765625,0.47622618079185486,0.014882068149745464,above_below,0,0,2,4,60,34,1024,False,ends
163,resnext-DINO-S,split_text,0.5166015625,0.49972429871559143,0.015616384334862232,above_below,0,0,2,4,60,34,1024,False,ends
164,resnext-DINO-S,random_color,0.1630859375,0.3694440722465515,0.011545127257704735,above_below,0,0,2,4,60,34,1024,False,ends
165,resnext-DINO-ImageNet,different_shapes,0.173828125,0.37896162271499634,0.011842550709843636,above_below,0,0,2,4,60,34,1024,False,ends
166,resnext-DINO-ImageNet,split_text,0.3994140625,0.48977798223495483,0.015305561944842339,above_below,0,0,2,4,60,34,1024,False,ends
167,resnext-DINO-ImageNet,random_color,0.091796875,0.28873899579048157,0.009023093618452549,above_below,0,0,2,4,60,34,1024,False,ends
168,resnext-DINO-S,different_shapes,0.1865234375,0.3895284831523895,0.012172765098512173,above_below,0,0,2,4,90,34,1024,False,ends
169,resnext-DINO-S,split_text,0.5751953125,0.4943133294582367,0.015447291545569897,above_below,0,0,2,4,90,34,1024,False,ends
170,resnext-DINO-S,random_color,0.048828125,0.2155085653066635,0.006734642665833235,above_below,0,0,2,4,90,34,1024,False,ends
171,resnext-DINO-ImageNet,different_shapes,0.064453125,0.24555838108062744,0.0076736994087696075,above_below,0,0,2,4,90,34,1024,False,ends
172,resnext-DINO-ImageNet,split_text,0.40625,0.49113228917121887,0.01534788403660059,above_below,0,0,2,4,90,34,1024,False,ends
173,resnext-DINO-ImageNet,random_color,0.013671875,0.11612474173307419,0.0036288981791585684,above_below,0,0,2,4,90,34,1024,False,ends
174,resnext-DINO-S,different_shapes,0.2255859375,0.41796761751174927,0.013061488047242165,above_below,0,0,2,4,120,34,1024,False,ends
175,resnext-DINO-S,split_text,0.462890625,0.49862098693847656,0.015581905841827393,above_below,0,0,2,4,120,34,1024,False,ends
176,resnext-DINO-S,random_color,0.3427734375,0.4746364951133728,0.0148323904722929,above_below,0,0,2,4,120,34,1024,False,ends
177,resnext-DINO-ImageNet,different_shapes,0.099609375,0.2994784712791443,0.009358702227473259,above_below,0,0,2,4,120,34,1024,False,ends
178,resnext-DINO-ImageNet,split_text,0.4814453125,0.4996556043624878,0.015614237636327744,above_below,0,0,2,4,120,34,1024,False,ends
179,resnext-DINO-ImageNet,random_color,0.0341796875,0.1816904991865158,0.005677828099578619,above_below,0,0,2,4,120,34,1024,False,ends
180,resnext-DINO-S,different_shapes,0.4560546875,0.4980650544166565,0.015564532950520515,above_below,0,0,2,4,135,34,1024,False,ends
181,resnext-DINO-S,split_text,0.4521484375,0.49770495295524597,0.015553279779851437,above_below,0,0,2,4,135,34,1024,False,ends
182,resnext-DINO-S,random_color,0.470703125,0.4991409480571747,0.015598154626786709,above_below,0,0,2,4,135,34,1024,False,ends
183,resnext-DINO-ImageNet,different_shapes,0.19921875,0.3994128704071045,0.012481652200222015,above_below,0,0,2,4,135,34,1024,False,ends
184,resnext-DINO-ImageNet,split_text,0.5732421875,0.49460649490356445,0.01545645296573639,above_below,0,0,2,4,135,34,1024,False,ends
185,resnext-DINO-ImageNet,random_color,0.0439453125,0.20497345924377441,0.0064054206013679504,above_below,0,0,2,4,135,34,1024,False,ends
186,resnext-DINO-S,different_shapes,0.5615234375,0.49620044231414795,0.015506263822317123,above_below,0,0,2,4,150,34,1024,False,ends
187,resnext-DINO-S,split_text,0.58984375,0.49186187982559204,0.015370683744549751,above_below,0,0,2,4,150,34,1024,False,ends
188,resnext-DINO-S,random_color,0.5302734375,0.49908268451690674,0.015596333891153336,above_below,0,0,2,4,150,34,1024,False,ends
189,resnext-DINO-ImageNet,different_shapes,0.416015625,0.492896169424057,0.015403005294501781,above_below,0,0,2,4,150,34,1024,False,ends
190,resnext-DINO-ImageNet,split_text,0.49609375,0.4999847412109375,0.015624523162841797,above_below,0,0,2,4,150,34,1024,False,ends
191,resnext-DINO-ImageNet,random_color,0.2841796875,0.45102283358573914,0.014094463549554348,above_below,0,0,2,4,150,34,1024,False,ends
192,resnext-DINO-S,different_shapes,0.8583984375,0.3486410081386566,0.01089503150433302,above_below,1,0,1,1,0,34,1024,False,ends
193,resnext-DINO-S,split_text,0.927734375,0.25892722606658936,0.008091475814580917,above_below,1,0,1,1,0,34,1024,False,ends
194,resnext-DINO-S,random_color,0.9091796875,0.28735342621803284,0.008979794569313526,above_below,1,0,1,1,0,34,1024,False,ends
195,resnext-DINO-ImageNet,different_shapes,0.8916015625,0.31088295578956604,0.009715092368423939,above_below,1,0,1,1,0,34,1024,False,ends
196,resnext-DINO-ImageNet,split_text,0.912109375,0.2831357717514038,0.008847992867231369,above_below,1,0,1,1,0,34,1024,False,ends
197,resnext-DINO-ImageNet,random_color,0.8173828125,0.3863523602485657,0.012073511257767677,above_below,1,0,1,1,0,34,1024,False,ends
198,resnext-DINO-S,different_shapes,0.708984375,0.4542306959629059,0.014194709248840809,above_below,1,0,1,1,30,34,1024,False,ends
199,resnext-DINO-S,split_text,0.51953125,0.49961838126182556,0.015613074414432049,above_below,1,0,1,1,30,34,1024,False,ends
200,resnext-DINO-S,random_color,0.607421875,0.48832422494888306,0.015260132029652596,above_below,1,0,1,1,30,34,1024,False,ends
201,resnext-DINO-ImageNet,different_shapes,0.63671875,0.4809448719024658,0.015029527246952057,above_below,1,0,1,1,30,34,1024,False,ends
202,resnext-DINO-ImageNet,split_text,0.705078125,0.45600762963294983,0.014250238426029682,above_below,1,0,1,1,30,34,1024,False,ends
203,resnext-DINO-ImageNet,random_color,0.4560546875,0.4980650544166565,0.015564532950520515,above_below,1,0,1,1,30,34,1024,False,ends
204,resnext-DINO-S,different_shapes,0.759765625,0.4272257387638092,0.013350804336369038,above_below,1,0,1,1,45,34,1024,False,ends
205,resnext-DINO-S,split_text,0.5478515625,0.49770495295524597,0.015553279779851437,above_below,1,0,1,1,45,34,1024,False,ends
206,resnext-DINO-S,random_color,0.5546875,0.4970002770423889,0.015531258657574654,above_below,1,0,1,1,45,34,1024,False,ends
207,resnext-DINO-ImageNet,different_shapes,0.3837890625,0.4863075315952301,0.01519711036235094,above_below,1,0,1,1,45,34,1024,False,ends
208,resnext-DINO-ImageNet,split_text,0.7021484375,0.4573138952255249,0.014291059225797653,above_below,1,0,1,1,45,34,1024,False,ends
209,resnext-DINO-ImageNet,random_color,0.296875,0.45688098669052124,0.014277530834078789,above_below,1,0,1,1,45,34,1024,False,ends
210,resnext-DINO-S,different_shapes,0.5703125,0.495031476020813,0.015469733625650406,above_below,1,0,1,1,60,34,1024,False,ends
211,resnext-DINO-S,split_text,0.4931640625,0.4999532699584961,0.015623539686203003,above_below,1,0,1,1,60,34,1024,False,ends
212,resnext-DINO-S,random_color,0.3076171875,0.4615071415901184,0.0144220981746912,above_below,1,0,1,1,60,34,1024,False,ends
213,resnext-DINO-ImageNet,different_shapes,0.216796875,0.4120630919933319,0.012876971624791622,above_below,1,0,1,1,60,34,1024,False,ends
214,resnext-DINO-ImageNet,split_text,0.5341796875,0.4988303780555725,0.015588449314236641,above_below,1,0,1,1,60,34,1024,False,ends
215,resnext-DINO-ImageNet,random_color,0.0888671875,0.2845519483089447,0.008892248384654522,above_below,1,0,1,1,60,34,1024,False,ends
216,resnext-DINO-S,different_shapes,0.2978515625,0.4573138952255249,0.014291059225797653,above_below,1,0,1,1,90,34,1024,False,ends
217,resnext-DINO-S,split_text,0.58984375,0.49186187982559204,0.015370683744549751,above_below,1,0,1,1,90,34,1024,False,ends
218,resnext-DINO-S,random_color,0.1201171875,0.32509851455688477,0.010159328579902649,above_below,1,0,1,1,90,34,1024,False,ends
219,resnext-DINO-ImageNet,different_shapes,0.0859375,0.2802717387676239,0.008758491836488247,above_below,1,0,1,1,90,34,1024,False,ends
220,resnext-DINO-ImageNet,split_text,0.453125,0.4977978765964508,0.015556183643639088,above_below,1,0,1,1,90,34,1024,False,ends
221,resnext-DINO-ImageNet,random_color,0.03125,0.17399263381958008,0.0054372698068618774,above_below,1,0,1,1,90,34,1024,False,ends
222,resnext-DINO-S,different_shapes,0.119140625,0.32395389676094055,0.010123559273779392,above_below,1,0,1,1,120,34,1024,False,ends
223,resnext-DINO-S,split_text,0.3837890625,0.4863075315952301,0.01519711036235094,above_below,1,0,1,1,120,34,1024,False,ends
224,resnext-DINO-S,random_color,0.28125,0.4496092200279236,0.014050288125872612,above_below,1,0,1,1,120,34,1024,False,ends
225,resnext-DINO-ImageNet,different_shapes,0.2939453125,0.4555671811103821,0.01423647440969944,above_below,1,0,1,1,120,34,1024,False,ends
226,resnext-DINO-ImageNet,split_text,0.5771484375,0.4940122663974762,0.015437883324921131,above_below,1,0,1,1,120,34,1024,False,ends
227,resnext-DINO-ImageNet,random_color,0.1142578125,0.3181241452693939,0.00994137953966856,above_below,1,0,1,1,120,34,1024,False,ends
228,resnext-DINO-S,different_shapes,0.3623046875,0.48066622018814087,0.015020819380879402,above_below,1,0,1,1,135,34,1024,False,ends
229,resnext-DINO-S,split_text,0.501953125,0.4999961853027344,0.01562488079071045,above_below,1,0,1,1,135,34,1024,False,ends
230,resnext-DINO-S,random_color,0.3623046875,0.48066622018814087,0.015020819380879402,above_below,1,0,1,1,135,34,1024,False,ends
231,resnext-DINO-ImageNet,different_shapes,0.4072265625,0.4913177192211151,0.015353678725659847,above_below,1,0,1,1,135,34,1024,False,ends
232,resnext-DINO-ImageNet,split_text,0.791015625,0.4065832197666168,0.012705725617706776,above_below,1,0,1,1,135,34,1024,False,ends
233,resnext-DINO-ImageNet,random_color,0.1728515625,0.3781189024448395,0.011816215701401234,above_below,1,0,1,1,135,34,1024,False,ends
234,resnext-DINO-S,different_shapes,0.7060546875,0.4555671811103821,0.01423647440969944,above_below,1,0,1,1,150,34,1024,False,ends
235,resnext-DINO-S,split_text,0.6884765625,0.4631161689758301,0.01447238028049469,above_below,1,0,1,1,150,34,1024,False,ends
236,resnext-DINO-S,random_color,0.716796875,0.450554221868515,0.014079819433391094,above_below,1,0,1,1,150,34,1024,False,ends
237,resnext-DINO-ImageNet,different_shapes,0.6904296875,0.46231648325920105,0.014447390101850033,above_below,1,0,1,1,150,34,1024,False,ends
238,resnext-DINO-ImageNet,split_text,0.673828125,0.46881103515625,0.014650344848632812,above_below,1,0,1,1,150,34,1024,False,ends
239,resnext-DINO-ImageNet,random_color,0.4951171875,0.49997615814208984,0.015624254941940308,above_below,1,0,1,1,150,34,1024,False,ends
240,resnext-DINO-S,different_shapes,0.9208984375,0.2698972225189209,0.008434288203716278,above_below,1,0,1,4,0,34,1024,False,ends
241,resnext-DINO-S,split_text,0.9140625,0.2802717387676239,0.008758491836488247,above_below,1,0,1,4,0,34,1024,False,ends
242,resnext-DINO-S,random_color,0.9189453125,0.27291908860206604,0.008528721518814564,above_below,1,0,1,4,0,34,1024,False,ends
243,resnext-DINO-ImageNet,different_shapes,0.8818359375,0.32280227541923523,0.010087571106851101,above_below,1,0,1,4,0,34,1024,False,ends
244,resnext-DINO-ImageNet,split_text,0.90625,0.2914806008338928,0.00910876877605915,above_below,1,0,1,4,0,34,1024,False,ends
245,resnext-DINO-ImageNet,random_color,0.8330078125,0.3729688823223114,0.011655277572572231,above_below,1,0,1,4,0,34,1024,False,ends
246,resnext-DINO-S,different_shapes,0.771484375,0.41987645626068115,0.013121139258146286,above_below,1,0,1,4,30,34,1024,False,ends
247,resnext-DINO-S,split_text,0.5419921875,0.49823352694511414,0.015569797717034817,above_below,1,0,1,4,30,34,1024,False,ends
248,resnext-DINO-S,random_color,0.6982421875,0.459020733833313,0.014344397932291031,above_below,1,0,1,4,30,34,1024,False,ends
249,resnext-DINO-ImageNet,different_shapes,0.611328125,0.487448513507843,0.015232766047120094,above_below,1,0,1,4,30,34,1024,False,ends
250,resnext-DINO-ImageNet,split_text,0.73828125,0.4395703077316284,0.013736572116613388,above_below,1,0,1,4,30,34,1024,False,ends
251,resnext-DINO-ImageNet,random_color,0.482421875,0.4996909201145172,0.015615341253578663,above_below,1,0,1,4,30,34,1024,False,ends
252,resnext-DINO-S,different_shapes,0.8330078125,0.3729688823223114,0.011655277572572231,above_below,1,0,1,4,45,34,1024,False,ends
253,resnext-DINO-S,split_text,0.564453125,0.49582839012145996,0.015494637191295624,above_below,1,0,1,4,45,34,1024,False,ends
254,resnext-DINO-S,random_color,0.6611328125,0.47332465648651123,0.014791395515203476,above_below,1,0,1,4,45,34,1024,False,ends
255,resnext-DINO-ImageNet,different_shapes,0.4189453125,0.4933863878250122,0.015418324619531631,above_below,1,0,1,4,45,34,1024,False,ends
256,resnext-DINO-ImageNet,split_text,0.6689453125,0.4705926775932312,0.014706021174788475,above_below,1,0,1,4,45,34,1024,False,ends
257,resnext-DINO-ImageNet,random_color,0.42578125,0.4944608807563782,0.015451902523636818,above_below,1,0,1,4,45,34,1024,False,ends
258,resnext-DINO-S,different_shapes,0.6513671875,0.4765374958515167,0.014891796745359898,above_below,1,0,1,4,60,34,1024,False,ends
259,resnext-DINO-S,split_text,0.5546875,0.4970002770423889,0.015531258657574654,above_below,1,0,1,4,60,34,1024,False,ends
260,resnext-DINO-S,random_color,0.4150390625,0.4927287697792053,0.015397774055600166,above_below,1,0,1,4,60,34,1024,False,ends
261,resnext-DINO-ImageNet,different_shapes,0.1953125,0.3964410722255707,0.012388783507049084,above_below,1,0,1,4,60,34,1024,False,ends
262,resnext-DINO-ImageNet,split_text,0.54296875,0.4981502592563629,0.015567195601761341,above_below,1,0,1,4,60,34,1024,False,ends
263,resnext-DINO-ImageNet,random_color,0.1572265625,0.36401423811912537,0.011375444941222668,above_below,1,0,1,4,60,34,1024,False,ends
264,resnext-DINO-S,different_shapes,0.2861328125,0.4519522488117218,0.014123507775366306,above_below,1,0,1,4,90,34,1024,False,ends
265,resnext-DINO-S,split_text,0.607421875,0.48832422494888306,0.015260132029652596,above_below,1,0,1,4,90,34,1024,False,ends
266,resnext-DINO-S,random_color,0.1435546875,0.35063761472702026,0.010957425460219383,above_below,1,0,1,4,90,34,1024,False,ends
267,resnext-DINO-ImageNet,different_shapes,0.083984375,0.2773643732070923,0.008667636662721634,above_below,1,0,1,4,90,34,1024,False,ends
268,resnext-DINO-ImageNet,split_text,0.455078125,0.49797794222831726,0.015561810694634914,above_below,1,0,1,4,90,34,1024,False,ends
269,resnext-DINO-ImageNet,random_color,0.0849609375,0.2788235545158386,0.008713236078619957,above_below,1,0,1,4,90,34,1024,False,ends
270,resnext-DINO-S,different_shapes,0.1708984375,0.37642019987106323,0.011763131245970726,above_below,1,0,1,4,120,34,1024,False,ends
271,resnext-DINO-S,split_text,0.43359375,0.4955706000328064,0.0154865812510252,above_below,1,0,1,4,120,34,1024,False,ends
272,resnext-DINO-S,random_color,0.3388671875,0.47332465648651123,0.014791395515203476,above_below,1,0,1,4,120,34,1024,False,ends
273,resnext-DINO-ImageNet,different_shapes,0.26171875,0.4395703077316284,0.013736572116613388,above_below,1,0,1,4,120,34,1024,False,ends
274,resnext-DINO-ImageNet,split_text,0.5205078125,0.4995792508125305,0.015611851587891579,above_below,1,0,1,4,120,34,1024,False,ends
275,resnext-DINO-ImageNet,random_color,0.181640625,0.38554805517196655,0.012048376724123955,above_below,1,0,1,4,120,34,1024,False,ends
276,resnext-DINO-S,different_shapes,0.4228515625,0.4940122663974762,0.015437883324921131,above_below,1,0,1,4,135,34,1024,False,ends
277,resnext-DINO-S,split_text,0.5498046875,0.4975133240222931,0.015547291375696659,above_below,1,0,1,4,135,34,1024,False,ends
278,resnext-DINO-S,random_color,0.431640625,0.4953049421310425,0.015478279441595078,above_below,1,0,1,4,135,34,1024,False,ends
279,resnext-DINO-ImageNet,different_shapes,0.3984375,0.48957639932632446,0.01529926247894764,above_below,1,0,1,4,135,34,1024,False,ends
280,resnext-DINO-ImageNet,split_text,0.7626953125,0.425430566072464,0.0132947051897645,above_below,1,0,1,4,135,34,1024,False,ends
281,resnext-DINO-ImageNet,random_color,0.2373046875,0.425430566072464,0.0132947051897645,above_below,1,0,1,4,135,34,1024,False,ends
282,resnext-DINO-S,different_shapes,0.7158203125,0.45102283358573914,0.014094463549554348,above_below,1,0,1,4,150,34,1024,False,ends
283,resnext-DINO-S,split_text,0.6904296875,0.46231648325920105,0.014447390101850033,above_below,1,0,1,4,150,34,1024,False,ends
284,resnext-DINO-S,random_color,0.72265625,0.4476875960826874,0.01399023737758398,above_below,1,0,1,4,150,34,1024,False,ends
285,resnext-DINO-ImageNet,different_shapes,0.71875,0.4496092200279236,0.014050288125872612,above_below,1,0,1,4,150,34,1024,False,ends
286,resnext-DINO-ImageNet,split_text,0.6904296875,0.46231648325920105,0.014447390101850033,above_below,1,0,1,4,150,34,1024,False,ends
287,resnext-DINO-ImageNet,random_color,0.6142578125,0.4867701232433319,0.015211566351354122,above_below,1,0,1,4,150,34,1024,False,ends
288,resnext-DINO-S,different_shapes,0.8134765625,0.3895284831523895,0.012172765098512173,above_below,1,0,2,1,0,34,1024,False,ends
289,resnext-DINO-S,split_text,0.7861328125,0.4100341498851776,0.0128135671839118,above_below,1,0,2,1,0,34,1024,False,ends
290,resnext-DINO-S,random_color,0.8515625,0.3555331230163574,0.01111041009426117,above_below,1,0,2,1,0,34,1024,False,ends
291,resnext-DINO-ImageNet,different_shapes,0.7265625,0.4457235038280487,0.013928859494626522,above_below,1,0,2,1,0,34,1024,False,ends
292,resnext-DINO-ImageNet,split_text,0.654296875,0.47559696435928345,0.014862405136227608,above_below,1,0,2,1,0,34,1024,False,ends
293,resnext-DINO-ImageNet,random_color,0.779296875,0.41472068428993225,0.012960021384060383,above_below,1,0,2,1,0,34,1024,False,ends
294,resnext-DINO-S,different_shapes,0.6611328125,0.47332465648651123,0.014791395515203476,above_below,1,0,2,1,30,34,1024,False,ends
295,resnext-DINO-S,split_text,0.466796875,0.4988963305950165,0.015590510331094265,above_below,1,0,2,1,30,34,1024,False,ends
296,resnext-DINO-S,random_color,0.576171875,0.49416378140449524,0.015442618168890476,above_below,1,0,2,1,30,34,1024,False,ends
297,resnext-DINO-ImageNet,different_shapes,0.48828125,0.4998626410961151,0.015620707534253597,above_below,1,0,2,1,30,34,1024,False,ends
298,resnext-DINO-ImageNet,split_text,0.6123046875,0.48722442984580994,0.01522576343268156,above_below,1,0,2,1,30,34,1024,False,ends
299,resnext-DINO-ImageNet,random_color,0.4384765625,0.49620044231414795,0.015506263822317123,above_below,1,0,2,1,30,34,1024,False,ends
300,resnext-DINO-S,different_shapes,0.65625,0.4749588668346405,0.014842464588582516,above_below,1,0,2,1,45,34,1024,False,ends
301,resnext-DINO-S,split_text,0.4931640625,0.4999532699584961,0.015623539686203003,above_below,1,0,2,1,45,34,1024,False,ends
302,resnext-DINO-S,random_color,0.53125,0.4990224838256836,0.015594452619552612,above_below,1,0,2,1,45,34,1024,False,ends
303,resnext-DINO-ImageNet,different_shapes,0.3720703125,0.4833570122718811,0.015104906633496284,above_below,1,0,2,1,45,34,1024,False,ends
304,resnext-DINO-ImageNet,split_text,0.5869140625,0.4923880100250244,0.015387125313282013,above_below,1,0,2,1,45,34,1024,False,ends
305,resnext-DINO-ImageNet,random_color,0.3017578125,0.459020733833313,0.014344397932291031,above_below,1,0,2,1,45,34,1024,False,ends
306,resnext-DINO-S,different_shapes,0.537109375,0.49862098693847656,0.015581905841827393,above_below,1,0,2,1,60,34,1024,False,ends
307,resnext-DINO-S,split_text,0.44140625,0.4965549111366272,0.0155173409730196,above_below,1,0,2,1,60,34,1024,False,ends
308,resnext-DINO-S,random_color,0.3388671875,0.47332465648651123,0.014791395515203476,above_below,1,0,2,1,60,34,1024,False,ends
309,resnext-DINO-ImageNet,different_shapes,0.2470703125,0.43130797147750854,0.013478374108672142,above_below,1,0,2,1,60,34,1024,False,ends
310,resnext-DINO-ImageNet,split_text,0.5458984375,0.49788886308670044,0.015559026971459389,above_below,1,0,2,1,60,34,1024,False,ends
311,resnext-DINO-ImageNet,random_color,0.1318359375,0.3383123278617859,0.010572260245680809,above_below,1,0,2,1,60,34,1024,False,ends
312,resnext-DINO-S,different_shapes,0.353515625,0.4780610203742981,0.014939406886696815,above_below,1,0,2,1,90,34,1024,False,ends
313,resnext-DINO-S,split_text,0.5693359375,0.49516919255256653,0.015474037267267704,above_below,1,0,2,1,90,34,1024,False,ends
314,resnext-DINO-S,random_color,0.1728515625,0.3781189024448395,0.011816215701401234,above_below,1,0,2,1,90,34,1024,False,ends
315,resnext-DINO-ImageNet,different_shapes,0.14453125,0.3516275882720947,0.01098836213350296,above_below,1,0,2,1,90,34,1024,False,ends
316,resnext-DINO-ImageNet,split_text,0.4677734375,0.49896037578582764,0.015592511743307114,above_below,1,0,2,1,90,34,1024,False,ends
317,resnext-DINO-ImageNet,random_color,0.048828125,0.2155085653066635,0.006734642665833235,above_below,1,0,2,1,90,34,1024,False,ends
318,resnext-DINO-S,different_shapes,0.203125,0.4023247957229614,0.012572649866342545,above_below,1,0,2,1,120,34,1024,False,ends
319,resnext-DINO-S,split_text,0.400390625,0.48997750878334045,0.01531179714947939,above_below,1,0,2,1,120,34,1024,False,ends
320,resnext-DINO-S,random_color,0.3271484375,0.4691719710826874,0.01466162409633398,above_below,1,0,2,1,120,34,1024,False,ends
321,resnext-DINO-ImageNet,different_shapes,0.28515625,0.45148882269859314,0.014109025709331036,above_below,1,0,2,1,120,34,1024,False,ends
322,resnext-DINO-ImageNet,split_text,0.544921875,0.49797794222831726,0.015561810694634914,above_below,1,0,2,1,120,34,1024,False,ends
323,resnext-DINO-ImageNet,random_color,0.1689453125,0.37470361590385437,0.011709487996995449,above_below,1,0,2,1,120,34,1024,False,ends
324,resnext-DINO-S,different_shapes,0.369140625,0.482572078704834,0.015080377459526062,above_below,1,0,2,1,135,34,1024,False,ends
325,resnext-DINO-S,split_text,0.4404296875,0.4964386820793152,0.0155137088149786,above_below,1,0,2,1,135,34,1024,False,ends
326,resnext-DINO-S,random_color,0.3291015625,0.4698869287967682,0.014683966524899006,above_below,1,0,2,1,135,34,1024,False,ends
327,resnext-DINO-ImageNet,different_shapes,0.33984375,0.47365596890449524,0.014801749028265476,above_below,1,0,2,1,135,34,1024,False,ends
328,resnext-DINO-ImageNet,split_text,0.642578125,0.4792405366897583,0.014976266771554947,above_below,1,0,2,1,135,34,1024,False,ends
329,resnext-DINO-ImageNet,random_color,0.216796875,0.4120630919933319,0.012876971624791622,above_below,1,0,2,1,135,34,1024,False,ends
330,resnext-DINO-S,different_shapes,0.5888671875,0.4920392632484436,0.015376226976513863,above_below,1,0,2,1,150,34,1024,False,ends
331,resnext-DINO-S,split_text,0.5625,0.49607837200164795,0.015502449125051498,above_below,1,0,2,1,150,34,1024,False,ends
332,resnext-DINO-S,random_color,0.67578125,0.4680822193622589,0.014627569355070591,above_below,1,0,2,1,150,34,1024,False,ends
333,resnext-DINO-ImageNet,different_shapes,0.552734375,0.4972113072872162,0.015537853352725506,above_below,1,0,2,1,150,34,1024,False,ends
334,resnext-DINO-ImageNet,split_text,0.595703125,0.49075543880462646,0.015336107462644577,above_below,1,0,2,1,150,34,1024,False,ends
335,resnext-DINO-ImageNet,random_color,0.5048828125,0.49997615814208984,0.015624254941940308,above_below,1,0,2,1,150,34,1024,False,ends
336,resnext-DINO-S,different_shapes,0.857421875,0.3496420979499817,0.010926315560936928,above_below,1,0,2,4,0,34,1024,False,ends
337,resnext-DINO-S,split_text,0.8125,0.3903123736381531,0.012197261676192284,above_below,1,0,2,4,0,34,1024,False,ends
338,resnext-DINO-S,random_color,0.861328125,0.3456037938594818,0.010800118558108807,above_below,1,0,2,4,0,34,1024,False,ends
339,resnext-DINO-ImageNet,different_shapes,0.7216796875,0.4481719732284546,0.014005374163389206,above_below,1,0,2,4,0,34,1024,False,ends
340,resnext-DINO-ImageNet,split_text,0.69921875,0.45859774947166443,0.014331179670989513,above_below,1,0,2,4,0,34,1024,False,ends
341,resnext-DINO-ImageNet,random_color,0.7822265625,0.4127325713634491,0.012897892855107784,above_below,1,0,2,4,0,34,1024,False,ends
342,resnext-DINO-S,different_shapes,0.677734375,0.4673440754413605,0.014604502357542515,above_below,1,0,2,4,30,34,1024,False,ends
343,resnext-DINO-S,split_text,0.4580078125,0.49823352694511414,0.015569797717034817,above_below,1,0,2,4,30,34,1024,False,ends
344,resnext-DINO-S,random_color,0.6689453125,0.4705926775932312,0.014706021174788475,above_below,1,0,2,4,30,34,1024,False,ends
345,resnext-DINO-ImageNet,different_shapes,0.498046875,0.4999961853027344,0.01562488079071045,above_below,1,0,2,4,30,34,1024,False,ends
346,resnext-DINO-ImageNet,split_text,0.63671875,0.4809448719024658,0.015029527246952057,above_below,1,0,2,4,30,34,1024,False,ends
347,resnext-DINO-ImageNet,random_color,0.44921875,0.49741458892822266,0.015544205904006958,above_below,1,0,2,4,30,34,1024,False,ends
348,resnext-DINO-S,different_shapes,0.6953125,0.46027493476867676,0.014383591711521149,above_below,1,0,2,4,45,34,1024,False,ends
349,resnext-DINO-S,split_text,0.533203125,0.4988963305950165,0.015590510331094265,above_below,1,0,2,4,45,34,1024,False,ends
350,resnext-DINO-S,random_color,0.6083984375,0.488108366727829,0.015253386460244656,above_below,1,0,2,4,45,34,1024,False,ends
351,resnext-DINO-ImageNet,different_shapes,0.4462890625,0.49710676074028015,0.015534586273133755,above_below,1,0,2,4,45,34,1024,False,ends
352,resnext-DINO-ImageNet,split_text,0.603515625,0.48916715383529663,0.01528647355735302,above_below,1,0,2,4,45,34,1024,False,ends
353,resnext-DINO-ImageNet,random_color,0.435546875,0.49582839012145996,0.015494637191295624,above_below,1,0,2,4,45,34,1024,False,ends
354,resnext-DINO-S,different_shapes,0.5849609375,0.4927287697792053,0.015397774055600166,above_below,1,0,2,4,60,34,1024,False,ends
355,resnext-DINO-S,split_text,0.4951171875,0.49997615814208984,0.015624254941940308,above_below,1,0,2,4,60,34,1024,False,ends
356,resnext-DINO-S,random_color,0.3857421875,0.4867701232433319,0.015211566351354122,above_below,1,0,2,4,60,34,1024,False,ends
357,resnext-DINO-ImageNet,different_shapes,0.2822265625,0.45008301734924316,0.014065094292163849,above_below,1,0,2,4,60,34,1024,False,ends
358,resnext-DINO-ImageNet,split_text,0.5439453125,0.4980650544166565,0.015564532950520515,above_below,1,0,2,4,60,34,1024,False,ends
359,resnext-DINO-ImageNet,random_color,0.2080078125,0.40588244795799255,0.012683826498687267,above_below,1,0,2,4,60,34,1024,False,ends
360,resnext-DINO-S,different_shapes,0.333984375,0.471634179353714,0.014738568104803562,above_below,1,0,2,4,90,34,1024,False,ends
361,resnext-DINO-S,split_text,0.5888671875,0.4920392632484436,0.015376226976513863,above_below,1,0,2,4,90,34,1024,False,ends
362,resnext-DINO-S,random_color,0.1767578125,0.3814636170864105,0.011920738033950329,above_below,1,0,2,4,90,34,1024,False,ends
363,resnext-DINO-ImageNet,different_shapes,0.171875,0.37727177143096924,0.011789742857217789,above_below,1,0,2,4,90,34,1024,False,ends
364,resnext-DINO-ImageNet,split_text,0.4755859375,0.49940359592437744,0.015606362372636795,above_below,1,0,2,4,90,34,1024,False,ends
365,resnext-DINO-ImageNet,random_color,0.1142578125,0.3181241452693939,0.00994137953966856,above_below,1,0,2,4,90,34,1024,False,ends
366,resnext-DINO-S,different_shapes,0.23828125,0.42603203654289246,0.01331350114196539,above_below,1,0,2,4,120,34,1024,False,ends
367,resnext-DINO-S,split_text,0.416015625,0.492896169424057,0.015403005294501781,above_below,1,0,2,4,120,34,1024,False,ends
368,resnext-DINO-S,random_color,0.353515625,0.4780610203742981,0.014939406886696815,above_below,1,0,2,4,120,34,1024,False,ends
369,resnext-DINO-ImageNet,different_shapes,0.3095703125,0.46231648325920105,0.014447390101850033,above_below,1,0,2,4,120,34,1024,False,ends
370,resnext-DINO-ImageNet,split_text,0.572265625,0.49475011229515076,0.015460941009223461,above_below,1,0,2,4,120,34,1024,False,ends
371,resnext-DINO-ImageNet,random_color,0.216796875,0.4120630919933319,0.012876971624791622,above_below,1,0,2,4,120,34,1024,False,ends
372,resnext-DINO-S,different_shapes,0.4482421875,0.497313916683197,0.015541059896349907,above_below,1,0,2,4,135,34,1024,False,ends
373,resnext-DINO-S,split_text,0.466796875,0.4988963305950165,0.015590510331094265,above_below,1,0,2,4,135,34,1024,False,ends
374,resnext-DINO-S,random_color,0.4404296875,0.4964386820793152,0.0155137088149786,above_below,1,0,2,4,135,34,1024,False,ends
375,resnext-DINO-ImageNet,different_shapes,0.4072265625,0.4913177192211151,0.015353678725659847,above_below,1,0,2,4,135,34,1024,False,ends
376,resnext-DINO-ImageNet,split_text,0.6708984375,0.4698869287967682,0.014683966524899006,above_below,1,0,2,4,135,34,1024,False,ends
377,resnext-DINO-ImageNet,random_color,0.271484375,0.44472530484199524,0.013897665776312351,above_below,1,0,2,4,135,34,1024,False,ends
378,resnext-DINO-S,different_shapes,0.6484375,0.4774581789970398,0.014920568093657494,above_below,1,0,2,4,150,34,1024,False,ends
379,resnext-DINO-S,split_text,0.5869140625,0.4923880100250244,0.015387125313282013,above_below,1,0,2,4,150,34,1024,False,ends
380,resnext-DINO-S,random_color,0.7099609375,0.4537801146507263,0.014180628582835197,above_below,1,0,2,4,150,34,1024,False,ends
381,resnext-DINO-ImageNet,different_shapes,0.5732421875,0.49460649490356445,0.01545645296573639,above_below,1,0,2,4,150,34,1024,False,ends
382,resnext-DINO-ImageNet,split_text,0.595703125,0.49075543880462646,0.015336107462644577,above_below,1,0,2,4,150,34,1024,False,ends
383,resnext-DINO-ImageNet,random_color,0.5859375,0.49255937337875366,0.015392480418086052,above_below,1,0,2,4,150,34,1024,False,ends
384,resnext-DINO-S,different_shapes,0.84765625,0.35935378074645996,0.011229805648326874,above_below,1,1,1,1,0,34,1024,False,ends
385,resnext-DINO-S,split_text,0.927734375,0.25892722606658936,0.008091475814580917,above_below,1,1,1,1,0,34,1024,False,ends
386,resnext-DINO-S,random_color,0.892578125,0.30964887142181396,0.009676527231931686,above_below,1,1,1,1,0,34,1024,False,ends
387,resnext-DINO-ImageNet,different_shapes,0.9072265625,0.2901146709918976,0.0090660834684968,above_below,1,1,1,1,0,34,1024,False,ends
388,resnext-DINO-ImageNet,split_text,0.9130859375,0.28170907497406006,0.008803408592939377,above_below,1,1,1,1,0,34,1024,False,ends
389,resnext-DINO-ImageNet,random_color,0.814453125,0.38874056935310364,0.012148142792284489,above_below,1,1,1,1,0,34,1024,False,ends
390,resnext-DINO-S,different_shapes,0.7119140625,0.45287132263183594,0.014152228832244873,above_below,1,1,1,1,30,34,1024,False,ends
391,resnext-DINO-S,split_text,0.64453125,0.4786550998687744,0.0149579718708992,above_below,1,1,1,1,30,34,1024,False,ends
392,resnext-DINO-S,random_color,0.572265625,0.49475011229515076,0.015460941009223461,above_below,1,1,1,1,30,34,1024,False,ends
393,resnext-DINO-ImageNet,different_shapes,0.701171875,0.4577443301677704,0.014304510317742825,above_below,1,1,1,1,30,34,1024,False,ends
394,resnext-DINO-ImageNet,split_text,0.7998046875,0.4001464247703552,0.0125045757740736,above_below,1,1,1,1,30,34,1024,False,ends
395,resnext-DINO-ImageNet,random_color,0.45703125,0.4981502592563629,0.015567195601761341,above_below,1,1,1,1,30,34,1024,False,ends
396,resnext-DINO-S,different_shapes,0.697265625,0.45944127440452576,0.01435753982514143,above_below,1,1,1,1,45,34,1024,False,ends
397,resnext-DINO-S,split_text,0.662109375,0.47299107909202576,0.014780971221625805,above_below,1,1,1,1,45,34,1024,False,ends
398,resnext-DINO-S,random_color,0.4140625,0.49255937337875366,0.015392480418086052,above_below,1,1,1,1,45,34,1024,False,ends
399,resnext-DINO-ImageNet,different_shapes,0.3828125,0.4860731363296509,0.01518978551030159,above_below,1,1,1,1,45,34,1024,False,ends
400,resnext-DINO-ImageNet,split_text,0.7080078125,0.4546787440776825,0.014208710752427578,above_below,1,1,1,1,45,34,1024,False,ends
401,resnext-DINO-ImageNet,random_color,0.3515625,0.4774581789970398,0.014920568093657494,above_below,1,1,1,1,45,34,1024,False,ends
402,resnext-DINO-S,different_shapes,0.513671875,0.499813050031662,0.015619157813489437,above_below,1,1,1,1,60,34,1024,False,ends
403,resnext-DINO-S,split_text,0.5341796875,0.4988303780555725,0.015588449314236641,above_below,1,1,1,1,60,34,1024,False,ends
404,resnext-DINO-S,random_color,0.228515625,0.41987645626068115,0.013121139258146286,above_below,1,1,1,1,60,34,1024,False,ends
405,resnext-DINO-ImageNet,different_shapes,0.2646484375,0.4411458373069763,0.01378580741584301,above_below,1,1,1,1,60,34,1024,False,ends
406,resnext-DINO-ImageNet,split_text,0.5205078125,0.4995792508125305,0.015611851587891579,above_below,1,1,1,1,60,34,1024,False,ends
407,resnext-DINO-ImageNet,random_color,0.0947265625,0.29283687472343445,0.009151152335107327,above_below,1,1,1,1,60,34,1024,False,ends
408,resnext-DINO-S,different_shapes,0.216796875,0.4120630919933319,0.012876971624791622,above_below,1,1,1,1,90,34,1024,False,ends
409,resnext-DINO-S,split_text,0.673828125,0.46881103515625,0.014650344848632812,above_below,1,1,1,1,90,34,1024,False,ends
410,resnext-DINO-S,random_color,0.0849609375,0.2788235545158386,0.008713236078619957,above_below,1,1,1,1,90,34,1024,False,ends
411,resnext-DINO-ImageNet,different_shapes,0.0673828125,0.25068381428718567,0.007833869196474552,above_below,1,1,1,1,90,34,1024,False,ends
412,resnext-DINO-ImageNet,split_text,0.408203125,0.4915010929107666,0.015359409153461456,above_below,1,1,1,1,90,34,1024,False,ends
413,resnext-DINO-ImageNet,random_color,0.0078125,0.08804240077733994,0.002751325024291873,above_below,1,1,1,1,90,34,1024,False,ends
414,resnext-DINO-S,different_shapes,0.283203125,0.450554221868515,0.014079819433391094,above_below,1,1,1,1,120,34,1024,False,ends
415,resnext-DINO-S,split_text,0.5537109375,0.49710676074028015,0.015534586273133755,above_below,1,1,1,1,120,34,1024,False,ends
416,resnext-DINO-S,random_color,0.34375,0.4749588668346405,0.014842464588582516,above_below,1,1,1,1,120,34,1024,False,ends
417,resnext-DINO-ImageNet,different_shapes,0.1494140625,0.3564961552619934,0.011140504851937294,above_below,1,1,1,1,120,34,1024,False,ends
418,resnext-DINO-ImageNet,split_text,0.533203125,0.4988963305950165,0.015590510331094265,above_below,1,1,1,1,120,34,1024,False,ends
419,resnext-DINO-ImageNet,random_color,0.080078125,0.2714141011238098,0.008481690660119057,above_below,1,1,1,1,120,34,1024,False,ends
420,resnext-DINO-S,different_shapes,0.3974609375,0.48937278985977173,0.015292899683117867,above_below,1,1,1,1,135,34,1024,False,ends
421,resnext-DINO-S,split_text,0.533203125,0.4988963305950165,0.015590510331094265,above_below,1,1,1,1,135,34,1024,False,ends
422,resnext-DINO-S,random_color,0.4375,0.49607837200164795,0.015502449125051498,above_below,1,1,1,1,135,34,1024,False,ends
423,resnext-DINO-ImageNet,different_shapes,0.3212890625,0.4669715166091919,0.014592859894037247,above_below,1,1,1,1,135,34,1024,False,ends
424,resnext-DINO-ImageNet,split_text,0.7607421875,0.4266304075717926,0.013332200236618519,above_below,1,1,1,1,135,34,1024,False,ends
425,resnext-DINO-ImageNet,random_color,0.12890625,0.335096150636673,0.01047175470739603,above_below,1,1,1,1,135,34,1024,False,ends
426,resnext-DINO-S,different_shapes,0.67578125,0.4680822193622589,0.014627569355070591,above_below,1,1,1,1,150,34,1024,False,ends
427,resnext-DINO-S,split_text,0.7451171875,0.4357953369617462,0.01361860428005457,above_below,1,1,1,1,150,34,1024,False,ends
428,resnext-DINO-S,random_color,0.7451171875,0.4357953369617462,0.01361860428005457,above_below,1,1,1,1,150,34,1024,False,ends
429,resnext-DINO-ImageNet,different_shapes,0.6962890625,0.45985934138298035,0.014370604418218136,above_below,1,1,1,1,150,34,1024,False,ends
430,resnext-DINO-ImageNet,split_text,0.6962890625,0.45985934138298035,0.014370604418218136,above_below,1,1,1,1,150,34,1024,False,ends
431,resnext-DINO-ImageNet,random_color,0.4443359375,0.4968918561935425,0.015527870506048203,above_below,1,1,1,1,150,34,1024,False,ends
432,resnext-DINO-S,different_shapes,0.833984375,0.37209466099739075,0.01162795815616846,above_below,1,1,1,4,0,34,1024,False,ends
433,resnext-DINO-S,split_text,0.9541015625,0.2092648297548294,0.006539525929838419,above_below,1,1,1,4,0,34,1024,False,ends
434,resnext-DINO-S,random_color,0.904296875,0.2941836714744568,0.009193239733576775,above_below,1,1,1,4,0,34,1024,False,ends
435,resnext-DINO-ImageNet,different_shapes,0.91015625,0.28595778346061707,0.008936180733144283,above_below,1,1,1,4,0,34,1024,False,ends
436,resnext-DINO-ImageNet,split_text,0.916015625,0.2773643732070923,0.008667636662721634,above_below,1,1,1,4,0,34,1024,False,ends
437,resnext-DINO-ImageNet,random_color,0.837890625,0.368551105260849,0.011517222039401531,above_below,1,1,1,4,0,34,1024,False,ends
438,resnext-DINO-S,different_shapes,0.7236328125,0.44720059633255005,0.013975018635392189,above_below,1,1,1,4,30,34,1024,False,ends
439,resnext-DINO-S,split_text,0.658203125,0.474311888217926,0.014822246506810188,above_below,1,1,1,4,30,34,1024,False,ends
440,resnext-DINO-S,random_color,0.6591796875,0.47398504614830017,0.01481203269213438,above_below,1,1,1,4,30,34,1024,False,ends
441,resnext-DINO-ImageNet,different_shapes,0.732421875,0.44269636273384094,0.01383426133543253,above_below,1,1,1,4,30,34,1024,False,ends
442,resnext-DINO-ImageNet,split_text,0.806640625,0.3949322998523712,0.0123416343703866,above_below,1,1,1,4,30,34,1024,False,ends
443,resnext-DINO-ImageNet,random_color,0.517578125,0.4996909201145172,0.015615341253578663,above_below,1,1,1,4,30,34,1024,False,ends
444,resnext-DINO-S,different_shapes,0.6943359375,0.46068811416625977,0.014396503567695618,above_below,1,1,1,4,45,34,1024,False,ends
445,resnext-DINO-S,split_text,0.7265625,0.4457235038280487,0.013928859494626522,above_below,1,1,1,4,45,34,1024,False,ends
446,resnext-DINO-S,random_color,0.435546875,0.49582839012145996,0.015494637191295624,above_below,1,1,1,4,45,34,1024,False,ends
447,resnext-DINO-ImageNet,different_shapes,0.4140625,0.49255937337875366,0.015392480418086052,above_below,1,1,1,4,45,34,1024,False,ends
448,resnext-DINO-ImageNet,split_text,0.7607421875,0.4266304075717926,0.013332200236618519,above_below,1,1,1,4,45,34,1024,False,ends
449,resnext-DINO-ImageNet,random_color,0.40234375,0.4903705418109894,0.015324079431593418,above_below,1,1,1,4,45,34,1024,False,ends
450,resnext-DINO-S,different_shapes,0.490234375,0.4999046325683594,0.01562201976776123,above_below,1,1,1,4,60,34,1024,False,ends
451,resnext-DINO-S,split_text,0.6015625,0.48957639932632446,0.01529926247894764,above_below,1,1,1,4,60,34,1024,False,ends
452,resnext-DINO-S,random_color,0.2880859375,0.45287132263183594,0.014152228832244873,above_below,1,1,1,4,60,34,1024,False,ends
453,resnext-DINO-ImageNet,different_shapes,0.248046875,0.4318791627883911,0.013496223837137222,above_below,1,1,1,4,60,34,1024,False,ends
454,resnext-DINO-ImageNet,split_text,0.583984375,0.492896169424057,0.015403005294501781,above_below,1,1,1,4,60,34,1024,False,ends
455,resnext-DINO-ImageNet,random_color,0.1142578125,0.3181241452693939,0.00994137953966856,above_below,1,1,1,4,60,34,1024,False,ends
456,resnext-DINO-S,different_shapes,0.26953125,0.44371628761291504,0.013866133987903595,above_below,1,1,1,4,90,34,1024,False,ends
457,resnext-DINO-S,split_text,0.7392578125,0.43903952836990356,0.013719985261559486,above_below,1,1,1,4,90,34,1024,False,ends
458,resnext-DINO-S,random_color,0.0927734375,0.2901146709918976,0.0090660834684968,above_below,1,1,1,4,90,34,1024,False,ends
459,resnext-DINO-ImageNet,different_shapes,0.056640625,0.2311546355485916,0.007223582360893488,above_below,1,1,1,4,90,34,1024,False,ends
460,resnext-DINO-ImageNet,split_text,0.4619140625,0.49854734539985657,0.015579604543745518,above_below,1,1,1,4,90,34,1024,False,ends
461,resnext-DINO-ImageNet,random_color,0.0302734375,0.17133872210979462,0.005354335065931082,above_below,1,1,1,4,90,34,1024,False,ends
462,resnext-DINO-S,different_shapes,0.333984375,0.471634179353714,0.014738568104803562,above_below,1,1,1,4,120,34,1024,False,ends
463,resnext-DINO-S,split_text,0.68359375,0.46507346630096436,0.014533545821905136,above_below,1,1,1,4,120,34,1024,False,ends
464,resnext-DINO-S,random_color,0.388671875,0.487448513507843,0.015232766047120094,above_below,1,1,1,4,120,34,1024,False,ends
465,resnext-DINO-ImageNet,different_shapes,0.146484375,0.3535911440849304,0.011049723252654076,above_below,1,1,1,4,120,34,1024,False,ends
466,resnext-DINO-ImageNet,split_text,0.548828125,0.49761009216308594,0.015550315380096436,above_below,1,1,1,4,120,34,1024,False,ends
467,resnext-DINO-ImageNet,random_color,0.0869140625,0.28170907497406006,0.008803408592939377,above_below,1,1,1,4,120,34,1024,False,ends
468,resnext-DINO-S,different_shapes,0.494140625,0.4999656677246094,0.015623927116394043,above_below,1,1,1,4,135,34,1024,False,ends
469,resnext-DINO-S,split_text,0.61328125,0.4869983196258545,0.015218697488307953,above_below,1,1,1,4,135,34,1024,False,ends
470,resnext-DINO-S,random_color,0.525390625,0.49935489892959595,0.015604840591549873,above_below,1,1,1,4,135,34,1024,False,ends
471,resnext-DINO-ImageNet,different_shapes,0.3994140625,0.48977798223495483,0.015305561944842339,above_below,1,1,1,4,135,34,1024,False,ends
472,resnext-DINO-ImageNet,split_text,0.8173828125,0.3863523602485657,0.012073511257767677,above_below,1,1,1,4,135,34,1024,False,ends
473,resnext-DINO-ImageNet,random_color,0.2060546875,0.40447020530700684,0.012639693915843964,above_below,1,1,1,4,135,34,1024,False,ends
474,resnext-DINO-S,different_shapes,0.7587890625,0.4278179705142975,0.013369311578571796,above_below,1,1,1,4,150,34,1024,False,ends
475,resnext-DINO-S,split_text,0.8203125,0.38392695784568787,0.011997717432677746,above_below,1,1,1,4,150,34,1024,False,ends
476,resnext-DINO-S,random_color,0.8203125,0.38392695784568787,0.011997717432677746,above_below,1,1,1,4,150,34,1024,False,ends
477,resnext-DINO-ImageNet,different_shapes,0.7470703125,0.4346909821033478,0.013584093190729618,above_below,1,1,1,4,150,34,1024,False,ends
478,resnext-DINO-ImageNet,split_text,0.771484375,0.41987645626068115,0.013121139258146286,above_below,1,1,1,4,150,34,1024,False,ends
479,resnext-DINO-ImageNet,random_color,0.5400390625,0.49839428067207336,0.015574821271002293,above_below,1,1,1,4,150,34,1024,False,ends
480,resnext-DINO-S,different_shapes,0.7734375,0.4186071455478668,0.013081473298370838,above_below,1,1,2,1,0,34,1024,False,ends
481,resnext-DINO-S,split_text,0.75390625,0.4307337999343872,0.0134604312479496,above_below,1,1,2,1,0,34,1024,False,ends
482,resnext-DINO-S,random_color,0.828125,0.37727177143096924,0.011789742857217789,above_below,1,1,2,1,0,34,1024,False,ends
483,resnext-DINO-ImageNet,different_shapes,0.7177734375,0.45008301734924316,0.014065094292163849,above_below,1,1,2,1,0,34,1024,False,ends
484,resnext-DINO-ImageNet,split_text,0.6484375,0.4774581789970398,0.014920568093657494,above_below,1,1,2,1,0,34,1024,False,ends
485,resnext-DINO-ImageNet,random_color,0.7607421875,0.4266304075717926,0.013332200236618519,above_below,1,1,2,1,0,34,1024,False,ends
486,resnext-DINO-S,different_shapes,0.6298828125,0.4828358590602875,0.015088620595633984,above_below,1,1,2,1,30,34,1024,False,ends
487,resnext-DINO-S,split_text,0.509765625,0.4999046325683594,0.01562201976776123,above_below,1,1,2,1,30,34,1024,False,ends
488,resnext-DINO-S,random_color,0.509765625,0.4999046325683594,0.01562201976776123,above_below,1,1,2,1,30,34,1024,False,ends
489,resnext-DINO-ImageNet,different_shapes,0.5478515625,0.49770495295524597,0.015553279779851437,above_below,1,1,2,1,30,34,1024,False,ends
490,resnext-DINO-ImageNet,split_text,0.6025390625,0.48937278985977173,0.015292899683117867,above_below,1,1,2,1,30,34,1024,False,ends
491,resnext-DINO-ImageNet,random_color,0.46875,0.4990224838256836,0.015594452619552612,above_below,1,1,2,1,30,34,1024,False,ends
492,resnext-DINO-S,different_shapes,0.6015625,0.48957639932632446,0.01529926247894764,above_below,1,1,2,1,45,34,1024,False,ends
493,resnext-DINO-S,split_text,0.5390625,0.49847179651260376,0.015577243641018867,above_below,1,1,2,1,45,34,1024,False,ends
494,resnext-DINO-S,random_color,0.37890625,0.485114723443985,0.01515983510762453,above_below,1,1,2,1,45,34,1024,False,ends
495,resnext-DINO-ImageNet,different_shapes,0.431640625,0.4953049421310425,0.015478279441595078,above_below,1,1,2,1,45,34,1024,False,ends
496,resnext-DINO-ImageNet,split_text,0.59375,0.49113228917121887,0.01534788403660059,above_below,1,1,2,1,45,34,1024,False,ends
497,resnext-DINO-ImageNet,random_color,0.3525390625,0.4777606725692749,0.01493002101778984,above_below,1,1,2,1,45,34,1024,False,ends
498,resnext-DINO-S,different_shapes,0.4716796875,0.4991973042488098,0.015599915757775307,above_below,1,1,2,1,60,34,1024,False,ends
499,resnext-DINO-S,split_text,0.4287109375,0.4948917627334595,0.015465367585420609,above_below,1,1,2,1,60,34,1024,False,ends
500,resnext-DINO-S,random_color,0.24609375,0.4307337999343872,0.0134604312479496,above_below,1,1,2,1,60,34,1024,False,ends
501,resnext-DINO-ImageNet,different_shapes,0.333984375,0.471634179353714,0.014738568104803562,above_below,1,1,2,1,60,34,1024,False,ends
502,resnext-DINO-ImageNet,split_text,0.5263671875,0.49930429458618164,0.015603259205818176,above_below,1,1,2,1,60,34,1024,False,ends
503,resnext-DINO-ImageNet,random_color,0.138671875,0.3456037938594818,0.010800118558108807,above_below,1,1,2,1,60,34,1024,False,ends
504,resnext-DINO-S,different_shapes,0.2841796875,0.45102283358573914,0.014094463549554348,above_below,1,1,2,1,90,34,1024,False,ends
505,resnext-DINO-S,split_text,0.5947265625,0.49094489216804504,0.015342027880251408,above_below,1,1,2,1,90,34,1024,False,ends
506,resnext-DINO-S,random_color,0.125,0.33071890473365784,0.010334965772926807,above_below,1,1,2,1,90,34,1024,False,ends
507,resnext-DINO-ImageNet,different_shapes,0.103515625,0.30463114380836487,0.009519723244011402,above_below,1,1,2,1,90,34,1024,False,ends
508,resnext-DINO-ImageNet,split_text,0.4375,0.49607837200164795,0.015502449125051498,above_below,1,1,2,1,90,34,1024,False,ends
509,resnext-DINO-ImageNet,random_color,0.0166015625,0.12777304649353027,0.003992907702922821,above_below,1,1,2,1,90,34,1024,False,ends
510,resnext-DINO-S,different_shapes,0.337890625,0.47299107909202576,0.014780971221625805,above_below,1,1,2,1,120,34,1024,False,ends
511,resnext-DINO-S,split_text,0.53125,0.4990224838256836,0.015594452619552612,above_below,1,1,2,1,120,34,1024,False,ends
512,resnext-DINO-S,random_color,0.3212890625,0.4669715166091919,0.014592859894037247,above_below,1,1,2,1,120,34,1024,False,ends
513,resnext-DINO-ImageNet,different_shapes,0.216796875,0.4120630919933319,0.012876971624791622,above_below,1,1,2,1,120,34,1024,False,ends
514,resnext-DINO-ImageNet,split_text,0.517578125,0.4996909201145172,0.015615341253578663,above_below,1,1,2,1,120,34,1024,False,ends
515,resnext-DINO-ImageNet,random_color,0.1181640625,0.32280227541923523,0.010087571106851101,above_below,1,1,2,1,120,34,1024,False,ends
516,resnext-DINO-S,different_shapes,0.4580078125,0.49823352694511414,0.015569797717034817,above_below,1,1,2,1,135,34,1024,False,ends
517,resnext-DINO-S,split_text,0.4482421875,0.497313916683197,0.015541059896349907,above_below,1,1,2,1,135,34,1024,False,ends
518,resnext-DINO-S,random_color,0.3984375,0.48957639932632446,0.01529926247894764,above_below,1,1,2,1,135,34,1024,False,ends
519,resnext-DINO-ImageNet,different_shapes,0.34765625,0.47622618079185486,0.014882068149745464,above_below,1,1,2,1,135,34,1024,False,ends
520,resnext-DINO-ImageNet,split_text,0.64453125,0.4786550998687744,0.0149579718708992,above_below,1,1,2,1,135,34,1024,False,ends
521,resnext-DINO-ImageNet,random_color,0.185546875,0.38874056935310364,0.012148142792284489,above_below,1,1,2,1,135,34,1024,False,ends
522,resnext-DINO-S,different_shapes,0.599609375,0.48997750878334045,0.01531179714947939,above_below,1,1,2,1,150,34,1024,False,ends
523,resnext-DINO-S,split_text,0.599609375,0.48997750878334045,0.01531179714947939,above_below,1,1,2,1,150,34,1024,False,ends
524,resnext-DINO-S,random_color,0.712890625,0.45241305232048035,0.01413790788501501,above_below,1,1,2,1,150,34,1024,False,ends
525,resnext-DINO-ImageNet,different_shapes,0.587890625,0.4922146201133728,0.0153817068785429,above_below,1,1,2,1,150,34,1024,False,ends
526,resnext-DINO-ImageNet,split_text,0.5908203125,0.4916824996471405,0.01536507811397314,above_below,1,1,2,1,150,34,1024,False,ends
527,resnext-DINO-ImageNet,random_color,0.435546875,0.49582839012145996,0.015494637191295624,above_below,1,1,2,1,150,34,1024,False,ends
528,resnext-DINO-S,different_shapes,0.7958984375,0.40304356813430786,0.01259511150419712,above_below,1,1,2,4,0,34,1024,False,ends
529,resnext-DINO-S,split_text,0.81640625,0.3871525228023529,0.012098516337573528,above_below,1,1,2,4,0,34,1024,False,ends
530,resnext-DINO-S,random_color,0.880859375,0.32395389676094055,0.010123559273779392,above_below,1,1,2,4,0,34,1024,False,ends
531,resnext-DINO-ImageNet,different_shapes,0.7412109375,0.43796950578689575,0.013686547055840492,above_below,1,1,2,4,0,34,1024,False,ends
532,resnext-DINO-ImageNet,split_text,0.72265625,0.4476875960826874,0.01399023737758398,above_below,1,1,2,4,0,34,1024,False,ends
533,resnext-DINO-ImageNet,random_color,0.8203125,0.38392695784568787,0.011997717432677746,above_below,1,1,2,4,0,34,1024,False,ends
534,resnext-DINO-S,different_shapes,0.666015625,0.471634179353714,0.014738568104803562,above_below,1,1,2,4,30,34,1024,False,ends
535,resnext-DINO-S,split_text,0.5654296875,0.495700478553772,0.015490639954805374,above_below,1,1,2,4,30,34,1024,False,ends
536,resnext-DINO-S,random_color,0.5732421875,0.49460649490356445,0.01545645296573639,above_below,1,1,2,4,30,34,1024,False,ends
537,resnext-DINO-ImageNet,different_shapes,0.5791015625,0.49370330572128296,0.015428228303790092,above_below,1,1,2,4,30,34,1024,False,ends
538,resnext-DINO-ImageNet,split_text,0.6533203125,0.4759126901626587,0.014872271567583084,above_below,1,1,2,4,30,34,1024,False,ends
539,resnext-DINO-ImageNet,random_color,0.498046875,0.4999961853027344,0.01562488079071045,above_below,1,1,2,4,30,34,1024,False,ends
540,resnext-DINO-S,different_shapes,0.6181640625,0.4858366549015045,0.015182395465672016,above_below,1,1,2,4,45,34,1024,False,ends
541,resnext-DINO-S,split_text,0.6494140625,0.477153480052948,0.014911046251654625,above_below,1,1,2,4,45,34,1024,False,ends
542,resnext-DINO-S,random_color,0.421875,0.49385878443717957,0.015433087013661861,above_below,1,1,2,4,45,34,1024,False,ends
543,resnext-DINO-ImageNet,different_shapes,0.43359375,0.4955706000328064,0.0154865812510252,above_below,1,1,2,4,45,34,1024,False,ends
544,resnext-DINO-ImageNet,split_text,0.623046875,0.4846230149269104,0.01514446921646595,above_below,1,1,2,4,45,34,1024,False,ends
545,resnext-DINO-ImageNet,random_color,0.4111328125,0.4920392632484436,0.015376226976513863,above_below,1,1,2,4,45,34,1024,False,ends
546,resnext-DINO-S,different_shapes,0.486328125,0.499813050031662,0.015619157813489437,above_below,1,1,2,4,60,34,1024,False,ends
547,resnext-DINO-S,split_text,0.5048828125,0.49997615814208984,0.015624254941940308,above_below,1,1,2,4,60,34,1024,False,ends
548,resnext-DINO-S,random_color,0.26953125,0.44371628761291504,0.013866133987903595,above_below,1,1,2,4,60,34,1024,False,ends
549,resnext-DINO-ImageNet,different_shapes,0.3408203125,0.47398504614830017,0.01481203269213438,above_below,1,1,2,4,60,34,1024,False,ends
550,resnext-DINO-ImageNet,split_text,0.5498046875,0.4975133240222931,0.015547291375696659,above_below,1,1,2,4,60,34,1024,False,ends
551,resnext-DINO-ImageNet,random_color,0.123046875,0.3284910023212433,0.010265343822538853,above_below,1,1,2,4,60,34,1024,False,ends
552,resnext-DINO-S,different_shapes,0.314453125,0.46429771184921265,0.014509303495287895,above_below,1,1,2,4,90,34,1024,False,ends
553,resnext-DINO-S,split_text,0.671875,0.4695306122303009,0.014672831632196903,above_below,1,1,2,4,90,34,1024,False,ends
554,resnext-DINO-S,random_color,0.1103515625,0.31332746148109436,0.009791483171284199,above_below,1,1,2,4,90,34,1024,False,ends
555,resnext-DINO-ImageNet,different_shapes,0.1357421875,0.34251460433006287,0.010703581385314465,above_below,1,1,2,4,90,34,1024,False,ends
556,resnext-DINO-ImageNet,split_text,0.4716796875,0.4991973042488098,0.015599915757775307,above_below,1,1,2,4,90,34,1024,False,ends
557,resnext-DINO-ImageNet,random_color,0.0576171875,0.23301813006401062,0.007281816564500332,above_below,1,1,2,4,90,34,1024,False,ends
558,resnext-DINO-S,different_shapes,0.375,0.4841229319572449,0.015128841623663902,above_below,1,1,2,4,120,34,1024,False,ends
559,resnext-DINO-S,split_text,0.59765625,0.4903705418109894,0.015324079431593418,above_below,1,1,2,4,120,34,1024,False,ends
560,resnext-DINO-S,random_color,0.4189453125,0.4933863878250122,0.015418324619531631,above_below,1,1,2,4,120,34,1024,False,ends
561,resnext-DINO-ImageNet,different_shapes,0.20703125,0.40517812967300415,0.01266181655228138,above_below,1,1,2,4,120,34,1024,False,ends
562,resnext-DINO-ImageNet,split_text,0.55859375,0.4965549111366272,0.0155173409730196,above_below,1,1,2,4,120,34,1024,False,ends
563,resnext-DINO-ImageNet,random_color,0.109375,0.3121091425418854,0.009753410704433918,above_below,1,1,2,4,120,34,1024,False,ends
564,resnext-DINO-S,different_shapes,0.494140625,0.4999656677246094,0.015623927116394043,above_below,1,1,2,4,135,34,1024,False,ends
565,resnext-DINO-S,split_text,0.46484375,0.4987625181674957,0.015586328692734241,above_below,1,1,2,4,135,34,1024,False,ends
566,resnext-DINO-S,random_color,0.46484375,0.4987625181674957,0.015586328692734241,above_below,1,1,2,4,135,34,1024,False,ends
567,resnext-DINO-ImageNet,different_shapes,0.3994140625,0.48977798223495483,0.015305561944842339,above_below,1,1,2,4,135,34,1024,False,ends
568,resnext-DINO-ImageNet,split_text,0.666015625,0.471634179353714,0.014738568104803562,above_below,1,1,2,4,135,34,1024,False,ends
569,resnext-DINO-ImageNet,random_color,0.216796875,0.4120630919933319,0.012876971624791622,above_below,1,1,2,4,135,34,1024,False,ends
570,resnext-DINO-S,different_shapes,0.6572265625,0.4746364951133728,0.0148323904722929,above_below,1,1,2,4,150,34,1024,False,ends
571,resnext-DINO-S,split_text,0.6640625,0.4723171591758728,0.014759911224246025,above_below,1,1,2,4,150,34,1024,False,ends
572,resnext-DINO-S,random_color,0.7587890625,0.4278179705142975,0.013369311578571796,above_below,1,1,2,4,150,34,1024,False,ends
573,resnext-DINO-ImageNet,different_shapes,0.6123046875,0.48722442984580994,0.01522576343268156,above_below,1,1,2,4,150,34,1024,False,ends
574,resnext-DINO-ImageNet,split_text,0.623046875,0.4846230149269104,0.01514446921646595,above_below,1,1,2,4,150,34,1024,False,ends
575,resnext-DINO-ImageNet,random_color,0.494140625,0.4999656677246094,0.015623927116394043,above_below,1,1,2,4,150,34,1024,False,ends
576,resnext-DINO-S,different_shapes,0.1220703125,0.32736700773239136,0.01023021899163723,between,1,0,1,1,0,34,1024,False,ends
577,resnext-DINO-S,split_text,0.724609375,0.4467109143733978,0.013959716074168682,between,1,0,1,1,0,34,1024,False,ends
578,resnext-DINO-S,random_color,0.185546875,0.38874056935310364,0.012148142792284489,between,1,0,1,1,0,34,1024,False,ends
579,resnext-DINO-ImageNet,different_shapes,0.5615234375,0.49620044231414795,0.015506263822317123,between,1,0,1,1,0,34,1024,False,ends
580,resnext-DINO-ImageNet,split_text,0.7607421875,0.4266304075717926,0.013332200236618519,between,1,0,1,1,0,34,1024,False,ends
581,resnext-DINO-ImageNet,random_color,0.619140625,0.485598087310791,0.01517494022846222,between,1,0,1,1,0,34,1024,False,ends
582,resnext-DINO-S,different_shapes,0.20703125,0.40517812967300415,0.01266181655228138,between,1,0,1,1,30,34,1024,False,ends
583,resnext-DINO-S,split_text,0.7109375,0.4533270001411438,0.014166468754410744,between,1,0,1,1,30,34,1024,False,ends
584,resnext-DINO-S,random_color,0.134765625,0.3414730727672577,0.010671033523976803,between,1,0,1,1,30,34,1024,False,ends
585,resnext-DINO-ImageNet,different_shapes,0.26953125,0.44371628761291504,0.013866133987903595,between,1,0,1,1,30,34,1024,False,ends
586,resnext-DINO-ImageNet,split_text,0.873046875,0.33292046189308167,0.010403764434158802,between,1,0,1,1,30,34,1024,False,ends
587,resnext-DINO-ImageNet,random_color,0.2333984375,0.42299363017082214,0.013218550942838192,between,1,0,1,1,30,34,1024,False,ends
588,resnext-DINO-S,different_shapes,0.4248046875,0.4943133294582367,0.015447291545569897,between,1,0,1,1,45,34,1024,False,ends
589,resnext-DINO-S,split_text,0.8095703125,0.39264005422592163,0.012270001694560051,between,1,0,1,1,45,34,1024,False,ends
590,resnext-DINO-S,random_color,0.20703125,0.40517812967300415,0.01266181655228138,between,1,0,1,1,45,34,1024,False,ends
591,resnext-DINO-ImageNet,different_shapes,0.1513671875,0.3584064245223999,0.011200200766324997,between,1,0,1,1,45,34,1024,False,ends
592,resnext-DINO-ImageNet,split_text,0.9306640625,0.25402453541755676,0.007938266731798649,between,1,0,1,1,45,34,1024,False,ends
593,resnext-DINO-ImageNet,random_color,0.275390625,0.4467109143733978,0.013959716074168682,between,1,0,1,1,45,34,1024,False,ends
594,resnext-DINO-S,different_shapes,0.16015625,0.36675089597702026,0.011460965499281883,between,1,0,1,1,60,34,1024,False,ends
595,resnext-DINO-S,split_text,0.4169921875,0.4930615723133087,0.015408174134790897,between,1,0,1,1,60,34,1024,False,ends
596,resnext-DINO-S,random_color,0.0400390625,0.19605085253715515,0.0061265891417860985,between,1,0,1,1,60,34,1024,False,ends
597,resnext-DINO-ImageNet,different_shapes,0.015625,0.12401959300041199,0.0038756122812628746,between,1,0,1,1,60,34,1024,False,ends
598,resnext-DINO-ImageNet,split_text,0.732421875,0.44269636273384094,0.01383426133543253,between,1,0,1,1,60,34,1024,False,ends
599,resnext-DINO-ImageNet,random_color,0.0517578125,0.22153767943382263,0.006923052482306957,between,1,0,1,1,60,34,1024,False,ends
600,resnext-DINO-S,different_shapes,0.05078125,0.2195507138967514,0.006860959809273481,between,1,0,1,1,90,34,1024,False,ends
601,resnext-DINO-S,split_text,0.34375,0.4749588668346405,0.014842464588582516,between,1,0,1,1,90,34,1024,False,ends
602,resnext-DINO-S,random_color,0.0009765625,0.0312347374856472,0.000976085546426475,between,1,0,1,1,90,34,1024,False,ends
603,resnext-DINO-ImageNet,different_shapes,0.001953125,0.04415099322795868,0.0013797185383737087,between,1,0,1,1,90,34,1024,False,ends
604,resnext-DINO-ImageNet,split_text,0.4296875,0.495031476020813,0.015469733625650406,between,1,0,1,1,90,34,1024,False,ends
605,resnext-DINO-ImageNet,random_color,0.0,0.0,0.0,between,1,0,1,1,90,34,1024,False,ends
606,resnext-DINO-S,different_shapes,0.09765625,0.2968493103981018,0.009276540949940681,between,1,0,1,1,120,34,1024,False,ends
607,resnext-DINO-S,split_text,0.44140625,0.4965549111366272,0.0155173409730196,between,1,0,1,1,120,34,1024,False,ends
608,resnext-DINO-S,random_color,0.1142578125,0.3181241452693939,0.00994137953966856,between,1,0,1,1,120,34,1024,False,ends
609,resnext-DINO-ImageNet,different_shapes,0.1240234375,0.329608291387558,0.010300259105861187,between,1,0,1,1,120,34,1024,False,ends
610,resnext-DINO-ImageNet,split_text,0.845703125,0.36123308539390564,0.011288533918559551,between,1,0,1,1,120,34,1024,False,ends
611,resnext-DINO-ImageNet,random_color,0.0947265625,0.29283687472343445,0.009151152335107327,between,1,0,1,1,120,34,1024,False,ends
612,resnext-DINO-S,different_shapes,0.3134765625,0.46390625834465027,0.014497070573270321,between,1,0,1,1,135,34,1024,False,ends
613,resnext-DINO-S,split_text,0.75,0.4330126941204071,0.013531646691262722,between,1,0,1,1,135,34,1024,False,ends
614,resnext-DINO-S,random_color,0.173828125,0.37896162271499634,0.011842550709843636,between,1,0,1,1,135,34,1024,False,ends
615,resnext-DINO-ImageNet,different_shapes,0.2177734375,0.4127325713634491,0.012897892855107784,between,1,0,1,1,135,34,1024,False,ends
616,resnext-DINO-ImageNet,split_text,0.8583984375,0.3486410081386566,0.01089503150433302,between,1,0,1,1,135,34,1024,False,ends
617,resnext-DINO-ImageNet,random_color,0.0947265625,0.29283687472343445,0.009151152335107327,between,1,0,1,1,135,34,1024,False,ends
618,resnext-DINO-S,different_shapes,0.3544921875,0.4783591628074646,0.014948723837733269,between,1,0,1,1,150,34,1024,False,ends
619,resnext-DINO-S,split_text,0.7705078125,0.4205062687397003,0.013140820898115635,between,1,0,1,1,150,34,1024,False,ends
620,resnext-DINO-S,random_color,0.2734375,0.4457235038280487,0.013928859494626522,between,1,0,1,1,150,34,1024,False,ends
621,resnext-DINO-ImageNet,different_shapes,0.3115234375,0.4631161689758301,0.01447238028049469,between,1,0,1,1,150,34,1024,False,ends
622,resnext-DINO-ImageNet,split_text,0.72265625,0.4476875960826874,0.01399023737758398,between,1,0,1,1,150,34,1024,False,ends
623,resnext-DINO-ImageNet,random_color,0.33203125,0.4709421396255493,0.014716941863298416,between,1,0,1,1,150,34,1024,False,ends
624,resnext-DINO-S,different_shapes,0.138671875,0.3456037938594818,0.010800118558108807,between,1,0,1,4,0,34,1024,False,ends
625,resnext-DINO-S,split_text,0.6796875,0.4665966033935547,0.014581143856048584,between,1,0,1,4,0,34,1024,False,ends
626,resnext-DINO-S,random_color,0.18359375,0.3871525228023529,0.012098516337573528,between,1,0,1,4,0,34,1024,False,ends
627,resnext-DINO-ImageNet,different_shapes,0.4853515625,0.4997853636741638,0.01561829261481762,between,1,0,1,4,0,34,1024,False,ends
628,resnext-DINO-ImageNet,split_text,0.6962890625,0.45985934138298035,0.014370604418218136,between,1,0,1,4,0,34,1024,False,ends
629,resnext-DINO-ImageNet,random_color,0.5771484375,0.4940122663974762,0.015437883324921131,between,1,0,1,4,0,34,1024,False,ends
630,resnext-DINO-S,different_shapes,0.1552734375,0.3621651530265808,0.01131766103208065,between,1,0,1,4,30,34,1024,False,ends
631,resnext-DINO-S,split_text,0.5751953125,0.4943133294582367,0.015447291545569897,between,1,0,1,4,30,34,1024,False,ends
632,resnext-DINO-S,random_color,0.1044921875,0.305897980928421,0.009559311904013157,between,1,0,1,4,30,34,1024,False,ends
633,resnext-DINO-ImageNet,different_shapes,0.298828125,0.4577443301677704,0.014304510317742825,between,1,0,1,4,30,34,1024,False,ends
634,resnext-DINO-ImageNet,split_text,0.87890625,0.32623618841171265,0.01019488088786602,between,1,0,1,4,30,34,1024,False,ends
635,resnext-DINO-ImageNet,random_color,0.251953125,0.43413448333740234,0.013566702604293823,between,1,0,1,4,30,34,1024,False,ends
636,resnext-DINO-S,different_shapes,0.4453125,0.4970002770423889,0.015531258657574654,between,1,0,1,4,45,34,1024,False,ends
637,resnext-DINO-S,split_text,0.73828125,0.4395703077316284,0.013736572116613388,between,1,0,1,4,45,34,1024,False,ends
638,resnext-DINO-S,random_color,0.1953125,0.3964410722255707,0.012388783507049084,between,1,0,1,4,45,34,1024,False,ends
639,resnext-DINO-ImageNet,different_shapes,0.1806640625,0.38473960757255554,0.01202311273664236,between,1,0,1,4,45,34,1024,False,ends
640,resnext-DINO-ImageNet,split_text,0.94140625,0.2348627746105194,0.0073394617065787315,between,1,0,1,4,45,34,1024,False,ends
641,resnext-DINO-ImageNet,random_color,0.3095703125,0.46231648325920105,0.014447390101850033,between,1,0,1,4,45,34,1024,False,ends
642,resnext-DINO-S,different_shapes,0.107421875,0.30964887142181396,0.009676527231931686,between,1,0,1,4,60,34,1024,False,ends
643,resnext-DINO-S,split_text,0.40625,0.49113228917121887,0.01534788403660059,between,1,0,1,4,60,34,1024,False,ends
644,resnext-DINO-S,random_color,0.01953125,0.13838273286819458,0.004324460402131081,between,1,0,1,4,60,34,1024,False,ends
645,resnext-DINO-ImageNet,different_shapes,0.0029296875,0.05404724180698395,0.0016889763064682484,between,1,0,1,4,60,34,1024,False,ends
646,resnext-DINO-ImageNet,split_text,0.7294921875,0.44422218203544617,0.013881943188607693,between,1,0,1,4,60,34,1024,False,ends
647,resnext-DINO-ImageNet,random_color,0.01953125,0.13838273286819458,0.004324460402131081,between,1,0,1,4,60,34,1024,False,ends
648,resnext-DINO-S,different_shapes,0.01953125,0.13838273286819458,0.004324460402131081,between,1,0,1,4,90,34,1024,False,ends
649,resnext-DINO-S,split_text,0.384765625,0.4865398705005646,0.015204370953142643,between,1,0,1,4,90,34,1024,False,ends
650,resnext-DINO-S,random_color,0.0,0.0,0.0,between,1,0,1,4,90,34,1024,False,ends
651,resnext-DINO-ImageNet,different_shapes,0.001953125,0.04415099322795868,0.0013797185383737087,between,1,0,1,4,90,34,1024,False,ends
652,resnext-DINO-ImageNet,split_text,0.412109375,0.4922146201133728,0.0153817068785429,between,1,0,1,4,90,34,1024,False,ends
653,resnext-DINO-ImageNet,random_color,0.0,0.0,0.0,between,1,0,1,4,90,34,1024,False,ends
654,resnext-DINO-S,different_shapes,0.10546875,0.3071564733982086,0.00959863979369402,between,1,0,1,4,120,34,1024,False,ends
655,resnext-DINO-S,split_text,0.447265625,0.4972113072872162,0.015537853352725506,between,1,0,1,4,120,34,1024,False,ends
656,resnext-DINO-S,random_color,0.1015625,0.30207210779190063,0.009439753368496895,between,1,0,1,4,120,34,1024,False,ends
657,resnext-DINO-ImageNet,different_shapes,0.080078125,0.2714141011238098,0.008481690660119057,between,1,0,1,4,120,34,1024,False,ends
658,resnext-DINO-ImageNet,split_text,0.830078125,0.3755641579627991,0.011736379936337471,between,1,0,1,4,120,34,1024,False,ends
659,resnext-DINO-ImageNet,random_color,0.044921875,0.20713256299495697,0.006472892593592405,between,1,0,1,4,120,34,1024,False,ends
660,resnext-DINO-S,different_shapes,0.2958984375,0.456445574760437,0.014263924211263657,between,1,0,1,4,135,34,1024,False,ends
661,resnext-DINO-S,split_text,0.77734375,0.4160293936729431,0.013000918552279472,between,1,0,1,4,135,34,1024,False,ends
662,resnext-DINO-S,random_color,0.1865234375,0.3895284831523895,0.012172765098512173,between,1,0,1,4,135,34,1024,False,ends
663,resnext-DINO-ImageNet,different_shapes,0.1708984375,0.37642019987106323,0.011763131245970726,between,1,0,1,4,135,34,1024,False,ends
664,resnext-DINO-ImageNet,split_text,0.87109375,0.335096150636673,0.01047175470739603,between,1,0,1,4,135,34,1024,False,ends
665,resnext-DINO-ImageNet,random_color,0.078125,0.2683681845664978,0.008386505767703056,between,1,0,1,4,135,34,1024,False,ends
666,resnext-DINO-S,different_shapes,0.32421875,0.4680822193622589,0.014627569355070591,between,1,0,1,4,150,34,1024,False,ends
667,resnext-DINO-S,split_text,0.7607421875,0.4266304075717926,0.013332200236618519,between,1,0,1,4,150,34,1024,False,ends
668,resnext-DINO-S,random_color,0.203125,0.4023247957229614,0.012572649866342545,between,1,0,1,4,150,34,1024,False,ends
669,resnext-DINO-ImageNet,different_shapes,0.23828125,0.42603203654289246,0.01331350114196539,between,1,0,1,4,150,34,1024,False,ends
670,resnext-DINO-ImageNet,split_text,0.681640625,0.46583977341651917,0.014557492919266224,between,1,0,1,4,150,34,1024,False,ends
671,resnext-DINO-ImageNet,random_color,0.2197265625,0.4140613377094269,0.01293941680341959,between,1,0,1,4,150,34,1024,False,ends
672,resnext-DINO-S,different_shapes,0.201171875,0.4008762240409851,0.012527382001280785,between,1,0,2,1,0,34,1024,False,ends
673,resnext-DINO-S,split_text,0.7119140625,0.45287132263183594,0.014152228832244873,between,1,0,2,1,0,34,1024,False,ends
674,resnext-DINO-S,random_color,0.1845703125,0.387948602437973,0.012123393826186657,between,1,0,2,1,0,34,1024,False,ends
675,resnext-DINO-ImageNet,different_shapes,0.587890625,0.4922146201133728,0.0153817068785429,between,1,0,2,1,0,34,1024,False,ends
676,resnext-DINO-ImageNet,split_text,0.6396484375,0.48010239005088806,0.015003199689090252,between,1,0,2,1,0,34,1024,False,ends
677,resnext-DINO-ImageNet,random_color,0.619140625,0.485598087310791,0.01517494022846222,between,1,0,2,1,0,34,1024,False,ends
678,resnext-DINO-S,different_shapes,0.349609375,0.4768465757369995,0.014901455491781235,between,1,0,2,1,30,34,1024,False,ends
679,resnext-DINO-S,split_text,0.728515625,0.44472530484199524,0.013897665776312351,between,1,0,2,1,30,34,1024,False,ends
680,resnext-DINO-S,random_color,0.169921875,0.3755641579627991,0.011736379936337471,between,1,0,2,1,30,34,1024,False,ends
681,resnext-DINO-ImageNet,different_shapes,0.3935546875,0.4885380268096924,0.015266813337802887,between,1,0,2,1,30,34,1024,False,ends
682,resnext-DINO-ImageNet,split_text,0.775390625,0.41732481122016907,0.013041400350630283,between,1,0,2,1,30,34,1024,False,ends
683,resnext-DINO-ImageNet,random_color,0.2568359375,0.4368881285190582,0.01365275401622057,between,1,0,2,1,30,34,1024,False,ends
684,resnext-DINO-S,different_shapes,0.541015625,0.49831488728523254,0.015572340227663517,between,1,0,2,1,45,34,1024,False,ends
685,resnext-DINO-S,split_text,0.7763671875,0.4166787564754486,0.013021211139857769,between,1,0,2,1,45,34,1024,False,ends
686,resnext-DINO-S,random_color,0.2431640625,0.4289933443069458,0.013406042009592056,between,1,0,2,1,45,34,1024,False,ends
687,resnext-DINO-ImageNet,different_shapes,0.384765625,0.4865398705005646,0.015204370953142643,between,1,0,2,1,45,34,1024,False,ends
688,resnext-DINO-ImageNet,split_text,0.8837890625,0.320477694272995,0.010014927946031094,between,1,0,2,1,45,34,1024,False,ends
689,resnext-DINO-ImageNet,random_color,0.3203125,0.4665966033935547,0.014581143856048584,between,1,0,2,1,45,34,1024,False,ends
690,resnext-DINO-S,different_shapes,0.3271484375,0.4691719710826874,0.01466162409633398,between,1,0,2,1,60,34,1024,False,ends
691,resnext-DINO-S,split_text,0.54296875,0.4981502592563629,0.015567195601761341,between,1,0,2,1,60,34,1024,False,ends
692,resnext-DINO-S,random_color,0.0625,0.24206146597862244,0.007564420811831951,between,1,0,2,1,60,34,1024,False,ends
693,resnext-DINO-ImageNet,different_shapes,0.1083984375,0.31088295578956604,0.009715092368423939,between,1,0,2,1,60,34,1024,False,ends
694,resnext-DINO-ImageNet,split_text,0.732421875,0.44269636273384094,0.01383426133543253,between,1,0,2,1,60,34,1024,False,ends
695,resnext-DINO-ImageNet,random_color,0.08203125,0.2744123339653015,0.008575385436415672,between,1,0,2,1,60,34,1024,False,ends
696,resnext-DINO-S,different_shapes,0.0986328125,0.2981683909893036,0.009317762218415737,between,1,0,2,1,90,34,1024,False,ends
697,resnext-DINO-S,split_text,0.513671875,0.499813050031662,0.015619157813489437,between,1,0,2,1,90,34,1024,False,ends
698,resnext-DINO-S,random_color,0.0068359375,0.08239664882421494,0.0025748952757567167,between,1,0,2,1,90,34,1024,False,ends
699,resnext-DINO-ImageNet,different_shapes,0.0361328125,0.1866205632686615,0.005831892602145672,between,1,0,2,1,90,34,1024,False,ends
700,resnext-DINO-ImageNet,split_text,0.5693359375,0.49516919255256653,0.015474037267267704,between,1,0,2,1,90,34,1024,False,ends
701,resnext-DINO-ImageNet,random_color,0.001953125,0.04415099322795868,0.0013797185383737087,between,1,0,2,1,90,34,1024,False,ends
702,resnext-DINO-S,different_shapes,0.2265625,0.4186071455478668,0.013081473298370838,between,1,0,2,1,120,34,1024,False,ends
703,resnext-DINO-S,split_text,0.5810546875,0.4933863878250122,0.015418324619531631,between,1,0,2,1,120,34,1024,False,ends
704,resnext-DINO-S,random_color,0.142578125,0.3496420979499817,0.010926315560936928,between,1,0,2,1,120,34,1024,False,ends
705,resnext-DINO-ImageNet,different_shapes,0.279296875,0.4486536979675293,0.01402042806148529,between,1,0,2,1,120,34,1024,False,ends
706,resnext-DINO-ImageNet,split_text,0.7919921875,0.40588244795799255,0.012683826498687267,between,1,0,2,1,120,34,1024,False,ends
707,resnext-DINO-ImageNet,random_color,0.1396484375,0.34662190079689026,0.01083193439990282,between,1,0,2,1,120,34,1024,False,ends
708,resnext-DINO-S,different_shapes,0.4580078125,0.49823352694511414,0.015569797717034817,between,1,0,2,1,135,34,1024,False,ends
709,resnext-DINO-S,split_text,0.7734375,0.4186071455478668,0.013081473298370838,between,1,0,2,1,135,34,1024,False,ends
710,resnext-DINO-S,random_color,0.216796875,0.4120630919933319,0.012876971624791622,between,1,0,2,1,135,34,1024,False,ends
711,resnext-DINO-ImageNet,different_shapes,0.3203125,0.4665966033935547,0.014581143856048584,between,1,0,2,1,135,34,1024,False,ends
712,resnext-DINO-ImageNet,split_text,0.7939453125,0.40447020530700684,0.012639693915843964,between,1,0,2,1,135,34,1024,False,ends
713,resnext-DINO-ImageNet,random_color,0.1376953125,0.34457990527153015,0.010768122039735317,between,1,0,2,1,135,34,1024,False,ends
714,resnext-DINO-S,different_shapes,0.525390625,0.49935489892959595,0.015604840591549873,between,1,0,2,1,150,34,1024,False,ends
715,resnext-DINO-S,split_text,0.7744140625,0.41796761751174927,0.013061488047242165,between,1,0,2,1,150,34,1024,False,ends
716,resnext-DINO-S,random_color,0.2734375,0.4457235038280487,0.013928859494626522,between,1,0,2,1,150,34,1024,False,ends
717,resnext-DINO-ImageNet,different_shapes,0.41015625,0.49186187982559204,0.015370683744549751,between,1,0,2,1,150,34,1024,False,ends
718,resnext-DINO-ImageNet,split_text,0.68359375,0.46507346630096436,0.014533545821905136,between,1,0,2,1,150,34,1024,False,ends
719,resnext-DINO-ImageNet,random_color,0.3515625,0.4774581789970398,0.014920568093657494,between,1,0,2,1,150,34,1024,False,ends
720,resnext-DINO-S,different_shapes,0.1953125,0.3964410722255707,0.012388783507049084,between,1,0,2,4,0,34,1024,False,ends
721,resnext-DINO-S,split_text,0.67578125,0.4680822193622589,0.014627569355070591,between,1,0,2,4,0,34,1024,False,ends
722,resnext-DINO-S,random_color,0.22265625,0.4160293936729431,0.013000918552279472,between,1,0,2,4,0,34,1024,False,ends
723,resnext-DINO-ImageNet,different_shapes,0.533203125,0.4988963305950165,0.015590510331094265,between,1,0,2,4,0,34,1024,False,ends
724,resnext-DINO-ImageNet,split_text,0.59375,0.49113228917121887,0.01534788403660059,between,1,0,2,4,0,34,1024,False,ends
725,resnext-DINO-ImageNet,random_color,0.5625,0.49607837200164795,0.015502449125051498,between,1,0,2,4,0,34,1024,False,ends
726,resnext-DINO-S,different_shapes,0.26953125,0.44371628761291504,0.013866133987903595,between,1,0,2,4,30,34,1024,False,ends
727,resnext-DINO-S,split_text,0.6025390625,0.48937278985977173,0.015292899683117867,between,1,0,2,4,30,34,1024,False,ends
728,resnext-DINO-S,random_color,0.1416015625,0.3486410081386566,0.01089503150433302,between,1,0,2,4,30,34,1024,False,ends
729,resnext-DINO-ImageNet,different_shapes,0.33203125,0.4709421396255493,0.014716941863298416,between,1,0,2,4,30,34,1024,False,ends
730,resnext-DINO-ImageNet,split_text,0.7666015625,0.42299363017082214,0.013218550942838192,between,1,0,2,4,30,34,1024,False,ends
731,resnext-DINO-ImageNet,random_color,0.2734375,0.4457235038280487,0.013928859494626522,between,1,0,2,4,30,34,1024,False,ends
732,resnext-DINO-S,different_shapes,0.5361328125,0.49869272112846375,0.015584147535264492,between,1,0,2,4,45,34,1024,False,ends
733,resnext-DINO-S,split_text,0.748046875,0.43413448333740234,0.013566702604293823,between,1,0,2,4,45,34,1024,False,ends
734,resnext-DINO-S,random_color,0.236328125,0.4248260259628296,0.013275813311338425,between,1,0,2,4,45,34,1024,False,ends
735,resnext-DINO-ImageNet,different_shapes,0.3828125,0.4860731363296509,0.01518978551030159,between,1,0,2,4,45,34,1024,False,ends
736,resnext-DINO-ImageNet,split_text,0.861328125,0.3456037938594818,0.010800118558108807,between,1,0,2,4,45,34,1024,False,ends
737,resnext-DINO-ImageNet,random_color,0.3447265625,0.4752790331840515,0.01485246978700161,between,1,0,2,4,45,34,1024,False,ends
738,resnext-DINO-S,different_shapes,0.25,0.4330126941204071,0.013531646691262722,between,1,0,2,4,60,34,1024,False,ends
739,resnext-DINO-S,split_text,0.5390625,0.49847179651260376,0.015577243641018867,between,1,0,2,4,60,34,1024,False,ends
740,resnext-DINO-S,random_color,0.0244140625,0.15433086454868317,0.004822839517146349,between,1,0,2,4,60,34,1024,False,ends
741,resnext-DINO-ImageNet,different_shapes,0.05859375,0.2348627746105194,0.0073394617065787315,between,1,0,2,4,60,34,1024,False,ends
742,resnext-DINO-ImageNet,split_text,0.7138671875,0.4519522488117218,0.014123507775366306,between,1,0,2,4,60,34,1024,False,ends
743,resnext-DINO-ImageNet,random_color,0.0361328125,0.1866205632686615,0.005831892602145672,between,1,0,2,4,60,34,1024,False,ends
744,resnext-DINO-S,different_shapes,0.0830078125,0.27589401602745056,0.00862168800085783,between,1,0,2,4,90,34,1024,False,ends
745,resnext-DINO-S,split_text,0.5693359375,0.49516919255256653,0.015474037267267704,between,1,0,2,4,90,34,1024,False,ends
746,resnext-DINO-S,random_color,0.0029296875,0.05404724180698395,0.0016889763064682484,between,1,0,2,4,90,34,1024,False,ends
747,resnext-DINO-ImageNet,different_shapes,0.044921875,0.20713256299495697,0.006472892593592405,between,1,0,2,4,90,34,1024,False,ends
748,resnext-DINO-ImageNet,split_text,0.56640625,0.4955706000328064,0.0154865812510252,between,1,0,2,4,90,34,1024,False,ends
749,resnext-DINO-ImageNet,random_color,0.0,0.0,0.0,between,1,0,2,4,90,34,1024,False,ends
750,resnext-DINO-S,different_shapes,0.189453125,0.39186814427375793,0.012245879508554935,between,1,0,2,4,120,34,1024,False,ends
751,resnext-DINO-S,split_text,0.560546875,0.49632054567337036,0.015510017052292824,between,1,0,2,4,120,34,1024,False,ends
752,resnext-DINO-S,random_color,0.123046875,0.3284910023212433,0.010265343822538853,between,1,0,2,4,120,34,1024,False,ends
753,resnext-DINO-ImageNet,different_shapes,0.251953125,0.43413448333740234,0.013566702604293823,between,1,0,2,4,120,34,1024,False,ends
754,resnext-DINO-ImageNet,split_text,0.771484375,0.41987645626068115,0.013121139258146286,between,1,0,2,4,120,34,1024,False,ends
755,resnext-DINO-ImageNet,random_color,0.0791015625,0.2698972225189209,0.008434288203716278,between,1,0,2,4,120,34,1024,False,ends
756,resnext-DINO-S,different_shapes,0.5224609375,0.4994952380657196,0.015609226189553738,between,1,0,2,4,135,34,1024,False,ends
757,resnext-DINO-S,split_text,0.7763671875,0.4166787564754486,0.013021211139857769,between,1,0,2,4,135,34,1024,False,ends
758,resnext-DINO-S,random_color,0.21484375,0.41071391105651855,0.012834809720516205,between,1,0,2,4,135,34,1024,False,ends
759,resnext-DINO-ImageNet,different_shapes,0.3603515625,0.48010239005088806,0.015003199689090252,between,1,0,2,4,135,34,1024,False,ends
760,resnext-DINO-ImageNet,split_text,0.8115234375,0.3910922408103943,0.012221632525324821,between,1,0,2,4,135,34,1024,False,ends
761,resnext-DINO-ImageNet,random_color,0.1259765625,0.3318229615688324,0.010369467549026012,between,1,0,2,4,135,34,1024,False,ends
762,resnext-DINO-S,different_shapes,0.48046875,0.49961838126182556,0.015613074414432049,between,1,0,2,4,150,34,1024,False,ends
763,resnext-DINO-S,split_text,0.7646484375,0.4242183566093445,0.013256823644042015,between,1,0,2,4,150,34,1024,False,ends
764,resnext-DINO-S,random_color,0.205078125,0.403758704662323,0.012617459520697594,between,1,0,2,4,150,34,1024,False,ends
765,resnext-DINO-ImageNet,different_shapes,0.3427734375,0.4746364951133728,0.0148323904722929,between,1,0,2,4,150,34,1024,False,ends
766,resnext-DINO-ImageNet,split_text,0.6806640625,0.46621936559677124,0.014569355174899101,between,1,0,2,4,150,34,1024,False,ends
767,resnext-DINO-ImageNet,random_color,0.2822265625,0.45008301734924316,0.014065094292163849,between,1,0,2,4,150,34,1024,False,ends
