,model_name,condition,acc_mean,acc_std,acc_sem,relation,two_reference_objects,adjacent_reference_objects,n_target_types,n_habituation_stimuli,rotate_angle,seed,n_examples,transpose,same_relation_target_distance_ratio,unpooled_output
0,vitb14-DINO-ImageNet,different_shapes,0.951171875,0.2155085653066635,0.006734642665833235,above_below,0,0,1,1,0,34,1024,False,1.1,False
1,vitb14-DINO-ImageNet,split_text,0.82421875,0.3806339502334595,0.011894810944795609,above_below,0,0,1,1,0,34,1024,False,1.1,False
2,vitb14-DINO-ImageNet,random_color,0.8955078125,0.305897980928421,0.009559311904013157,above_below,0,0,1,1,0,34,1024,False,1.1,False
3,vitb14-DINO-ImageNet,different_shapes,0.962890625,0.18902981281280518,0.005907181650400162,above_below,0,0,1,1,30,34,1024,False,1.1,False
4,vitb14-DINO-ImageNet,split_text,0.7099609375,0.4537801146507263,0.014180628582835197,above_below,0,0,1,1,30,34,1024,False,1.1,False
5,vitb14-DINO-ImageNet,random_color,0.9150390625,0.2788235545158386,0.008713236078619957,above_below,0,0,1,1,30,34,1024,False,1.1,False
6,vitb14-DINO-ImageNet,different_shapes,0.81640625,0.3871525228023529,0.012098516337573528,above_below,0,0,1,1,45,34,1024,False,1.1,False
7,vitb14-DINO-ImageNet,split_text,0.6474609375,0.4777606725692749,0.01493002101778984,above_below,0,0,1,1,45,34,1024,False,1.1,False
8,vitb14-DINO-ImageNet,random_color,0.837890625,0.368551105260849,0.011517222039401531,above_below,0,0,1,1,45,34,1024,False,1.1,False
9,vitb14-DINO-ImageNet,different_shapes,0.671875,0.4695306122303009,0.014672831632196903,above_below,0,0,1,1,60,34,1024,False,1.1,False
10,vitb14-DINO-ImageNet,split_text,0.515625,0.4997557997703552,0.0156173687428236,above_below,0,0,1,1,60,34,1024,False,1.1,False
11,vitb14-DINO-ImageNet,random_color,0.6572265625,0.4746364951133728,0.0148323904722929,above_below,0,0,1,1,60,34,1024,False,1.1,False
12,vitb14-DINO-ImageNet,different_shapes,0.400390625,0.48997750878334045,0.01531179714947939,above_below,0,0,1,1,90,34,1024,False,1.1,False
13,vitb14-DINO-ImageNet,split_text,0.4384765625,0.49620044231414795,0.015506263822317123,above_below,0,0,1,1,90,34,1024,False,1.1,False
14,vitb14-DINO-ImageNet,random_color,0.341796875,0.474311888217926,0.014822246506810188,above_below,0,0,1,1,90,34,1024,False,1.1,False
15,vitb14-DINO-ImageNet,different_shapes,0.712890625,0.45241305232048035,0.01413790788501501,above_below,0,0,1,1,120,34,1024,False,1.1,False
16,vitb14-DINO-ImageNet,split_text,0.5244140625,0.49940359592437744,0.015606362372636795,above_below,0,0,1,1,120,34,1024,False,1.1,False
17,vitb14-DINO-ImageNet,random_color,0.693359375,0.461098849773407,0.014409339055418968,above_below,0,0,1,1,120,34,1024,False,1.1,False
18,vitb14-DINO-ImageNet,different_shapes,0.8232421875,0.3814636170864105,0.011920738033950329,above_below,0,0,1,1,135,34,1024,False,1.1,False
19,vitb14-DINO-ImageNet,split_text,0.6640625,0.4723171591758728,0.014759911224246025,above_below,0,0,1,1,135,34,1024,False,1.1,False
20,vitb14-DINO-ImageNet,random_color,0.849609375,0.3574538826942444,0.011170433834195137,above_below,0,0,1,1,135,34,1024,False,1.1,False
21,vitb14-DINO-ImageNet,different_shapes,0.96875,0.17399263381958008,0.0054372698068618774,above_below,0,0,1,1,150,34,1024,False,1.1,False
22,vitb14-DINO-ImageNet,split_text,0.701171875,0.4577443301677704,0.014304510317742825,above_below,0,0,1,1,150,34,1024,False,1.1,False
23,vitb14-DINO-ImageNet,random_color,0.9248046875,0.263706237077713,0.008240819908678532,above_below,0,0,1,1,150,34,1024,False,1.1,False
24,vitb14-DINO-ImageNet,different_shapes,0.9306640625,0.25402453541755676,0.007938266731798649,above_below,0,0,1,4,0,34,1024,False,1.1,False
25,vitb14-DINO-ImageNet,split_text,0.873046875,0.33292046189308167,0.010403764434158802,above_below,0,0,1,4,0,34,1024,False,1.1,False
26,vitb14-DINO-ImageNet,random_color,0.9208984375,0.2698972225189209,0.008434288203716278,above_below,0,0,1,4,0,34,1024,False,1.1,False
27,vitb14-DINO-ImageNet,different_shapes,0.98046875,0.13838273286819458,0.004324460402131081,above_below,0,0,1,4,30,34,1024,False,1.1,False
28,vitb14-DINO-ImageNet,split_text,0.755859375,0.4295765161514282,0.013424266129732132,above_below,0,0,1,4,30,34,1024,False,1.1,False
29,vitb14-DINO-ImageNet,random_color,0.947265625,0.22350271046161652,0.006984459701925516,above_below,0,0,1,4,30,34,1024,False,1.1,False
30,vitb14-DINO-ImageNet,different_shapes,0.87109375,0.335096150636673,0.01047175470739603,above_below,0,0,1,4,45,34,1024,False,1.1,False
31,vitb14-DINO-ImageNet,split_text,0.66796875,0.4709421396255493,0.014716941863298416,above_below,0,0,1,4,45,34,1024,False,1.1,False
32,vitb14-DINO-ImageNet,random_color,0.876953125,0.3284910023212433,0.010265343822538853,above_below,0,0,1,4,45,34,1024,False,1.1,False
33,vitb14-DINO-ImageNet,different_shapes,0.701171875,0.4577443301677704,0.014304510317742825,above_below,0,0,1,4,60,34,1024,False,1.1,False
34,vitb14-DINO-ImageNet,split_text,0.5224609375,0.4994952380657196,0.015609226189553738,above_below,0,0,1,4,60,34,1024,False,1.1,False
35,vitb14-DINO-ImageNet,random_color,0.712890625,0.45241305232048035,0.01413790788501501,above_below,0,0,1,4,60,34,1024,False,1.1,False
36,vitb14-DINO-ImageNet,different_shapes,0.2841796875,0.45102283358573914,0.014094463549554348,above_below,0,0,1,4,90,34,1024,False,1.1,False
37,vitb14-DINO-ImageNet,split_text,0.3994140625,0.48977798223495483,0.015305561944842339,above_below,0,0,1,4,90,34,1024,False,1.1,False
38,vitb14-DINO-ImageNet,random_color,0.2705078125,0.44422218203544617,0.013881943188607693,above_below,0,0,1,4,90,34,1024,False,1.1,False
39,vitb14-DINO-ImageNet,different_shapes,0.720703125,0.4486536979675293,0.01402042806148529,above_below,0,0,1,4,120,34,1024,False,1.1,False
40,vitb14-DINO-ImageNet,split_text,0.556640625,0.49678146839141846,0.015524420887231827,above_below,0,0,1,4,120,34,1024,False,1.1,False
41,vitb14-DINO-ImageNet,random_color,0.7822265625,0.4127325713634491,0.012897892855107784,above_below,0,0,1,4,120,34,1024,False,1.1,False
42,vitb14-DINO-ImageNet,different_shapes,0.8779296875,0.32736700773239136,0.01023021899163723,above_below,0,0,1,4,135,34,1024,False,1.1,False
43,vitb14-DINO-ImageNet,split_text,0.701171875,0.4577443301677704,0.014304510317742825,above_below,0,0,1,4,135,34,1024,False,1.1,False
44,vitb14-DINO-ImageNet,random_color,0.8876953125,0.3157409429550171,0.009866904467344284,above_below,0,0,1,4,135,34,1024,False,1.1,False
45,vitb14-DINO-ImageNet,different_shapes,0.9697265625,0.17133872210979462,0.005354335065931082,above_below,0,0,1,4,150,34,1024,False,1.1,False
46,vitb14-DINO-ImageNet,split_text,0.7724609375,0.4192434251308441,0.013101357035338879,above_below,0,0,1,4,150,34,1024,False,1.1,False
47,vitb14-DINO-ImageNet,random_color,0.947265625,0.22350271046161652,0.006984459701925516,above_below,0,0,1,4,150,34,1024,False,1.1,False
48,vitb14-DINO-ImageNet,different_shapes,0.7783203125,0.4153766930103302,0.012980521656572819,above_below,0,0,2,1,0,34,1024,False,1.1,False
49,vitb14-DINO-ImageNet,split_text,0.62890625,0.48309749364852905,0.015096796676516533,above_below,0,0,2,1,0,34,1024,False,1.1,False
50,vitb14-DINO-ImageNet,random_color,0.8583984375,0.3486410081386566,0.01089503150433302,above_below,0,0,2,1,0,34,1024,False,1.1,False
51,vitb14-DINO-ImageNet,different_shapes,0.775390625,0.41732481122016907,0.013041400350630283,above_below,0,0,2,1,30,34,1024,False,1.1,False
52,vitb14-DINO-ImageNet,split_text,0.6123046875,0.48722442984580994,0.01522576343268156,above_below,0,0,2,1,30,34,1024,False,1.1,False
53,vitb14-DINO-ImageNet,random_color,0.8681640625,0.3383123278617859,0.010572260245680809,above_below,0,0,2,1,30,34,1024,False,1.1,False
54,vitb14-DINO-ImageNet,different_shapes,0.7041015625,0.456445574760437,0.014263924211263657,above_below,0,0,2,1,45,34,1024,False,1.1,False
55,vitb14-DINO-ImageNet,split_text,0.5888671875,0.4920392632484436,0.015376226976513863,above_below,0,0,2,1,45,34,1024,False,1.1,False
56,vitb14-DINO-ImageNet,random_color,0.775390625,0.41732481122016907,0.013041400350630283,above_below,0,0,2,1,45,34,1024,False,1.1,False
57,vitb14-DINO-ImageNet,different_shapes,0.5908203125,0.4916824996471405,0.01536507811397314,above_below,0,0,2,1,60,34,1024,False,1.1,False
58,vitb14-DINO-ImageNet,split_text,0.5,0.5,0.015625,above_below,0,0,2,1,60,34,1024,False,1.1,False
59,vitb14-DINO-ImageNet,random_color,0.6357421875,0.48122143745422363,0.015038169920444489,above_below,0,0,2,1,60,34,1024,False,1.1,False
60,vitb14-DINO-ImageNet,different_shapes,0.353515625,0.4780610203742981,0.014939406886696815,above_below,0,0,2,1,90,34,1024,False,1.1,False
61,vitb14-DINO-ImageNet,split_text,0.45703125,0.4981502592563629,0.015567195601761341,above_below,0,0,2,1,90,34,1024,False,1.1,False
62,vitb14-DINO-ImageNet,random_color,0.36328125,0.4809448719024658,0.015029527246952057,above_below,0,0,2,1,90,34,1024,False,1.1,False
63,vitb14-DINO-ImageNet,different_shapes,0.52734375,0.49925175309181213,0.01560161728411913,above_below,0,0,2,1,120,34,1024,False,1.1,False
64,vitb14-DINO-ImageNet,split_text,0.501953125,0.4999961853027344,0.01562488079071045,above_below,0,0,2,1,120,34,1024,False,1.1,False
65,vitb14-DINO-ImageNet,random_color,0.6513671875,0.4765374958515167,0.014891796745359898,above_below,0,0,2,1,120,34,1024,False,1.1,False
66,vitb14-DINO-ImageNet,different_shapes,0.654296875,0.47559696435928345,0.014862405136227608,above_below,0,0,2,1,135,34,1024,False,1.1,False
67,vitb14-DINO-ImageNet,split_text,0.595703125,0.49075543880462646,0.015336107462644577,above_below,0,0,2,1,135,34,1024,False,1.1,False
68,vitb14-DINO-ImageNet,random_color,0.7890625,0.40797409415245056,0.01274919044226408,above_below,0,0,2,1,135,34,1024,False,1.1,False
69,vitb14-DINO-ImageNet,different_shapes,0.7412109375,0.43796950578689575,0.013686547055840492,above_below,0,0,2,1,150,34,1024,False,1.1,False
70,vitb14-DINO-ImageNet,split_text,0.615234375,0.4865398705005646,0.015204370953142643,above_below,0,0,2,1,150,34,1024,False,1.1,False
71,vitb14-DINO-ImageNet,random_color,0.85546875,0.3516275882720947,0.01098836213350296,above_below,0,0,2,1,150,34,1024,False,1.1,False
72,vitb14-DINO-ImageNet,different_shapes,0.767578125,0.4223765432834625,0.013199266977608204,above_below,0,0,2,4,0,34,1024,False,1.1,False
73,vitb14-DINO-ImageNet,split_text,0.6357421875,0.48122143745422363,0.015038169920444489,above_below,0,0,2,4,0,34,1024,False,1.1,False
74,vitb14-DINO-ImageNet,random_color,0.890625,0.3121091425418854,0.009753410704433918,above_below,0,0,2,4,0,34,1024,False,1.1,False
75,vitb14-DINO-ImageNet,different_shapes,0.748046875,0.43413448333740234,0.013566702604293823,above_below,0,0,2,4,30,34,1024,False,1.1,False
76,vitb14-DINO-ImageNet,split_text,0.6357421875,0.48122143745422363,0.015038169920444489,above_below,0,0,2,4,30,34,1024,False,1.1,False
77,vitb14-DINO-ImageNet,random_color,0.8935546875,0.3084067106246948,0.009637709707021713,above_below,0,0,2,4,30,34,1024,False,1.1,False
78,vitb14-DINO-ImageNet,different_shapes,0.6494140625,0.477153480052948,0.014911046251654625,above_below,0,0,2,4,45,34,1024,False,1.1,False
79,vitb14-DINO-ImageNet,split_text,0.5703125,0.495031476020813,0.015469733625650406,above_below,0,0,2,4,45,34,1024,False,1.1,False
80,vitb14-DINO-ImageNet,random_color,0.796875,0.4023247957229614,0.012572649866342545,above_below,0,0,2,4,45,34,1024,False,1.1,False
81,vitb14-DINO-ImageNet,different_shapes,0.52734375,0.49925175309181213,0.01560161728411913,above_below,0,0,2,4,60,34,1024,False,1.1,False
82,vitb14-DINO-ImageNet,split_text,0.4892578125,0.49988460540771484,0.015621393918991089,above_below,0,0,2,4,60,34,1024,False,1.1,False
83,vitb14-DINO-ImageNet,random_color,0.6484375,0.4774581789970398,0.014920568093657494,above_below,0,0,2,4,60,34,1024,False,1.1,False
84,vitb14-DINO-ImageNet,different_shapes,0.33984375,0.47365596890449524,0.014801749028265476,above_below,0,0,2,4,90,34,1024,False,1.1,False
85,vitb14-DINO-ImageNet,split_text,0.451171875,0.49761009216308594,0.015550315380096436,above_below,0,0,2,4,90,34,1024,False,1.1,False
86,vitb14-DINO-ImageNet,random_color,0.3359375,0.4723171591758728,0.014759911224246025,above_below,0,0,2,4,90,34,1024,False,1.1,False
87,vitb14-DINO-ImageNet,different_shapes,0.5224609375,0.4994952380657196,0.015609226189553738,above_below,0,0,2,4,120,34,1024,False,1.1,False
88,vitb14-DINO-ImageNet,split_text,0.5322265625,0.49896037578582764,0.015592511743307114,above_below,0,0,2,4,120,34,1024,False,1.1,False
89,vitb14-DINO-ImageNet,random_color,0.6953125,0.46027493476867676,0.014383591711521149,above_below,0,0,2,4,120,34,1024,False,1.1,False
90,vitb14-DINO-ImageNet,different_shapes,0.6474609375,0.4777606725692749,0.01493002101778984,above_below,0,0,2,4,135,34,1024,False,1.1,False
91,vitb14-DINO-ImageNet,split_text,0.5654296875,0.495700478553772,0.015490639954805374,above_below,0,0,2,4,135,34,1024,False,1.1,False
92,vitb14-DINO-ImageNet,random_color,0.8076171875,0.39417213201522827,0.012317879125475883,above_below,0,0,2,4,135,34,1024,False,1.1,False
93,vitb14-DINO-ImageNet,different_shapes,0.7587890625,0.4278179705142975,0.013369311578571796,above_below,0,0,2,4,150,34,1024,False,1.1,False
94,vitb14-DINO-ImageNet,split_text,0.611328125,0.487448513507843,0.015232766047120094,above_below,0,0,2,4,150,34,1024,False,1.1,False
95,vitb14-DINO-ImageNet,random_color,0.87109375,0.335096150636673,0.01047175470739603,above_below,0,0,2,4,150,34,1024,False,1.1,False
96,vitb14-DINO-ImageNet,different_shapes,0.9580078125,0.20057129859924316,0.006267853081226349,above_below,1,0,1,1,0,34,1024,False,1.1,False
97,vitb14-DINO-ImageNet,split_text,0.88671875,0.31693628430366516,0.009904258884489536,above_below,1,0,1,1,0,34,1024,False,1.1,False
98,vitb14-DINO-ImageNet,random_color,0.921875,0.2683681845664978,0.008386505767703056,above_below,1,0,1,1,0,34,1024,False,1.1,False
99,vitb14-DINO-ImageNet,different_shapes,0.966796875,0.17916661500930786,0.005598956719040871,above_below,1,0,1,1,30,34,1024,False,1.1,False
100,vitb14-DINO-ImageNet,split_text,0.7890625,0.40797409415245056,0.01274919044226408,above_below,1,0,1,1,30,34,1024,False,1.1,False
101,vitb14-DINO-ImageNet,random_color,0.8955078125,0.305897980928421,0.009559311904013157,above_below,1,0,1,1,30,34,1024,False,1.1,False
102,vitb14-DINO-ImageNet,different_shapes,0.8955078125,0.305897980928421,0.009559311904013157,above_below,1,0,1,1,45,34,1024,False,1.1,False
103,vitb14-DINO-ImageNet,split_text,0.7265625,0.4457235038280487,0.013928859494626522,above_below,1,0,1,1,45,34,1024,False,1.1,False
104,vitb14-DINO-ImageNet,random_color,0.8642578125,0.34251460433006287,0.010703581385314465,above_below,1,0,1,1,45,34,1024,False,1.1,False
105,vitb14-DINO-ImageNet,different_shapes,0.69921875,0.45859774947166443,0.014331179670989513,above_below,1,0,1,1,60,34,1024,False,1.1,False
106,vitb14-DINO-ImageNet,split_text,0.50390625,0.4999847412109375,0.015624523162841797,above_below,1,0,1,1,60,34,1024,False,1.1,False
107,vitb14-DINO-ImageNet,random_color,0.6279296875,0.4833570122718811,0.015104906633496284,above_below,1,0,1,1,60,34,1024,False,1.1,False
108,vitb14-DINO-ImageNet,different_shapes,0.38671875,0.4869983196258545,0.015218697488307953,above_below,1,0,1,1,90,34,1024,False,1.1,False
109,vitb14-DINO-ImageNet,split_text,0.47265625,0.49925175309181213,0.01560161728411913,above_below,1,0,1,1,90,34,1024,False,1.1,False
110,vitb14-DINO-ImageNet,random_color,0.3212890625,0.4669715166091919,0.014592859894037247,above_below,1,0,1,1,90,34,1024,False,1.1,False
111,vitb14-DINO-ImageNet,different_shapes,0.7451171875,0.4357953369617462,0.01361860428005457,above_below,1,0,1,1,120,34,1024,False,1.1,False
112,vitb14-DINO-ImageNet,split_text,0.5263671875,0.49930429458618164,0.015603259205818176,above_below,1,0,1,1,120,34,1024,False,1.1,False
113,vitb14-DINO-ImageNet,random_color,0.6708984375,0.4698869287967682,0.014683966524899006,above_below,1,0,1,1,120,34,1024,False,1.1,False
114,vitb14-DINO-ImageNet,different_shapes,0.9150390625,0.2788235545158386,0.008713236078619957,above_below,1,0,1,1,135,34,1024,False,1.1,False
115,vitb14-DINO-ImageNet,split_text,0.7451171875,0.4357953369617462,0.01361860428005457,above_below,1,0,1,1,135,34,1024,False,1.1,False
116,vitb14-DINO-ImageNet,random_color,0.880859375,0.32395389676094055,0.010123559273779392,above_below,1,0,1,1,135,34,1024,False,1.1,False
117,vitb14-DINO-ImageNet,different_shapes,0.9638671875,0.1866205632686615,0.005831892602145672,above_below,1,0,1,1,150,34,1024,False,1.1,False
118,vitb14-DINO-ImageNet,split_text,0.7822265625,0.4127325713634491,0.012897892855107784,above_below,1,0,1,1,150,34,1024,False,1.1,False
119,vitb14-DINO-ImageNet,random_color,0.904296875,0.2941836714744568,0.009193239733576775,above_below,1,0,1,1,150,34,1024,False,1.1,False
120,vitb14-DINO-ImageNet,different_shapes,0.951171875,0.2155085653066635,0.006734642665833235,above_below,1,0,1,4,0,34,1024,False,1.1,False
121,vitb14-DINO-ImageNet,split_text,0.90234375,0.2968493103981018,0.009276540949940681,above_below,1,0,1,4,0,34,1024,False,1.1,False
122,vitb14-DINO-ImageNet,random_color,0.9150390625,0.2788235545158386,0.008713236078619957,above_below,1,0,1,4,0,34,1024,False,1.1,False
123,vitb14-DINO-ImageNet,different_shapes,0.96875,0.17399263381958008,0.0054372698068618774,above_below,1,0,1,4,30,34,1024,False,1.1,False
124,vitb14-DINO-ImageNet,split_text,0.8388671875,0.36765339970588684,0.011489168740808964,above_below,1,0,1,4,30,34,1024,False,1.1,False
125,vitb14-DINO-ImageNet,random_color,0.947265625,0.22350271046161652,0.006984459701925516,above_below,1,0,1,4,30,34,1024,False,1.1,False
126,vitb14-DINO-ImageNet,different_shapes,0.8916015625,0.31088295578956604,0.009715092368423939,above_below,1,0,1,4,45,34,1024,False,1.1,False
127,vitb14-DINO-ImageNet,split_text,0.716796875,0.450554221868515,0.014079819433391094,above_below,1,0,1,4,45,34,1024,False,1.1,False
128,vitb14-DINO-ImageNet,random_color,0.869140625,0.33724650740623474,0.010538953356444836,above_below,1,0,1,4,45,34,1024,False,1.1,False
129,vitb14-DINO-ImageNet,different_shapes,0.7119140625,0.45287132263183594,0.014152228832244873,above_below,1,0,1,4,60,34,1024,False,1.1,False
130,vitb14-DINO-ImageNet,split_text,0.5341796875,0.4988303780555725,0.015588449314236641,above_below,1,0,1,4,60,34,1024,False,1.1,False
131,vitb14-DINO-ImageNet,random_color,0.6630859375,0.4726552367210388,0.014770476147532463,above_below,1,0,1,4,60,34,1024,False,1.1,False
132,vitb14-DINO-ImageNet,different_shapes,0.2900390625,0.4537801146507263,0.014180628582835197,above_below,1,0,1,4,90,34,1024,False,1.1,False
133,vitb14-DINO-ImageNet,split_text,0.38671875,0.4869983196258545,0.015218697488307953,above_below,1,0,1,4,90,34,1024,False,1.1,False
134,vitb14-DINO-ImageNet,random_color,0.23046875,0.421132892370224,0.0131604028865695,above_below,1,0,1,4,90,34,1024,False,1.1,False
135,vitb14-DINO-ImageNet,different_shapes,0.71875,0.4496092200279236,0.014050288125872612,above_below,1,0,1,4,120,34,1024,False,1.1,False
136,vitb14-DINO-ImageNet,split_text,0.5517578125,0.497313916683197,0.015541059896349907,above_below,1,0,1,4,120,34,1024,False,1.1,False
137,vitb14-DINO-ImageNet,random_color,0.6982421875,0.459020733833313,0.014344397932291031,above_below,1,0,1,4,120,34,1024,False,1.1,False
138,vitb14-DINO-ImageNet,different_shapes,0.896484375,0.30463114380836487,0.009519723244011402,above_below,1,0,1,4,135,34,1024,False,1.1,False
139,vitb14-DINO-ImageNet,split_text,0.73046875,0.44371628761291504,0.013866133987903595,above_below,1,0,1,4,135,34,1024,False,1.1,False
140,vitb14-DINO-ImageNet,random_color,0.853515625,0.3535911440849304,0.011049723252654076,above_below,1,0,1,4,135,34,1024,False,1.1,False
141,vitb14-DINO-ImageNet,different_shapes,0.9638671875,0.1866205632686615,0.005831892602145672,above_below,1,0,1,4,150,34,1024,False,1.1,False
142,vitb14-DINO-ImageNet,split_text,0.8095703125,0.39264005422592163,0.012270001694560051,above_below,1,0,1,4,150,34,1024,False,1.1,False
143,vitb14-DINO-ImageNet,random_color,0.931640625,0.25236159563064575,0.00788629986345768,above_below,1,0,1,4,150,34,1024,False,1.1,False
144,vitb14-DINO-ImageNet,different_shapes,0.8076171875,0.39417213201522827,0.012317879125475883,above_below,1,0,2,1,0,34,1024,False,1.1,False
145,vitb14-DINO-ImageNet,split_text,0.7001953125,0.4581722915172577,0.014317884109914303,above_below,1,0,2,1,0,34,1024,False,1.1,False
146,vitb14-DINO-ImageNet,random_color,0.8583984375,0.3486410081386566,0.01089503150433302,above_below,1,0,2,1,0,34,1024,False,1.1,False
147,vitb14-DINO-ImageNet,different_shapes,0.77734375,0.4160293936729431,0.013000918552279472,above_below,1,0,2,1,30,34,1024,False,1.1,False
148,vitb14-DINO-ImageNet,split_text,0.6494140625,0.477153480052948,0.014911046251654625,above_below,1,0,2,1,30,34,1024,False,1.1,False
149,vitb14-DINO-ImageNet,random_color,0.8115234375,0.3910922408103943,0.012221632525324821,above_below,1,0,2,1,30,34,1024,False,1.1,False
150,vitb14-DINO-ImageNet,different_shapes,0.7099609375,0.4537801146507263,0.014180628582835197,above_below,1,0,2,1,45,34,1024,False,1.1,False
151,vitb14-DINO-ImageNet,split_text,0.5771484375,0.4940122663974762,0.015437883324921131,above_below,1,0,2,1,45,34,1024,False,1.1,False
152,vitb14-DINO-ImageNet,random_color,0.771484375,0.41987645626068115,0.013121139258146286,above_below,1,0,2,1,45,34,1024,False,1.1,False
153,vitb14-DINO-ImageNet,different_shapes,0.5556640625,0.4968918561935425,0.015527870506048203,above_below,1,0,2,1,60,34,1024,False,1.1,False
154,vitb14-DINO-ImageNet,split_text,0.5087890625,0.4999227523803711,0.015622586011886597,above_below,1,0,2,1,60,34,1024,False,1.1,False
155,vitb14-DINO-ImageNet,random_color,0.5888671875,0.4920392632484436,0.015376226976513863,above_below,1,0,2,1,60,34,1024,False,1.1,False
156,vitb14-DINO-ImageNet,different_shapes,0.376953125,0.4846230149269104,0.01514446921646595,above_below,1,0,2,1,90,34,1024,False,1.1,False
157,vitb14-DINO-ImageNet,split_text,0.4736328125,0.49930429458618164,0.015603259205818176,above_below,1,0,2,1,90,34,1024,False,1.1,False
158,vitb14-DINO-ImageNet,random_color,0.357421875,0.4792405366897583,0.014976266771554947,above_below,1,0,2,1,90,34,1024,False,1.1,False
159,vitb14-DINO-ImageNet,different_shapes,0.5625,0.49607837200164795,0.015502449125051498,above_below,1,0,2,1,120,34,1024,False,1.1,False
160,vitb14-DINO-ImageNet,split_text,0.505859375,0.4999656677246094,0.015623927116394043,above_below,1,0,2,1,120,34,1024,False,1.1,False
161,vitb14-DINO-ImageNet,random_color,0.5966796875,0.4905639886856079,0.015330124646425247,above_below,1,0,2,1,120,34,1024,False,1.1,False
162,vitb14-DINO-ImageNet,different_shapes,0.7236328125,0.44720059633255005,0.013975018635392189,above_below,1,0,2,1,135,34,1024,False,1.1,False
163,vitb14-DINO-ImageNet,split_text,0.5986328125,0.4901750385761261,0.01531796995550394,above_below,1,0,2,1,135,34,1024,False,1.1,False
164,vitb14-DINO-ImageNet,random_color,0.8056640625,0.39568862318992615,0.012365269474685192,above_below,1,0,2,1,135,34,1024,False,1.1,False
165,vitb14-DINO-ImageNet,different_shapes,0.7470703125,0.4346909821033478,0.013584093190729618,above_below,1,0,2,1,150,34,1024,False,1.1,False
166,vitb14-DINO-ImageNet,split_text,0.634765625,0.48149582743644714,0.015046744607388973,above_below,1,0,2,1,150,34,1024,False,1.1,False
167,vitb14-DINO-ImageNet,random_color,0.8310546875,0.37470361590385437,0.011709487996995449,above_below,1,0,2,1,150,34,1024,False,1.1,False
168,vitb14-DINO-ImageNet,different_shapes,0.78515625,0.41071391105651855,0.012834809720516205,above_below,1,0,2,4,0,34,1024,False,1.1,False
169,vitb14-DINO-ImageNet,split_text,0.6552734375,0.4752790331840515,0.01485246978700161,above_below,1,0,2,4,0,34,1024,False,1.1,False
170,vitb14-DINO-ImageNet,random_color,0.89453125,0.3071564733982086,0.00959863979369402,above_below,1,0,2,4,0,34,1024,False,1.1,False
171,vitb14-DINO-ImageNet,different_shapes,0.76953125,0.421132892370224,0.0131604028865695,above_below,1,0,2,4,30,34,1024,False,1.1,False
172,vitb14-DINO-ImageNet,split_text,0.6318359375,0.48230621218681335,0.015072069130837917,above_below,1,0,2,4,30,34,1024,False,1.1,False
173,vitb14-DINO-ImageNet,random_color,0.857421875,0.3496420979499817,0.010926315560936928,above_below,1,0,2,4,30,34,1024,False,1.1,False
174,vitb14-DINO-ImageNet,different_shapes,0.6953125,0.46027493476867676,0.014383591711521149,above_below,1,0,2,4,45,34,1024,False,1.1,False
175,vitb14-DINO-ImageNet,split_text,0.5703125,0.495031476020813,0.015469733625650406,above_below,1,0,2,4,45,34,1024,False,1.1,False
176,vitb14-DINO-ImageNet,random_color,0.751953125,0.4318791627883911,0.013496223837137222,above_below,1,0,2,4,45,34,1024,False,1.1,False
177,vitb14-DINO-ImageNet,different_shapes,0.5458984375,0.49788886308670044,0.015559026971459389,above_below,1,0,2,4,60,34,1024,False,1.1,False
178,vitb14-DINO-ImageNet,split_text,0.4970703125,0.49999141693115234,0.01562473177909851,above_below,1,0,2,4,60,34,1024,False,1.1,False
179,vitb14-DINO-ImageNet,random_color,0.5859375,0.49255937337875366,0.015392480418086052,above_below,1,0,2,4,60,34,1024,False,1.1,False
180,vitb14-DINO-ImageNet,different_shapes,0.34765625,0.47622618079185486,0.014882068149745464,above_below,1,0,2,4,90,34,1024,False,1.1,False
181,vitb14-DINO-ImageNet,split_text,0.4130859375,0.4923880100250244,0.015387125313282013,above_below,1,0,2,4,90,34,1024,False,1.1,False
182,vitb14-DINO-ImageNet,random_color,0.3095703125,0.46231648325920105,0.014447390101850033,above_below,1,0,2,4,90,34,1024,False,1.1,False
183,vitb14-DINO-ImageNet,different_shapes,0.5146484375,0.4997853636741638,0.01561829261481762,above_below,1,0,2,4,120,34,1024,False,1.1,False
184,vitb14-DINO-ImageNet,split_text,0.509765625,0.4999046325683594,0.01562201976776123,above_below,1,0,2,4,120,34,1024,False,1.1,False
185,vitb14-DINO-ImageNet,random_color,0.6044921875,0.48895949125289917,0.015279984101653099,above_below,1,0,2,4,120,34,1024,False,1.1,False
186,vitb14-DINO-ImageNet,different_shapes,0.6884765625,0.4631161689758301,0.01447238028049469,above_below,1,0,2,4,135,34,1024,False,1.1,False
187,vitb14-DINO-ImageNet,split_text,0.5849609375,0.4927287697792053,0.015397774055600166,above_below,1,0,2,4,135,34,1024,False,1.1,False
188,vitb14-DINO-ImageNet,random_color,0.7744140625,0.41796761751174927,0.013061488047242165,above_below,1,0,2,4,135,34,1024,False,1.1,False
189,vitb14-DINO-ImageNet,different_shapes,0.70703125,0.45512422919273376,0.01422263216227293,above_below,1,0,2,4,150,34,1024,False,1.1,False
190,vitb14-DINO-ImageNet,split_text,0.6572265625,0.4746364951133728,0.0148323904722929,above_below,1,0,2,4,150,34,1024,False,1.1,False
191,vitb14-DINO-ImageNet,random_color,0.8466796875,0.36029598116874695,0.011259249411523342,above_below,1,0,2,4,150,34,1024,False,1.1,False
192,vitb14-DINO-ImageNet,different_shapes,0.94921875,0.2195507138967514,0.006860959809273481,above_below,1,1,1,1,0,34,1024,False,1.1,False
193,vitb14-DINO-ImageNet,split_text,0.8701171875,0.33617445826530457,0.010505451820790768,above_below,1,1,1,1,0,34,1024,False,1.1,False
194,vitb14-DINO-ImageNet,random_color,0.8984375,0.30207210779190063,0.009439753368496895,above_below,1,1,1,1,0,34,1024,False,1.1,False
195,vitb14-DINO-ImageNet,different_shapes,0.94140625,0.2348627746105194,0.0073394617065787315,above_below,1,1,1,1,30,34,1024,False,1.1,False
196,vitb14-DINO-ImageNet,split_text,0.7998046875,0.4001464247703552,0.0125045757740736,above_below,1,1,1,1,30,34,1024,False,1.1,False
197,vitb14-DINO-ImageNet,random_color,0.9033203125,0.2955211102962494,0.009235034696757793,above_below,1,1,1,1,30,34,1024,False,1.1,False
198,vitb14-DINO-ImageNet,different_shapes,0.8525390625,0.3545648157596588,0.011080150492489338,above_below,1,1,1,1,45,34,1024,False,1.1,False
199,vitb14-DINO-ImageNet,split_text,0.6962890625,0.45985934138298035,0.014370604418218136,above_below,1,1,1,1,45,34,1024,False,1.1,False
200,vitb14-DINO-ImageNet,random_color,0.822265625,0.38228899240493774,0.011946531012654305,above_below,1,1,1,1,45,34,1024,False,1.1,False
201,vitb14-DINO-ImageNet,different_shapes,0.685546875,0.46429771184921265,0.014509303495287895,above_below,1,1,1,1,60,34,1024,False,1.1,False
202,vitb14-DINO-ImageNet,split_text,0.5751953125,0.4943133294582367,0.015447291545569897,above_below,1,1,1,1,60,34,1024,False,1.1,False
203,vitb14-DINO-ImageNet,random_color,0.6572265625,0.4746364951133728,0.0148323904722929,above_below,1,1,1,1,60,34,1024,False,1.1,False
204,vitb14-DINO-ImageNet,different_shapes,0.3955078125,0.48895949125289917,0.015279984101653099,above_below,1,1,1,1,90,34,1024,False,1.1,False
205,vitb14-DINO-ImageNet,split_text,0.4384765625,0.49620044231414795,0.015506263822317123,above_below,1,1,1,1,90,34,1024,False,1.1,False
206,vitb14-DINO-ImageNet,random_color,0.341796875,0.474311888217926,0.014822246506810188,above_below,1,1,1,1,90,34,1024,False,1.1,False
207,vitb14-DINO-ImageNet,different_shapes,0.7314453125,0.443207710981369,0.013850240968167782,above_below,1,1,1,1,120,34,1024,False,1.1,False
208,vitb14-DINO-ImageNet,split_text,0.5810546875,0.4933863878250122,0.015418324619531631,above_below,1,1,1,1,120,34,1024,False,1.1,False
209,vitb14-DINO-ImageNet,random_color,0.7109375,0.4533270001411438,0.014166468754410744,above_below,1,1,1,1,120,34,1024,False,1.1,False
210,vitb14-DINO-ImageNet,different_shapes,0.833984375,0.37209466099739075,0.01162795815616846,above_below,1,1,1,1,135,34,1024,False,1.1,False
211,vitb14-DINO-ImageNet,split_text,0.6689453125,0.4705926775932312,0.014706021174788475,above_below,1,1,1,1,135,34,1024,False,1.1,False
212,vitb14-DINO-ImageNet,random_color,0.8310546875,0.37470361590385437,0.011709487996995449,above_below,1,1,1,1,135,34,1024,False,1.1,False
213,vitb14-DINO-ImageNet,different_shapes,0.9404296875,0.2366890162229538,0.007396531756967306,above_below,1,1,1,1,150,34,1024,False,1.1,False
214,vitb14-DINO-ImageNet,split_text,0.76171875,0.42603203654289246,0.01331350114196539,above_below,1,1,1,1,150,34,1024,False,1.1,False
215,vitb14-DINO-ImageNet,random_color,0.875,0.33071890473365784,0.010334965772926807,above_below,1,1,1,1,150,34,1024,False,1.1,False
216,vitb14-DINO-ImageNet,different_shapes,0.953125,0.21137107908725739,0.006605346221476793,above_below,1,1,1,4,0,34,1024,False,1.1,False
217,vitb14-DINO-ImageNet,split_text,0.919921875,0.2714141011238098,0.008481690660119057,above_below,1,1,1,4,0,34,1024,False,1.1,False
218,vitb14-DINO-ImageNet,random_color,0.9189453125,0.27291908860206604,0.008528721518814564,above_below,1,1,1,4,0,34,1024,False,1.1,False
219,vitb14-DINO-ImageNet,different_shapes,0.966796875,0.17916661500930786,0.005598956719040871,above_below,1,1,1,4,30,34,1024,False,1.1,False
220,vitb14-DINO-ImageNet,split_text,0.845703125,0.36123308539390564,0.011288533918559551,above_below,1,1,1,4,30,34,1024,False,1.1,False
221,vitb14-DINO-ImageNet,random_color,0.931640625,0.25236159563064575,0.00788629986345768,above_below,1,1,1,4,30,34,1024,False,1.1,False
222,vitb14-DINO-ImageNet,different_shapes,0.84375,0.36309218406677246,0.01134663075208664,above_below,1,1,1,4,45,34,1024,False,1.1,False
223,vitb14-DINO-ImageNet,split_text,0.708984375,0.4542306959629059,0.014194709248840809,above_below,1,1,1,4,45,34,1024,False,1.1,False
224,vitb14-DINO-ImageNet,random_color,0.826171875,0.37896162271499634,0.011842550709843636,above_below,1,1,1,4,45,34,1024,False,1.1,False
225,vitb14-DINO-ImageNet,different_shapes,0.68359375,0.46507346630096436,0.014533545821905136,above_below,1,1,1,4,60,34,1024,False,1.1,False
226,vitb14-DINO-ImageNet,split_text,0.560546875,0.49632054567337036,0.015510017052292824,above_below,1,1,1,4,60,34,1024,False,1.1,False
227,vitb14-DINO-ImageNet,random_color,0.685546875,0.46429771184921265,0.014509303495287895,above_below,1,1,1,4,60,34,1024,False,1.1,False
228,vitb14-DINO-ImageNet,different_shapes,0.2421875,0.4284071922302246,0.013387724757194519,above_below,1,1,1,4,90,34,1024,False,1.1,False
229,vitb14-DINO-ImageNet,split_text,0.3642578125,0.48122143745422363,0.015038169920444489,above_below,1,1,1,4,90,34,1024,False,1.1,False
230,vitb14-DINO-ImageNet,random_color,0.2607421875,0.43903952836990356,0.013719985261559486,above_below,1,1,1,4,90,34,1024,False,1.1,False
231,vitb14-DINO-ImageNet,different_shapes,0.744140625,0.43634316325187683,0.013635723851621151,above_below,1,1,1,4,120,34,1024,False,1.1,False
232,vitb14-DINO-ImageNet,split_text,0.587890625,0.4922146201133728,0.0153817068785429,above_below,1,1,1,4,120,34,1024,False,1.1,False
233,vitb14-DINO-ImageNet,random_color,0.7724609375,0.4192434251308441,0.013101357035338879,above_below,1,1,1,4,120,34,1024,False,1.1,False
234,vitb14-DINO-ImageNet,different_shapes,0.8544921875,0.35261210799217224,0.011019128374755383,above_below,1,1,1,4,135,34,1024,False,1.1,False
235,vitb14-DINO-ImageNet,split_text,0.7021484375,0.4573138952255249,0.014291059225797653,above_below,1,1,1,4,135,34,1024,False,1.1,False
236,vitb14-DINO-ImageNet,random_color,0.8408203125,0.3658435642719269,0.011432611383497715,above_below,1,1,1,4,135,34,1024,False,1.1,False
237,vitb14-DINO-ImageNet,different_shapes,0.96484375,0.18417461216449738,0.005755456630140543,above_below,1,1,1,4,150,34,1024,False,1.1,False
238,vitb14-DINO-ImageNet,split_text,0.8291015625,0.37642019987106323,0.011763131245970726,above_below,1,1,1,4,150,34,1024,False,1.1,False
239,vitb14-DINO-ImageNet,random_color,0.9306640625,0.25402453541755676,0.007938266731798649,above_below,1,1,1,4,150,34,1024,False,1.1,False
240,vitb14-DINO-ImageNet,different_shapes,0.8056640625,0.39568862318992615,0.012365269474685192,above_below,1,1,2,1,0,34,1024,False,1.1,False
241,vitb14-DINO-ImageNet,split_text,0.6796875,0.4665966033935547,0.014581143856048584,above_below,1,1,2,1,0,34,1024,False,1.1,False
242,vitb14-DINO-ImageNet,random_color,0.8486328125,0.3584064245223999,0.011200200766324997,above_below,1,1,2,1,0,34,1024,False,1.1,False
243,vitb14-DINO-ImageNet,different_shapes,0.7666015625,0.42299363017082214,0.013218550942838192,above_below,1,1,2,1,30,34,1024,False,1.1,False
244,vitb14-DINO-ImageNet,split_text,0.638671875,0.48038536310195923,0.015012042596936226,above_below,1,1,2,1,30,34,1024,False,1.1,False
245,vitb14-DINO-ImageNet,random_color,0.83984375,0.36675089597702026,0.011460965499281883,above_below,1,1,2,1,30,34,1024,False,1.1,False
246,vitb14-DINO-ImageNet,different_shapes,0.693359375,0.461098849773407,0.014409339055418968,above_below,1,1,2,1,45,34,1024,False,1.1,False
247,vitb14-DINO-ImageNet,split_text,0.58984375,0.49186187982559204,0.015370683744549751,above_below,1,1,2,1,45,34,1024,False,1.1,False
248,vitb14-DINO-ImageNet,random_color,0.767578125,0.4223765432834625,0.013199266977608204,above_below,1,1,2,1,45,34,1024,False,1.1,False
249,vitb14-DINO-ImageNet,different_shapes,0.5751953125,0.4943133294582367,0.015447291545569897,above_below,1,1,2,1,60,34,1024,False,1.1,False
250,vitb14-DINO-ImageNet,split_text,0.5439453125,0.4980650544166565,0.015564532950520515,above_below,1,1,2,1,60,34,1024,False,1.1,False
251,vitb14-DINO-ImageNet,random_color,0.626953125,0.48361441493034363,0.015112950466573238,above_below,1,1,2,1,60,34,1024,False,1.1,False
252,vitb14-DINO-ImageNet,different_shapes,0.38671875,0.4869983196258545,0.015218697488307953,above_below,1,1,2,1,90,34,1024,False,1.1,False
253,vitb14-DINO-ImageNet,split_text,0.4755859375,0.49940359592437744,0.015606362372636795,above_below,1,1,2,1,90,34,1024,False,1.1,False
254,vitb14-DINO-ImageNet,random_color,0.3583984375,0.4795299768447876,0.014985311776399612,above_below,1,1,2,1,90,34,1024,False,1.1,False
255,vitb14-DINO-ImageNet,different_shapes,0.5673828125,0.49543875455856323,0.015482461079955101,above_below,1,1,2,1,120,34,1024,False,1.1,False
256,vitb14-DINO-ImageNet,split_text,0.537109375,0.49862098693847656,0.015581905841827393,above_below,1,1,2,1,120,34,1024,False,1.1,False
257,vitb14-DINO-ImageNet,random_color,0.6318359375,0.48230621218681335,0.015072069130837917,above_below,1,1,2,1,120,34,1024,False,1.1,False
258,vitb14-DINO-ImageNet,different_shapes,0.708984375,0.4542306959629059,0.014194709248840809,above_below,1,1,2,1,135,34,1024,False,1.1,False
259,vitb14-DINO-ImageNet,split_text,0.595703125,0.49075543880462646,0.015336107462644577,above_below,1,1,2,1,135,34,1024,False,1.1,False
260,vitb14-DINO-ImageNet,random_color,0.7734375,0.4186071455478668,0.013081473298370838,above_below,1,1,2,1,135,34,1024,False,1.1,False
261,vitb14-DINO-ImageNet,different_shapes,0.712890625,0.45241305232048035,0.01413790788501501,above_below,1,1,2,1,150,34,1024,False,1.1,False
262,vitb14-DINO-ImageNet,split_text,0.642578125,0.4792405366897583,0.014976266771554947,above_below,1,1,2,1,150,34,1024,False,1.1,False
263,vitb14-DINO-ImageNet,random_color,0.82421875,0.3806339502334595,0.011894810944795609,above_below,1,1,2,1,150,34,1024,False,1.1,False
264,vitb14-DINO-ImageNet,different_shapes,0.7685546875,0.4217562973499298,0.013179884292185307,above_below,1,1,2,4,0,34,1024,False,1.1,False
265,vitb14-DINO-ImageNet,split_text,0.6904296875,0.46231648325920105,0.014447390101850033,above_below,1,1,2,4,0,34,1024,False,1.1,False
266,vitb14-DINO-ImageNet,random_color,0.8740234375,0.3318229615688324,0.010369467549026012,above_below,1,1,2,4,0,34,1024,False,1.1,False
267,vitb14-DINO-ImageNet,different_shapes,0.7392578125,0.43903952836990356,0.013719985261559486,above_below,1,1,2,4,30,34,1024,False,1.1,False
268,vitb14-DINO-ImageNet,split_text,0.6328125,0.4820381999015808,0.0150636937469244,above_below,1,1,2,4,30,34,1024,False,1.1,False
269,vitb14-DINO-ImageNet,random_color,0.865234375,0.3414730727672577,0.010671033523976803,above_below,1,1,2,4,30,34,1024,False,1.1,False
270,vitb14-DINO-ImageNet,different_shapes,0.6455078125,0.4783591628074646,0.014948723837733269,above_below,1,1,2,4,45,34,1024,False,1.1,False
271,vitb14-DINO-ImageNet,split_text,0.5947265625,0.49094489216804504,0.015342027880251408,above_below,1,1,2,4,45,34,1024,False,1.1,False
272,vitb14-DINO-ImageNet,random_color,0.759765625,0.4272257387638092,0.013350804336369038,above_below,1,1,2,4,45,34,1024,False,1.1,False
273,vitb14-DINO-ImageNet,different_shapes,0.501953125,0.4999961853027344,0.01562488079071045,above_below,1,1,2,4,60,34,1024,False,1.1,False
274,vitb14-DINO-ImageNet,split_text,0.5234375,0.4994503855705261,0.015607824549078941,above_below,1,1,2,4,60,34,1024,False,1.1,False
275,vitb14-DINO-ImageNet,random_color,0.615234375,0.4865398705005646,0.015204370953142643,above_below,1,1,2,4,60,34,1024,False,1.1,False
276,vitb14-DINO-ImageNet,different_shapes,0.345703125,0.47559696435928345,0.014862405136227608,above_below,1,1,2,4,90,34,1024,False,1.1,False
277,vitb14-DINO-ImageNet,split_text,0.4375,0.49607837200164795,0.015502449125051498,above_below,1,1,2,4,90,34,1024,False,1.1,False
278,vitb14-DINO-ImageNet,random_color,0.3310546875,0.4705926775932312,0.014706021174788475,above_below,1,1,2,4,90,34,1024,False,1.1,False
279,vitb14-DINO-ImageNet,different_shapes,0.541015625,0.49831488728523254,0.015572340227663517,above_below,1,1,2,4,120,34,1024,False,1.1,False
280,vitb14-DINO-ImageNet,split_text,0.521484375,0.49953821301460266,0.015610569156706333,above_below,1,1,2,4,120,34,1024,False,1.1,False
281,vitb14-DINO-ImageNet,random_color,0.666015625,0.471634179353714,0.014738568104803562,above_below,1,1,2,4,120,34,1024,False,1.1,False
282,vitb14-DINO-ImageNet,different_shapes,0.6591796875,0.47398504614830017,0.01481203269213438,above_below,1,1,2,4,135,34,1024,False,1.1,False
283,vitb14-DINO-ImageNet,split_text,0.60546875,0.48874977231025696,0.01527343038469553,above_below,1,1,2,4,135,34,1024,False,1.1,False
284,vitb14-DINO-ImageNet,random_color,0.767578125,0.4223765432834625,0.013199266977608204,above_below,1,1,2,4,135,34,1024,False,1.1,False
285,vitb14-DINO-ImageNet,different_shapes,0.7236328125,0.44720059633255005,0.013975018635392189,above_below,1,1,2,4,150,34,1024,False,1.1,False
286,vitb14-DINO-ImageNet,split_text,0.65234375,0.47622618079185486,0.014882068149745464,above_below,1,1,2,4,150,34,1024,False,1.1,False
287,vitb14-DINO-ImageNet,random_color,0.8486328125,0.3584064245223999,0.011200200766324997,above_below,1,1,2,4,150,34,1024,False,1.1,False
288,vitb14-DINO-ImageNet,different_shapes,0.7568359375,0.4289933443069458,0.013406042009592056,between,1,0,1,1,0,34,1024,False,1.1,False
289,vitb14-DINO-ImageNet,split_text,0.75,0.4330126941204071,0.013531646691262722,between,1,0,1,1,0,34,1024,False,1.1,False
290,vitb14-DINO-ImageNet,random_color,0.662109375,0.47299107909202576,0.014780971221625805,between,1,0,1,1,0,34,1024,False,1.1,False
291,vitb14-DINO-ImageNet,different_shapes,0.7685546875,0.4217562973499298,0.013179884292185307,between,1,0,1,1,30,34,1024,False,1.1,False
292,vitb14-DINO-ImageNet,split_text,0.6640625,0.4723171591758728,0.014759911224246025,between,1,0,1,1,30,34,1024,False,1.1,False
293,vitb14-DINO-ImageNet,random_color,0.8125,0.3903123736381531,0.012197261676192284,between,1,0,1,1,30,34,1024,False,1.1,False
294,vitb14-DINO-ImageNet,different_shapes,0.703125,0.45688098669052124,0.014277530834078789,between,1,0,1,1,45,34,1024,False,1.1,False
295,vitb14-DINO-ImageNet,split_text,0.6455078125,0.4783591628074646,0.014948723837733269,between,1,0,1,1,45,34,1024,False,1.1,False
296,vitb14-DINO-ImageNet,random_color,0.7451171875,0.4357953369617462,0.01361860428005457,between,1,0,1,1,45,34,1024,False,1.1,False
297,vitb14-DINO-ImageNet,different_shapes,0.4912109375,0.4999227523803711,0.015622586011886597,between,1,0,1,1,60,34,1024,False,1.1,False
298,vitb14-DINO-ImageNet,split_text,0.498046875,0.4999961853027344,0.01562488079071045,between,1,0,1,1,60,34,1024,False,1.1,False
299,vitb14-DINO-ImageNet,random_color,0.5634765625,0.49595436453819275,0.015498573891818523,between,1,0,1,1,60,34,1024,False,1.1,False
300,vitb14-DINO-ImageNet,different_shapes,0.4462890625,0.49710676074028015,0.015534586273133755,between,1,0,1,1,90,34,1024,False,1.1,False
301,vitb14-DINO-ImageNet,split_text,0.4560546875,0.4980650544166565,0.015564532950520515,between,1,0,1,1,90,34,1024,False,1.1,False
302,vitb14-DINO-ImageNet,random_color,0.4111328125,0.4920392632484436,0.015376226976513863,between,1,0,1,1,90,34,1024,False,1.1,False
303,vitb14-DINO-ImageNet,different_shapes,0.470703125,0.4991409480571747,0.015598154626786709,between,1,0,1,1,120,34,1024,False,1.1,False
304,vitb14-DINO-ImageNet,split_text,0.4970703125,0.49999141693115234,0.01562473177909851,between,1,0,1,1,120,34,1024,False,1.1,False
305,vitb14-DINO-ImageNet,random_color,0.591796875,0.4915010929107666,0.015359409153461456,between,1,0,1,1,120,34,1024,False,1.1,False
306,vitb14-DINO-ImageNet,different_shapes,0.6298828125,0.4828358590602875,0.015088620595633984,between,1,0,1,1,135,34,1024,False,1.1,False
307,vitb14-DINO-ImageNet,split_text,0.65234375,0.47622618079185486,0.014882068149745464,between,1,0,1,1,135,34,1024,False,1.1,False
308,vitb14-DINO-ImageNet,random_color,0.689453125,0.46271753311157227,0.014459922909736633,between,1,0,1,1,135,34,1024,False,1.1,False
309,vitb14-DINO-ImageNet,different_shapes,0.7783203125,0.4153766930103302,0.012980521656572819,between,1,0,1,1,150,34,1024,False,1.1,False
310,vitb14-DINO-ImageNet,split_text,0.6748046875,0.4684477746486664,0.014638992957770824,between,1,0,1,1,150,34,1024,False,1.1,False
311,vitb14-DINO-ImageNet,random_color,0.744140625,0.43634316325187683,0.013635723851621151,between,1,0,1,1,150,34,1024,False,1.1,False
312,vitb14-DINO-ImageNet,different_shapes,0.736328125,0.4406234323978424,0.013769482262432575,between,1,0,1,4,0,34,1024,False,1.1,False
313,vitb14-DINO-ImageNet,split_text,0.80859375,0.39340806007385254,0.012294001877307892,between,1,0,1,4,0,34,1024,False,1.1,False
314,vitb14-DINO-ImageNet,random_color,0.703125,0.45688098669052124,0.014277530834078789,between,1,0,1,4,0,34,1024,False,1.1,False
315,vitb14-DINO-ImageNet,different_shapes,0.876953125,0.3284910023212433,0.010265343822538853,between,1,0,1,4,30,34,1024,False,1.1,False
316,vitb14-DINO-ImageNet,split_text,0.7275390625,0.4452257454395294,0.013913304544985294,between,1,0,1,4,30,34,1024,False,1.1,False
317,vitb14-DINO-ImageNet,random_color,0.8701171875,0.33617445826530457,0.010505451820790768,between,1,0,1,4,30,34,1024,False,1.1,False
318,vitb14-DINO-ImageNet,different_shapes,0.7216796875,0.4481719732284546,0.014005374163389206,between,1,0,1,4,45,34,1024,False,1.1,False
319,vitb14-DINO-ImageNet,split_text,0.66796875,0.4709421396255493,0.014716941863298416,between,1,0,1,4,45,34,1024,False,1.1,False
320,vitb14-DINO-ImageNet,random_color,0.77734375,0.4160293936729431,0.013000918552279472,between,1,0,1,4,45,34,1024,False,1.1,False
321,vitb14-DINO-ImageNet,different_shapes,0.552734375,0.4972113072872162,0.015537853352725506,between,1,0,1,4,60,34,1024,False,1.1,False
322,vitb14-DINO-ImageNet,split_text,0.58203125,0.49322497844696045,0.015413280576467514,between,1,0,1,4,60,34,1024,False,1.1,False
323,vitb14-DINO-ImageNet,random_color,0.6787109375,0.4669715166091919,0.014592859894037247,between,1,0,1,4,60,34,1024,False,1.1,False
324,vitb14-DINO-ImageNet,different_shapes,0.3427734375,0.4746364951133728,0.0148323904722929,between,1,0,1,4,90,34,1024,False,1.1,False
325,vitb14-DINO-ImageNet,split_text,0.451171875,0.49761009216308594,0.015550315380096436,between,1,0,1,4,90,34,1024,False,1.1,False
326,vitb14-DINO-ImageNet,random_color,0.3916015625,0.488108366727829,0.015253386460244656,between,1,0,1,4,90,34,1024,False,1.1,False
327,vitb14-DINO-ImageNet,different_shapes,0.5556640625,0.4968918561935425,0.015527870506048203,between,1,0,1,4,120,34,1024,False,1.1,False
328,vitb14-DINO-ImageNet,split_text,0.5546875,0.4970002770423889,0.015531258657574654,between,1,0,1,4,120,34,1024,False,1.1,False
329,vitb14-DINO-ImageNet,random_color,0.673828125,0.46881103515625,0.014650344848632812,between,1,0,1,4,120,34,1024,False,1.1,False
330,vitb14-DINO-ImageNet,different_shapes,0.689453125,0.46271753311157227,0.014459922909736633,between,1,0,1,4,135,34,1024,False,1.1,False
331,vitb14-DINO-ImageNet,split_text,0.67578125,0.4680822193622589,0.014627569355070591,between,1,0,1,4,135,34,1024,False,1.1,False
332,vitb14-DINO-ImageNet,random_color,0.7568359375,0.4289933443069458,0.013406042009592056,between,1,0,1,4,135,34,1024,False,1.1,False
333,vitb14-DINO-ImageNet,different_shapes,0.8828125,0.32164356112480164,0.010051361285150051,between,1,0,1,4,150,34,1024,False,1.1,False
334,vitb14-DINO-ImageNet,split_text,0.7548828125,0.4301566481590271,0.013442395254969597,between,1,0,1,4,150,34,1024,False,1.1,False
335,vitb14-DINO-ImageNet,random_color,0.8427734375,0.36401423811912537,0.011375444941222668,between,1,0,1,4,150,34,1024,False,1.1,False
336,vitb14-DINO-ImageNet,different_shapes,0.5263671875,0.49930429458618164,0.015603259205818176,between,1,0,2,1,0,34,1024,False,1.1,False
337,vitb14-DINO-ImageNet,split_text,0.609375,0.48789048194885254,0.015246577560901642,between,1,0,2,1,0,34,1024,False,1.1,False
338,vitb14-DINO-ImageNet,random_color,0.55859375,0.4965549111366272,0.0155173409730196,between,1,0,2,1,0,34,1024,False,1.1,False
339,vitb14-DINO-ImageNet,different_shapes,0.6201171875,0.48535746335983276,0.015167420729994774,between,1,0,2,1,30,34,1024,False,1.1,False
340,vitb14-DINO-ImageNet,split_text,0.5849609375,0.4927287697792053,0.015397774055600166,between,1,0,2,1,30,34,1024,False,1.1,False
341,vitb14-DINO-ImageNet,random_color,0.6845703125,0.464686781167984,0.0145214619114995,between,1,0,2,1,30,34,1024,False,1.1,False
342,vitb14-DINO-ImageNet,different_shapes,0.5576171875,0.4966691732406616,0.015520911663770676,between,1,0,2,1,45,34,1024,False,1.1,False
343,vitb14-DINO-ImageNet,split_text,0.556640625,0.49678146839141846,0.015524420887231827,between,1,0,2,1,45,34,1024,False,1.1,False
344,vitb14-DINO-ImageNet,random_color,0.603515625,0.48916715383529663,0.01528647355735302,between,1,0,2,1,45,34,1024,False,1.1,False
345,vitb14-DINO-ImageNet,different_shapes,0.4599609375,0.49839428067207336,0.015574821271002293,between,1,0,2,1,60,34,1024,False,1.1,False
346,vitb14-DINO-ImageNet,split_text,0.5087890625,0.4999227523803711,0.015622586011886597,between,1,0,2,1,60,34,1024,False,1.1,False
347,vitb14-DINO-ImageNet,random_color,0.501953125,0.4999961853027344,0.01562488079071045,between,1,0,2,1,60,34,1024,False,1.1,False
348,vitb14-DINO-ImageNet,different_shapes,0.32421875,0.4680822193622589,0.014627569355070591,between,1,0,2,1,90,34,1024,False,1.1,False
349,vitb14-DINO-ImageNet,split_text,0.4462890625,0.49710676074028015,0.015534586273133755,between,1,0,2,1,90,34,1024,False,1.1,False
350,vitb14-DINO-ImageNet,random_color,0.3759765625,0.4843740165233612,0.015136688016355038,between,1,0,2,1,90,34,1024,False,1.1,False
351,vitb14-DINO-ImageNet,different_shapes,0.4619140625,0.49854734539985657,0.015579604543745518,between,1,0,2,1,120,34,1024,False,1.1,False
352,vitb14-DINO-ImageNet,split_text,0.4873046875,0.49983879923820496,0.015619962476193905,between,1,0,2,1,120,34,1024,False,1.1,False
353,vitb14-DINO-ImageNet,random_color,0.505859375,0.4999656677246094,0.015623927116394043,between,1,0,2,1,120,34,1024,False,1.1,False
354,vitb14-DINO-ImageNet,different_shapes,0.517578125,0.4996909201145172,0.015615341253578663,between,1,0,2,1,135,34,1024,False,1.1,False
355,vitb14-DINO-ImageNet,split_text,0.5478515625,0.49770495295524597,0.015553279779851437,between,1,0,2,1,135,34,1024,False,1.1,False
356,vitb14-DINO-ImageNet,random_color,0.638671875,0.48038536310195923,0.015012042596936226,between,1,0,2,1,135,34,1024,False,1.1,False
357,vitb14-DINO-ImageNet,different_shapes,0.5791015625,0.49370330572128296,0.015428228303790092,between,1,0,2,1,150,34,1024,False,1.1,False
358,vitb14-DINO-ImageNet,split_text,0.615234375,0.4865398705005646,0.015204370953142643,between,1,0,2,1,150,34,1024,False,1.1,False
359,vitb14-DINO-ImageNet,random_color,0.6640625,0.4723171591758728,0.014759911224246025,between,1,0,2,1,150,34,1024,False,1.1,False
360,vitb14-DINO-ImageNet,different_shapes,0.52734375,0.49925175309181213,0.01560161728411913,between,1,0,2,4,0,34,1024,False,1.1,False
361,vitb14-DINO-ImageNet,split_text,0.6083984375,0.488108366727829,0.015253386460244656,between,1,0,2,4,0,34,1024,False,1.1,False
362,vitb14-DINO-ImageNet,random_color,0.5947265625,0.49094489216804504,0.015342027880251408,between,1,0,2,4,0,34,1024,False,1.1,False
363,vitb14-DINO-ImageNet,different_shapes,0.6533203125,0.4759126901626587,0.014872271567583084,between,1,0,2,4,30,34,1024,False,1.1,False
364,vitb14-DINO-ImageNet,split_text,0.607421875,0.48832422494888306,0.015260132029652596,between,1,0,2,4,30,34,1024,False,1.1,False
365,vitb14-DINO-ImageNet,random_color,0.7333984375,0.4421822726726532,0.013818196021020412,between,1,0,2,4,30,34,1024,False,1.1,False
366,vitb14-DINO-ImageNet,different_shapes,0.5244140625,0.49940359592437744,0.015606362372636795,between,1,0,2,4,45,34,1024,False,1.1,False
367,vitb14-DINO-ImageNet,split_text,0.556640625,0.49678146839141846,0.015524420887231827,between,1,0,2,4,45,34,1024,False,1.1,False
368,vitb14-DINO-ImageNet,random_color,0.6220703125,0.48486992716789246,0.01515218522399664,between,1,0,2,4,45,34,1024,False,1.1,False
369,vitb14-DINO-ImageNet,different_shapes,0.4423828125,0.4966691732406616,0.015520911663770676,between,1,0,2,4,60,34,1024,False,1.1,False
370,vitb14-DINO-ImageNet,split_text,0.494140625,0.4999656677246094,0.015623927116394043,between,1,0,2,4,60,34,1024,False,1.1,False
371,vitb14-DINO-ImageNet,random_color,0.517578125,0.4996909201145172,0.015615341253578663,between,1,0,2,4,60,34,1024,False,1.1,False
372,vitb14-DINO-ImageNet,different_shapes,0.3271484375,0.4691719710826874,0.01466162409633398,between,1,0,2,4,90,34,1024,False,1.1,False
373,vitb14-DINO-ImageNet,split_text,0.4482421875,0.497313916683197,0.015541059896349907,between,1,0,2,4,90,34,1024,False,1.1,False
374,vitb14-DINO-ImageNet,random_color,0.36328125,0.4809448719024658,0.015029527246952057,between,1,0,2,4,90,34,1024,False,1.1,False
375,vitb14-DINO-ImageNet,different_shapes,0.4794921875,0.4995792508125305,0.015611851587891579,between,1,0,2,4,120,34,1024,False,1.1,False
376,vitb14-DINO-ImageNet,split_text,0.490234375,0.4999046325683594,0.01562201976776123,between,1,0,2,4,120,34,1024,False,1.1,False
377,vitb14-DINO-ImageNet,random_color,0.51171875,0.4998626410961151,0.015620707534253597,between,1,0,2,4,120,34,1024,False,1.1,False
378,vitb14-DINO-ImageNet,different_shapes,0.4912109375,0.4999227523803711,0.015622586011886597,between,1,0,2,4,135,34,1024,False,1.1,False
379,vitb14-DINO-ImageNet,split_text,0.505859375,0.4999656677246094,0.015623927116394043,between,1,0,2,4,135,34,1024,False,1.1,False
380,vitb14-DINO-ImageNet,random_color,0.6220703125,0.48486992716789246,0.01515218522399664,between,1,0,2,4,135,34,1024,False,1.1,False
381,vitb14-DINO-ImageNet,different_shapes,0.591796875,0.4915010929107666,0.015359409153461456,between,1,0,2,4,150,34,1024,False,1.1,False
382,vitb14-DINO-ImageNet,split_text,0.5927734375,0.4913177192211151,0.015353678725659847,between,1,0,2,4,150,34,1024,False,1.1,False
383,vitb14-DINO-ImageNet,random_color,0.6875,0.4635123908519745,0.014484762214124203,between,1,0,2,4,150,34,1024,False,1.1,False
