,model_name,condition,acc_mean,acc_std,acc_sem,relation,two_reference_objects,adjacent_reference_objects,n_target_types,n_habituation_stimuli,rotate_angle,seed,n_examples,transpose
0,resnext-saycam(S)-v,different_shapes,0.9677734375,0.17660127580165863,0.005518789868801832,above_below,0,0,1,1,0,34,1024,True
1,resnext-saycam(S)-v,split_text,0.9814453125,0.13494595885276794,0.004217061214148998,above_below,0,0,1,1,0,34,1024,True
2,resnext-saycam(S)-v,random_color,0.9541015625,0.2092648297548294,0.006539525929838419,above_below,0,0,1,1,0,34,1024,True
3,resnext-saycam(S)-v,different_shapes,0.861328125,0.3456037938594818,0.010800118558108807,above_below,0,0,1,1,30,34,1024,True
4,resnext-saycam(S)-v,split_text,0.8505859375,0.3564961552619934,0.011140504851937294,above_below,0,0,1,1,30,34,1024,True
5,resnext-saycam(S)-v,random_color,0.8251953125,0.3797999620437622,0.011868748813867569,above_below,0,0,1,1,30,34,1024,True
6,resnext-saycam(S)-v,different_shapes,0.798828125,0.4008762240409851,0.012527382001280785,above_below,0,0,1,1,45,34,1024,True
7,resnext-saycam(S)-v,split_text,0.859375,0.34763431549072266,0.010863572359085083,above_below,0,0,1,1,45,34,1024,True
8,resnext-saycam(S)-v,random_color,0.7197265625,0.4491327702999115,0.014035399071872234,above_below,0,0,1,1,45,34,1024,True
9,resnext-saycam(S)-v,different_shapes,0.76171875,0.42603203654289246,0.01331350114196539,above_below,0,0,1,1,60,34,1024,True
10,resnext-saycam(S)-v,split_text,0.82421875,0.3806339502334595,0.011894810944795609,above_below,0,0,1,1,60,34,1024,True
11,resnext-saycam(S)-v,random_color,0.658203125,0.474311888217926,0.014822246506810188,above_below,0,0,1,1,60,34,1024,True
12,resnext-saycam(S)-v,different_shapes,0.4462890625,0.49710676074028015,0.015534586273133755,above_below,0,0,1,1,90,34,1024,True
13,resnext-saycam(S)-v,split_text,0.505859375,0.4999656677246094,0.015623927116394043,above_below,0,0,1,1,90,34,1024,True
14,resnext-saycam(S)-v,random_color,0.44140625,0.4965549111366272,0.0155173409730196,above_below,0,0,1,1,90,34,1024,True
15,resnext-saycam(S)-v,different_shapes,0.7275390625,0.4452257454395294,0.013913304544985294,above_below,0,0,1,1,120,34,1024,True
16,resnext-saycam(S)-v,split_text,0.8056640625,0.39568862318992615,0.012365269474685192,above_below,0,0,1,1,120,34,1024,True
17,resnext-saycam(S)-v,random_color,0.7255859375,0.4462185502052307,0.01394432969391346,above_below,0,0,1,1,120,34,1024,True
18,resnext-saycam(S)-v,different_shapes,0.826171875,0.37896162271499634,0.011842550709843636,above_below,0,0,1,1,135,34,1024,True
19,resnext-saycam(S)-v,split_text,0.90625,0.2914806008338928,0.00910876877605915,above_below,0,0,1,1,135,34,1024,True
20,resnext-saycam(S)-v,random_color,0.775390625,0.41732481122016907,0.013041400350630283,above_below,0,0,1,1,135,34,1024,True
21,resnext-saycam(S)-v,different_shapes,0.802734375,0.39793452620506287,0.012435453943908215,above_below,0,0,1,1,150,34,1024,True
22,resnext-saycam(S)-v,split_text,0.9208984375,0.2698972225189209,0.008434288203716278,above_below,0,0,1,1,150,34,1024,True
23,resnext-saycam(S)-v,random_color,0.80859375,0.39340806007385254,0.012294001877307892,above_below,0,0,1,1,150,34,1024,True
24,resnext-saycam(S)-v,different_shapes,0.974609375,0.157308429479599,0.004915888421237469,above_below,0,0,1,4,0,34,1024,True
25,resnext-saycam(S)-v,split_text,0.986328125,0.11612474173307419,0.0036288981791585684,above_below,0,0,1,4,0,34,1024,True
26,resnext-saycam(S)-v,random_color,0.9541015625,0.2092648297548294,0.006539525929838419,above_below,0,0,1,4,0,34,1024,True
27,resnext-saycam(S)-v,different_shapes,0.8623046875,0.34457990527153015,0.010768122039735317,above_below,0,0,1,4,30,34,1024,True
28,resnext-saycam(S)-v,split_text,0.8740234375,0.3318229615688324,0.010369467549026012,above_below,0,0,1,4,30,34,1024,True
29,resnext-saycam(S)-v,random_color,0.845703125,0.36123308539390564,0.011288533918559551,above_below,0,0,1,4,30,34,1024,True
30,resnext-saycam(S)-v,different_shapes,0.7841796875,0.4113902151584625,0.012855944223701954,above_below,0,0,1,4,45,34,1024,True
31,resnext-saycam(S)-v,split_text,0.8583984375,0.3486410081386566,0.01089503150433302,above_below,0,0,1,4,45,34,1024,True
32,resnext-saycam(S)-v,random_color,0.7333984375,0.4421822726726532,0.013818196021020412,above_below,0,0,1,4,45,34,1024,True
33,resnext-saycam(S)-v,different_shapes,0.7666015625,0.42299363017082214,0.013218550942838192,above_below,0,0,1,4,60,34,1024,True
34,resnext-saycam(S)-v,split_text,0.8251953125,0.3797999620437622,0.011868748813867569,above_below,0,0,1,4,60,34,1024,True
35,resnext-saycam(S)-v,random_color,0.650390625,0.4768465757369995,0.014901455491781235,above_below,0,0,1,4,60,34,1024,True
36,resnext-saycam(S)-v,different_shapes,0.43359375,0.4955706000328064,0.0154865812510252,above_below,0,0,1,4,90,34,1024,True
37,resnext-saycam(S)-v,split_text,0.4501953125,0.4975133240222931,0.015547291375696659,above_below,0,0,1,4,90,34,1024,True
38,resnext-saycam(S)-v,random_color,0.3759765625,0.4843740165233612,0.015136688016355038,above_below,0,0,1,4,90,34,1024,True
39,resnext-saycam(S)-v,different_shapes,0.7421875,0.4374302327632904,0.013669694773852825,above_below,0,0,1,4,120,34,1024,True
40,resnext-saycam(S)-v,split_text,0.8076171875,0.39417213201522827,0.012317879125475883,above_below,0,0,1,4,120,34,1024,True
41,resnext-saycam(S)-v,random_color,0.7470703125,0.4346909821033478,0.013584093190729618,above_below,0,0,1,4,120,34,1024,True
42,resnext-saycam(S)-v,different_shapes,0.837890625,0.368551105260849,0.011517222039401531,above_below,0,0,1,4,135,34,1024,True
43,resnext-saycam(S)-v,split_text,0.8974609375,0.3033559024333954,0.009479871951043606,above_below,0,0,1,4,135,34,1024,True
44,resnext-saycam(S)-v,random_color,0.787109375,0.4093509614467621,0.012792217545211315,above_below,0,0,1,4,135,34,1024,True
45,resnext-saycam(S)-v,different_shapes,0.822265625,0.38228899240493774,0.011946531012654305,above_below,0,0,1,4,150,34,1024,True
46,resnext-saycam(S)-v,split_text,0.9306640625,0.25402453541755676,0.007938266731798649,above_below,0,0,1,4,150,34,1024,True
47,resnext-saycam(S)-v,random_color,0.8046875,0.3964410722255707,0.012388783507049084,above_below,0,0,1,4,150,34,1024,True
48,resnext-saycam(S)-v,different_shapes,0.955078125,0.20713256299495697,0.006472892593592405,above_below,0,0,2,1,0,34,1024,True
49,resnext-saycam(S)-v,split_text,0.935546875,0.24555838108062744,0.0076736994087696075,above_below,0,0,2,1,0,34,1024,True
50,resnext-saycam(S)-v,random_color,0.93359375,0.24899087846279144,0.007780964951962233,above_below,0,0,2,1,0,34,1024,True
51,resnext-saycam(S)-v,different_shapes,0.80859375,0.39340806007385254,0.012294001877307892,above_below,0,0,2,1,30,34,1024,True
52,resnext-saycam(S)-v,split_text,0.7373046875,0.44009825587272644,0.013753070496022701,above_below,0,0,2,1,30,34,1024,True
53,resnext-saycam(S)-v,random_color,0.7734375,0.4186071455478668,0.013081473298370838,above_below,0,0,2,1,30,34,1024,True
54,resnext-saycam(S)-v,different_shapes,0.763671875,0.4248260259628296,0.013275813311338425,above_below,0,0,2,1,45,34,1024,True
55,resnext-saycam(S)-v,split_text,0.7353515625,0.4411458373069763,0.01378580741584301,above_below,0,0,2,1,45,34,1024,True
56,resnext-saycam(S)-v,random_color,0.7177734375,0.45008301734924316,0.014065094292163849,above_below,0,0,2,1,45,34,1024,True
57,resnext-saycam(S)-v,different_shapes,0.7412109375,0.43796950578689575,0.013686547055840492,above_below,0,0,2,1,60,34,1024,True
58,resnext-saycam(S)-v,split_text,0.72265625,0.4476875960826874,0.01399023737758398,above_below,0,0,2,1,60,34,1024,True
59,resnext-saycam(S)-v,random_color,0.6318359375,0.48230621218681335,0.015072069130837917,above_below,0,0,2,1,60,34,1024,True
60,resnext-saycam(S)-v,different_shapes,0.4638671875,0.49869272112846375,0.015584147535264492,above_below,0,0,2,1,90,34,1024,True
61,resnext-saycam(S)-v,split_text,0.490234375,0.4999046325683594,0.01562201976776123,above_below,0,0,2,1,90,34,1024,True
62,resnext-saycam(S)-v,random_color,0.4248046875,0.4943133294582367,0.015447291545569897,above_below,0,0,2,1,90,34,1024,True
63,resnext-saycam(S)-v,different_shapes,0.6982421875,0.459020733833313,0.014344397932291031,above_below,0,0,2,1,120,34,1024,True
64,resnext-saycam(S)-v,split_text,0.71484375,0.45148882269859314,0.014109025709331036,above_below,0,0,2,1,120,34,1024,True
65,resnext-saycam(S)-v,random_color,0.7177734375,0.45008301734924316,0.014065094292163849,above_below,0,0,2,1,120,34,1024,True
66,resnext-saycam(S)-v,different_shapes,0.7841796875,0.4113902151584625,0.012855944223701954,above_below,0,0,2,1,135,34,1024,True
67,resnext-saycam(S)-v,split_text,0.7939453125,0.40447020530700684,0.012639693915843964,above_below,0,0,2,1,135,34,1024,True
68,resnext-saycam(S)-v,random_color,0.7470703125,0.4346909821033478,0.013584093190729618,above_below,0,0,2,1,135,34,1024,True
69,resnext-saycam(S)-v,different_shapes,0.7919921875,0.40588244795799255,0.012683826498687267,above_below,0,0,2,1,150,34,1024,True
70,resnext-saycam(S)-v,split_text,0.796875,0.4023247957229614,0.012572649866342545,above_below,0,0,2,1,150,34,1024,True
71,resnext-saycam(S)-v,random_color,0.755859375,0.4295765161514282,0.013424266129732132,above_below,0,0,2,1,150,34,1024,True
72,resnext-saycam(S)-v,different_shapes,0.9580078125,0.20057129859924316,0.006267853081226349,above_below,0,0,2,4,0,34,1024,True
73,resnext-saycam(S)-v,split_text,0.9599609375,0.19605085253715515,0.0061265891417860985,above_below,0,0,2,4,0,34,1024,True
74,resnext-saycam(S)-v,random_color,0.9453125,0.2273692488670349,0.007105289027094841,above_below,0,0,2,4,0,34,1024,True
75,resnext-saycam(S)-v,different_shapes,0.8212890625,0.38311007618904114,0.011972189880907536,above_below,0,0,2,4,30,34,1024,True
76,resnext-saycam(S)-v,split_text,0.794921875,0.403758704662323,0.012617459520697594,above_below,0,0,2,4,30,34,1024,True
77,resnext-saycam(S)-v,random_color,0.814453125,0.38874056935310364,0.012148142792284489,above_below,0,0,2,4,30,34,1024,True
78,resnext-saycam(S)-v,different_shapes,0.763671875,0.4248260259628296,0.013275813311338425,above_below,0,0,2,4,45,34,1024,True
79,resnext-saycam(S)-v,split_text,0.7802734375,0.4140613377094269,0.01293941680341959,above_below,0,0,2,4,45,34,1024,True
80,resnext-saycam(S)-v,random_color,0.7138671875,0.4519522488117218,0.014123507775366306,above_below,0,0,2,4,45,34,1024,True
81,resnext-saycam(S)-v,different_shapes,0.7451171875,0.4357953369617462,0.01361860428005457,above_below,0,0,2,4,60,34,1024,True
82,resnext-saycam(S)-v,split_text,0.7568359375,0.4289933443069458,0.013406042009592056,above_below,0,0,2,4,60,34,1024,True
83,resnext-saycam(S)-v,random_color,0.654296875,0.47559696435928345,0.014862405136227608,above_below,0,0,2,4,60,34,1024,True
84,resnext-saycam(S)-v,different_shapes,0.4423828125,0.4966691732406616,0.015520911663770676,above_below,0,0,2,4,90,34,1024,True
85,resnext-saycam(S)-v,split_text,0.4306640625,0.49516919255256653,0.015474037267267704,above_below,0,0,2,4,90,34,1024,True
86,resnext-saycam(S)-v,random_color,0.3759765625,0.4843740165233612,0.015136688016355038,above_below,0,0,2,4,90,34,1024,True
87,resnext-saycam(S)-v,different_shapes,0.7080078125,0.4546787440776825,0.014208710752427578,above_below,0,0,2,4,120,34,1024,True
88,resnext-saycam(S)-v,split_text,0.7119140625,0.45287132263183594,0.014152228832244873,above_below,0,0,2,4,120,34,1024,True
89,resnext-saycam(S)-v,random_color,0.6953125,0.46027493476867676,0.014383591711521149,above_below,0,0,2,4,120,34,1024,True
90,resnext-saycam(S)-v,different_shapes,0.798828125,0.4008762240409851,0.012527382001280785,above_below,0,0,2,4,135,34,1024,True
91,resnext-saycam(S)-v,split_text,0.8095703125,0.39264005422592163,0.012270001694560051,above_below,0,0,2,4,135,34,1024,True
92,resnext-saycam(S)-v,random_color,0.7802734375,0.4140613377094269,0.01293941680341959,above_below,0,0,2,4,135,34,1024,True
93,resnext-saycam(S)-v,different_shapes,0.7841796875,0.4113902151584625,0.012855944223701954,above_below,0,0,2,4,150,34,1024,True
94,resnext-saycam(S)-v,split_text,0.81640625,0.3871525228023529,0.012098516337573528,above_below,0,0,2,4,150,34,1024,True
95,resnext-saycam(S)-v,random_color,0.78515625,0.41071391105651855,0.012834809720516205,above_below,0,0,2,4,150,34,1024,True
96,resnext-saycam(S)-v,different_shapes,0.978515625,0.144992396235466,0.004531012382358313,above_below,1,0,1,1,0,34,1024,True
97,resnext-saycam(S)-v,split_text,0.9736328125,0.16022472083568573,0.005007022526115179,above_below,1,0,1,1,0,34,1024,True
98,resnext-saycam(S)-v,random_color,0.9638671875,0.1866205632686615,0.005831892602145672,above_below,1,0,1,1,0,34,1024,True
99,resnext-saycam(S)-v,different_shapes,0.896484375,0.30463114380836487,0.009519723244011402,above_below,1,0,1,1,30,34,1024,True
100,resnext-saycam(S)-v,split_text,0.8583984375,0.3486410081386566,0.01089503150433302,above_below,1,0,1,1,30,34,1024,True
101,resnext-saycam(S)-v,random_color,0.88671875,0.31693628430366516,0.009904258884489536,above_below,1,0,1,1,30,34,1024,True
102,resnext-saycam(S)-v,different_shapes,0.7802734375,0.4140613377094269,0.01293941680341959,above_below,1,0,1,1,45,34,1024,True
103,resnext-saycam(S)-v,split_text,0.859375,0.34763431549072266,0.010863572359085083,above_below,1,0,1,1,45,34,1024,True
104,resnext-saycam(S)-v,random_color,0.728515625,0.44472530484199524,0.013897665776312351,above_below,1,0,1,1,45,34,1024,True
105,resnext-saycam(S)-v,different_shapes,0.630859375,0.482572078704834,0.015080377459526062,above_below,1,0,1,1,60,34,1024,True
106,resnext-saycam(S)-v,split_text,0.818359375,0.38554805517196655,0.012048376724123955,above_below,1,0,1,1,60,34,1024,True
107,resnext-saycam(S)-v,random_color,0.572265625,0.49475011229515076,0.015460941009223461,above_below,1,0,1,1,60,34,1024,True
108,resnext-saycam(S)-v,different_shapes,0.4150390625,0.4927287697792053,0.015397774055600166,above_below,1,0,1,1,90,34,1024,True
109,resnext-saycam(S)-v,split_text,0.603515625,0.48916715383529663,0.01528647355735302,above_below,1,0,1,1,90,34,1024,True
110,resnext-saycam(S)-v,random_color,0.3896484375,0.48767051100730896,0.015239703468978405,above_below,1,0,1,1,90,34,1024,True
111,resnext-saycam(S)-v,different_shapes,0.80859375,0.39340806007385254,0.012294001877307892,above_below,1,0,1,1,120,34,1024,True
112,resnext-saycam(S)-v,split_text,0.8251953125,0.3797999620437622,0.011868748813867569,above_below,1,0,1,1,120,34,1024,True
113,resnext-saycam(S)-v,random_color,0.7978515625,0.4016023576259613,0.01255007367581129,above_below,1,0,1,1,120,34,1024,True
114,resnext-saycam(S)-v,different_shapes,0.873046875,0.33292046189308167,0.010403764434158802,above_below,1,0,1,1,135,34,1024,True
115,resnext-saycam(S)-v,split_text,0.912109375,0.2831357717514038,0.008847992867231369,above_below,1,0,1,1,135,34,1024,True
116,resnext-saycam(S)-v,random_color,0.8671875,0.3393719792366028,0.010605374351143837,above_below,1,0,1,1,135,34,1024,True
117,resnext-saycam(S)-v,different_shapes,0.86328125,0.3435502052307129,0.010735943913459778,above_below,1,0,1,1,150,34,1024,True
118,resnext-saycam(S)-v,split_text,0.8369140625,0.3694440722465515,0.011545127257704735,above_below,1,0,1,1,150,34,1024,True
119,resnext-saycam(S)-v,random_color,0.9013671875,0.2981683909893036,0.009317762218415737,above_below,1,0,1,1,150,34,1024,True
120,resnext-saycam(S)-v,different_shapes,0.98046875,0.13838273286819458,0.004324460402131081,above_below,1,0,1,4,0,34,1024,True
121,resnext-saycam(S)-v,split_text,0.9814453125,0.13494595885276794,0.004217061214148998,above_below,1,0,1,4,0,34,1024,True
122,resnext-saycam(S)-v,random_color,0.9677734375,0.17660127580165863,0.005518789868801832,above_below,1,0,1,4,0,34,1024,True
123,resnext-saycam(S)-v,different_shapes,0.8857421875,0.3181241452693939,0.00994137953966856,above_below,1,0,1,4,30,34,1024,True
124,resnext-saycam(S)-v,split_text,0.8271484375,0.3781189024448395,0.011816215701401234,above_below,1,0,1,4,30,34,1024,True
125,resnext-saycam(S)-v,random_color,0.8828125,0.32164356112480164,0.010051361285150051,above_below,1,0,1,4,30,34,1024,True
126,resnext-saycam(S)-v,different_shapes,0.7626953125,0.425430566072464,0.0132947051897645,above_below,1,0,1,4,45,34,1024,True
127,resnext-saycam(S)-v,split_text,0.83984375,0.36675089597702026,0.011460965499281883,above_below,1,0,1,4,45,34,1024,True
128,resnext-saycam(S)-v,random_color,0.6767578125,0.4677143096923828,0.014616072177886963,above_below,1,0,1,4,45,34,1024,True
129,resnext-saycam(S)-v,different_shapes,0.578125,0.49385878443717957,0.015433087013661861,above_below,1,0,1,4,60,34,1024,True
130,resnext-saycam(S)-v,split_text,0.7978515625,0.4016023576259613,0.01255007367581129,above_below,1,0,1,4,60,34,1024,True
131,resnext-saycam(S)-v,random_color,0.5078125,0.49993896484375,0.015623092651367188,above_below,1,0,1,4,60,34,1024,True
132,resnext-saycam(S)-v,different_shapes,0.37109375,0.48309749364852905,0.015096796676516533,above_below,1,0,1,4,90,34,1024,True
133,resnext-saycam(S)-v,split_text,0.5048828125,0.49997615814208984,0.015624254941940308,above_below,1,0,1,4,90,34,1024,True
134,resnext-saycam(S)-v,random_color,0.279296875,0.4486536979675293,0.01402042806148529,above_below,1,0,1,4,90,34,1024,True
135,resnext-saycam(S)-v,different_shapes,0.748046875,0.43413448333740234,0.013566702604293823,above_below,1,0,1,4,120,34,1024,True
136,resnext-saycam(S)-v,split_text,0.767578125,0.4223765432834625,0.013199266977608204,above_below,1,0,1,4,120,34,1024,True
137,resnext-saycam(S)-v,random_color,0.732421875,0.44269636273384094,0.01383426133543253,above_below,1,0,1,4,120,34,1024,True
138,resnext-saycam(S)-v,different_shapes,0.8330078125,0.3729688823223114,0.011655277572572231,above_below,1,0,1,4,135,34,1024,True
139,resnext-saycam(S)-v,split_text,0.880859375,0.32395389676094055,0.010123559273779392,above_below,1,0,1,4,135,34,1024,True
140,resnext-saycam(S)-v,random_color,0.81640625,0.3871525228023529,0.012098516337573528,above_below,1,0,1,4,135,34,1024,True
141,resnext-saycam(S)-v,different_shapes,0.8251953125,0.3797999620437622,0.011868748813867569,above_below,1,0,1,4,150,34,1024,True
142,resnext-saycam(S)-v,split_text,0.7607421875,0.4266304075717926,0.013332200236618519,above_below,1,0,1,4,150,34,1024,True
143,resnext-saycam(S)-v,random_color,0.87890625,0.32623618841171265,0.01019488088786602,above_below,1,0,1,4,150,34,1024,True
144,resnext-saycam(S)-v,different_shapes,0.978515625,0.144992396235466,0.004531012382358313,above_below,1,0,2,1,0,34,1024,True
145,resnext-saycam(S)-v,split_text,0.9658203125,0.1816904991865158,0.005677828099578619,above_below,1,0,2,1,0,34,1024,True
146,resnext-saycam(S)-v,random_color,0.9296875,0.2556729316711426,0.007989779114723206,above_below,1,0,2,1,0,34,1024,True
147,resnext-saycam(S)-v,different_shapes,0.826171875,0.37896162271499634,0.011842550709843636,above_below,1,0,2,1,30,34,1024,True
148,resnext-saycam(S)-v,split_text,0.7587890625,0.4278179705142975,0.013369311578571796,above_below,1,0,2,1,30,34,1024,True
149,resnext-saycam(S)-v,random_color,0.8046875,0.3964410722255707,0.012388783507049084,above_below,1,0,2,1,30,34,1024,True
150,resnext-saycam(S)-v,different_shapes,0.7373046875,0.44009825587272644,0.013753070496022701,above_below,1,0,2,1,45,34,1024,True
151,resnext-saycam(S)-v,split_text,0.79296875,0.40517812967300415,0.01266181655228138,above_below,1,0,2,1,45,34,1024,True
152,resnext-saycam(S)-v,random_color,0.6455078125,0.4783591628074646,0.014948723837733269,above_below,1,0,2,1,45,34,1024,True
153,resnext-saycam(S)-v,different_shapes,0.5576171875,0.4966691732406616,0.015520911663770676,above_below,1,0,2,1,60,34,1024,True
154,resnext-saycam(S)-v,split_text,0.7744140625,0.41796761751174927,0.013061488047242165,above_below,1,0,2,1,60,34,1024,True
155,resnext-saycam(S)-v,random_color,0.521484375,0.49953821301460266,0.015610569156706333,above_below,1,0,2,1,60,34,1024,True
156,resnext-saycam(S)-v,different_shapes,0.462890625,0.49862098693847656,0.015581905841827393,above_below,1,0,2,1,90,34,1024,True
157,resnext-saycam(S)-v,split_text,0.517578125,0.4996909201145172,0.015615341253578663,above_below,1,0,2,1,90,34,1024,True
158,resnext-saycam(S)-v,random_color,0.3896484375,0.48767051100730896,0.015239703468978405,above_below,1,0,2,1,90,34,1024,True
159,resnext-saycam(S)-v,different_shapes,0.7451171875,0.4357953369617462,0.01361860428005457,above_below,1,0,2,1,120,34,1024,True
160,resnext-saycam(S)-v,split_text,0.767578125,0.4223765432834625,0.013199266977608204,above_below,1,0,2,1,120,34,1024,True
161,resnext-saycam(S)-v,random_color,0.7509765625,0.4324474036693573,0.013513981364667416,above_below,1,0,2,1,120,34,1024,True
162,resnext-saycam(S)-v,different_shapes,0.82421875,0.3806339502334595,0.011894810944795609,above_below,1,0,2,1,135,34,1024,True
163,resnext-saycam(S)-v,split_text,0.86328125,0.3435502052307129,0.010735943913459778,above_below,1,0,2,1,135,34,1024,True
164,resnext-saycam(S)-v,random_color,0.8232421875,0.3814636170864105,0.011920738033950329,above_below,1,0,2,1,135,34,1024,True
165,resnext-saycam(S)-v,different_shapes,0.8291015625,0.37642019987106323,0.011763131245970726,above_below,1,0,2,1,150,34,1024,True
166,resnext-saycam(S)-v,split_text,0.744140625,0.43634316325187683,0.013635723851621151,above_below,1,0,2,1,150,34,1024,True
167,resnext-saycam(S)-v,random_color,0.8369140625,0.3694440722465515,0.011545127257704735,above_below,1,0,2,1,150,34,1024,True
168,resnext-saycam(S)-v,different_shapes,0.982421875,0.131412073969841,0.004106627311557531,above_below,1,0,2,4,0,34,1024,True
169,resnext-saycam(S)-v,split_text,0.96875,0.17399263381958008,0.0054372698068618774,above_below,1,0,2,4,0,34,1024,True
170,resnext-saycam(S)-v,random_color,0.9482421875,0.22153767943382263,0.006923052482306957,above_below,1,0,2,4,0,34,1024,True
171,resnext-saycam(S)-v,different_shapes,0.8388671875,0.36765339970588684,0.011489168740808964,above_below,1,0,2,4,30,34,1024,True
172,resnext-saycam(S)-v,split_text,0.763671875,0.4248260259628296,0.013275813311338425,above_below,1,0,2,4,30,34,1024,True
173,resnext-saycam(S)-v,random_color,0.8310546875,0.37470361590385437,0.011709487996995449,above_below,1,0,2,4,30,34,1024,True
174,resnext-saycam(S)-v,different_shapes,0.728515625,0.44472530484199524,0.013897665776312351,above_below,1,0,2,4,45,34,1024,True
175,resnext-saycam(S)-v,split_text,0.802734375,0.39793452620506287,0.012435453943908215,above_below,1,0,2,4,45,34,1024,True
176,resnext-saycam(S)-v,random_color,0.63671875,0.4809448719024658,0.015029527246952057,above_below,1,0,2,4,45,34,1024,True
177,resnext-saycam(S)-v,different_shapes,0.5703125,0.495031476020813,0.015469733625650406,above_below,1,0,2,4,60,34,1024,True
178,resnext-saycam(S)-v,split_text,0.74609375,0.435244619846344,0.01360139437019825,above_below,1,0,2,4,60,34,1024,True
179,resnext-saycam(S)-v,random_color,0.51953125,0.49961838126182556,0.015613074414432049,above_below,1,0,2,4,60,34,1024,True
180,resnext-saycam(S)-v,different_shapes,0.3828125,0.4860731363296509,0.01518978551030159,above_below,1,0,2,4,90,34,1024,True
181,resnext-saycam(S)-v,split_text,0.4873046875,0.49983879923820496,0.015619962476193905,above_below,1,0,2,4,90,34,1024,True
182,resnext-saycam(S)-v,random_color,0.3173828125,0.4654577970504761,0.014545556157827377,above_below,1,0,2,4,90,34,1024,True
183,resnext-saycam(S)-v,different_shapes,0.685546875,0.46429771184921265,0.014509303495287895,above_below,1,0,2,4,120,34,1024,True
184,resnext-saycam(S)-v,split_text,0.7275390625,0.4452257454395294,0.013913304544985294,above_below,1,0,2,4,120,34,1024,True
185,resnext-saycam(S)-v,random_color,0.7119140625,0.45287132263183594,0.014152228832244873,above_below,1,0,2,4,120,34,1024,True
186,resnext-saycam(S)-v,different_shapes,0.8037109375,0.3971897065639496,0.012412178330123425,above_below,1,0,2,4,135,34,1024,True
187,resnext-saycam(S)-v,split_text,0.8193359375,0.38473960757255554,0.01202311273664236,above_below,1,0,2,4,135,34,1024,True
188,resnext-saycam(S)-v,random_color,0.8115234375,0.3910922408103943,0.012221632525324821,above_below,1,0,2,4,135,34,1024,True
189,resnext-saycam(S)-v,different_shapes,0.818359375,0.38554805517196655,0.012048376724123955,above_below,1,0,2,4,150,34,1024,True
190,resnext-saycam(S)-v,split_text,0.7080078125,0.4546787440776825,0.014208710752427578,above_below,1,0,2,4,150,34,1024,True
191,resnext-saycam(S)-v,random_color,0.82421875,0.3806339502334595,0.011894810944795609,above_below,1,0,2,4,150,34,1024,True
192,resnext-saycam(S)-v,different_shapes,0.970703125,0.16863738000392914,0.005269918125122786,above_below,1,1,1,1,0,34,1024,True
193,resnext-saycam(S)-v,split_text,0.97265625,0.163083016872406,0.005096344277262688,above_below,1,1,1,1,0,34,1024,True
194,resnext-saycam(S)-v,random_color,0.9599609375,0.19605085253715515,0.0061265891417860985,above_below,1,1,1,1,0,34,1024,True
195,resnext-saycam(S)-v,different_shapes,0.90234375,0.2968493103981018,0.009276540949940681,above_below,1,1,1,1,30,34,1024,True
196,resnext-saycam(S)-v,split_text,0.8837890625,0.320477694272995,0.010014927946031094,above_below,1,1,1,1,30,34,1024,True
197,resnext-saycam(S)-v,random_color,0.890625,0.3121091425418854,0.009753410704433918,above_below,1,1,1,1,30,34,1024,True
198,resnext-saycam(S)-v,different_shapes,0.90234375,0.2968493103981018,0.009276540949940681,above_below,1,1,1,1,45,34,1024,True
199,resnext-saycam(S)-v,split_text,0.91015625,0.28595778346061707,0.008936180733144283,above_below,1,1,1,1,45,34,1024,True
200,resnext-saycam(S)-v,random_color,0.8603515625,0.34662190079689026,0.01083193439990282,above_below,1,1,1,1,45,34,1024,True
201,resnext-saycam(S)-v,different_shapes,0.7880859375,0.4086642861366272,0.0127707589417696,above_below,1,1,1,1,60,34,1024,True
202,resnext-saycam(S)-v,split_text,0.83203125,0.37383854389190674,0.011682454496622086,above_below,1,1,1,1,60,34,1024,True
203,resnext-saycam(S)-v,random_color,0.7685546875,0.4217562973499298,0.013179884292185307,above_below,1,1,1,1,60,34,1024,True
204,resnext-saycam(S)-v,different_shapes,0.3408203125,0.47398504614830017,0.01481203269213438,above_below,1,1,1,1,90,34,1024,True
205,resnext-saycam(S)-v,split_text,0.4716796875,0.4991973042488098,0.015599915757775307,above_below,1,1,1,1,90,34,1024,True
206,resnext-saycam(S)-v,random_color,0.4013671875,0.4901750385761261,0.01531796995550394,above_below,1,1,1,1,90,34,1024,True
207,resnext-saycam(S)-v,different_shapes,0.8759765625,0.329608291387558,0.010300259105861187,above_below,1,1,1,1,120,34,1024,True
208,resnext-saycam(S)-v,split_text,0.91015625,0.28595778346061707,0.008936180733144283,above_below,1,1,1,1,120,34,1024,True
209,resnext-saycam(S)-v,random_color,0.8857421875,0.3181241452693939,0.00994137953966856,above_below,1,1,1,1,120,34,1024,True
210,resnext-saycam(S)-v,different_shapes,0.921875,0.2683681845664978,0.008386505767703056,above_below,1,1,1,1,135,34,1024,True
211,resnext-saycam(S)-v,split_text,0.9140625,0.2802717387676239,0.008758491836488247,above_below,1,1,1,1,135,34,1024,True
212,resnext-saycam(S)-v,random_color,0.91015625,0.28595778346061707,0.008936180733144283,above_below,1,1,1,1,135,34,1024,True
213,resnext-saycam(S)-v,different_shapes,0.8603515625,0.34662190079689026,0.01083193439990282,above_below,1,1,1,1,150,34,1024,True
214,resnext-saycam(S)-v,split_text,0.931640625,0.25236159563064575,0.00788629986345768,above_below,1,1,1,1,150,34,1024,True
215,resnext-saycam(S)-v,random_color,0.91015625,0.28595778346061707,0.008936180733144283,above_below,1,1,1,1,150,34,1024,True
216,resnext-saycam(S)-v,different_shapes,0.986328125,0.11612474173307419,0.0036288981791585684,above_below,1,1,1,4,0,34,1024,True
217,resnext-saycam(S)-v,split_text,0.990234375,0.09833747148513794,0.0030730459839105606,above_below,1,1,1,4,0,34,1024,True
218,resnext-saycam(S)-v,random_color,0.958984375,0.19832634925842285,0.006197698414325714,above_below,1,1,1,4,0,34,1024,True
219,resnext-saycam(S)-v,different_shapes,0.8876953125,0.3157409429550171,0.009866904467344284,above_below,1,1,1,4,30,34,1024,True
220,resnext-saycam(S)-v,split_text,0.9267578125,0.2605336308479309,0.008141675963997841,above_below,1,1,1,4,30,34,1024,True
221,resnext-saycam(S)-v,random_color,0.9052734375,0.29283687472343445,0.009151152335107327,above_below,1,1,1,4,30,34,1024,True
222,resnext-saycam(S)-v,different_shapes,0.86328125,0.3435502052307129,0.010735943913459778,above_below,1,1,1,4,45,34,1024,True
223,resnext-saycam(S)-v,split_text,0.931640625,0.25236159563064575,0.00788629986345768,above_below,1,1,1,4,45,34,1024,True
224,resnext-saycam(S)-v,random_color,0.833984375,0.37209466099739075,0.01162795815616846,above_below,1,1,1,4,45,34,1024,True
225,resnext-saycam(S)-v,different_shapes,0.7626953125,0.425430566072464,0.0132947051897645,above_below,1,1,1,4,60,34,1024,True
226,resnext-saycam(S)-v,split_text,0.8671875,0.3393719792366028,0.010605374351143837,above_below,1,1,1,4,60,34,1024,True
227,resnext-saycam(S)-v,random_color,0.7294921875,0.44422218203544617,0.013881943188607693,above_below,1,1,1,4,60,34,1024,True
228,resnext-saycam(S)-v,different_shapes,0.32421875,0.4680822193622589,0.014627569355070591,above_below,1,1,1,4,90,34,1024,True
229,resnext-saycam(S)-v,split_text,0.427734375,0.49475011229515076,0.015460941009223461,above_below,1,1,1,4,90,34,1024,True
230,resnext-saycam(S)-v,random_color,0.36328125,0.4809448719024658,0.015029527246952057,above_below,1,1,1,4,90,34,1024,True
231,resnext-saycam(S)-v,different_shapes,0.875,0.33071890473365784,0.010334965772926807,above_below,1,1,1,4,120,34,1024,True
232,resnext-saycam(S)-v,split_text,0.908203125,0.28873899579048157,0.009023093618452549,above_below,1,1,1,4,120,34,1024,True
233,resnext-saycam(S)-v,random_color,0.8642578125,0.34251460433006287,0.010703581385314465,above_below,1,1,1,4,120,34,1024,True
234,resnext-saycam(S)-v,different_shapes,0.9140625,0.2802717387676239,0.008758491836488247,above_below,1,1,1,4,135,34,1024,True
235,resnext-saycam(S)-v,split_text,0.9111328125,0.2845519483089447,0.008892248384654522,above_below,1,1,1,4,135,34,1024,True
236,resnext-saycam(S)-v,random_color,0.9111328125,0.2845519483089447,0.008892248384654522,above_below,1,1,1,4,135,34,1024,True
237,resnext-saycam(S)-v,different_shapes,0.859375,0.34763431549072266,0.010863572359085083,above_below,1,1,1,4,150,34,1024,True
238,resnext-saycam(S)-v,split_text,0.931640625,0.25236159563064575,0.00788629986345768,above_below,1,1,1,4,150,34,1024,True
239,resnext-saycam(S)-v,random_color,0.9091796875,0.28735342621803284,0.008979794569313526,above_below,1,1,1,4,150,34,1024,True
240,resnext-saycam(S)-v,different_shapes,0.9736328125,0.16022472083568573,0.005007022526115179,above_below,1,1,2,1,0,34,1024,True
241,resnext-saycam(S)-v,split_text,0.9609375,0.19374370574951172,0.006054490804672241,above_below,1,1,2,1,0,34,1024,True
242,resnext-saycam(S)-v,random_color,0.9443359375,0.22927182912826538,0.007164744660258293,above_below,1,1,2,1,0,34,1024,True
243,resnext-saycam(S)-v,different_shapes,0.849609375,0.3574538826942444,0.011170433834195137,above_below,1,1,2,1,30,34,1024,True
244,resnext-saycam(S)-v,split_text,0.8359375,0.370332270860672,0.011572883464396,above_below,1,1,2,1,30,34,1024,True
245,resnext-saycam(S)-v,random_color,0.8544921875,0.35261210799217224,0.011019128374755383,above_below,1,1,2,1,30,34,1024,True
246,resnext-saycam(S)-v,different_shapes,0.857421875,0.3496420979499817,0.010926315560936928,above_below,1,1,2,1,45,34,1024,True
247,resnext-saycam(S)-v,split_text,0.865234375,0.3414730727672577,0.010671033523976803,above_below,1,1,2,1,45,34,1024,True
248,resnext-saycam(S)-v,random_color,0.8154296875,0.387948602437973,0.012123393826186657,above_below,1,1,2,1,45,34,1024,True
249,resnext-saycam(S)-v,different_shapes,0.7255859375,0.4462185502052307,0.01394432969391346,above_below,1,1,2,1,60,34,1024,True
250,resnext-saycam(S)-v,split_text,0.78125,0.4133986532688141,0.01291870791465044,above_below,1,1,2,1,60,34,1024,True
251,resnext-saycam(S)-v,random_color,0.7216796875,0.4481719732284546,0.014005374163389206,above_below,1,1,2,1,60,34,1024,True
252,resnext-saycam(S)-v,different_shapes,0.384765625,0.4865398705005646,0.015204370953142643,above_below,1,1,2,1,90,34,1024,True
253,resnext-saycam(S)-v,split_text,0.44140625,0.4965549111366272,0.0155173409730196,above_below,1,1,2,1,90,34,1024,True
254,resnext-saycam(S)-v,random_color,0.400390625,0.48997750878334045,0.01531179714947939,above_below,1,1,2,1,90,34,1024,True
255,resnext-saycam(S)-v,different_shapes,0.841796875,0.3649313449859619,0.01140410453081131,above_below,1,1,2,1,120,34,1024,True
256,resnext-saycam(S)-v,split_text,0.85546875,0.3516275882720947,0.01098836213350296,above_below,1,1,2,1,120,34,1024,True
257,resnext-saycam(S)-v,random_color,0.841796875,0.3649313449859619,0.01140410453081131,above_below,1,1,2,1,120,34,1024,True
258,resnext-saycam(S)-v,different_shapes,0.875,0.33071890473365784,0.010334965772926807,above_below,1,1,2,1,135,34,1024,True
259,resnext-saycam(S)-v,split_text,0.857421875,0.3496420979499817,0.010926315560936928,above_below,1,1,2,1,135,34,1024,True
260,resnext-saycam(S)-v,random_color,0.8876953125,0.3157409429550171,0.009866904467344284,above_below,1,1,2,1,135,34,1024,True
261,resnext-saycam(S)-v,different_shapes,0.8076171875,0.39417213201522827,0.012317879125475883,above_below,1,1,2,1,150,34,1024,True
262,resnext-saycam(S)-v,split_text,0.84765625,0.35935378074645996,0.011229805648326874,above_below,1,1,2,1,150,34,1024,True
263,resnext-saycam(S)-v,random_color,0.8642578125,0.34251460433006287,0.010703581385314465,above_below,1,1,2,1,150,34,1024,True
264,resnext-saycam(S)-v,different_shapes,0.97265625,0.163083016872406,0.005096344277262688,above_below,1,1,2,4,0,34,1024,True
265,resnext-saycam(S)-v,split_text,0.978515625,0.144992396235466,0.004531012382358313,above_below,1,1,2,4,0,34,1024,True
266,resnext-saycam(S)-v,random_color,0.9482421875,0.22153767943382263,0.006923052482306957,above_below,1,1,2,4,0,34,1024,True
267,resnext-saycam(S)-v,different_shapes,0.865234375,0.3414730727672577,0.010671033523976803,above_below,1,1,2,4,30,34,1024,True
268,resnext-saycam(S)-v,split_text,0.888671875,0.31453803181648254,0.00982931349426508,above_below,1,1,2,4,30,34,1024,True
269,resnext-saycam(S)-v,random_color,0.8623046875,0.34457990527153015,0.010768122039735317,above_below,1,1,2,4,30,34,1024,True
270,resnext-saycam(S)-v,different_shapes,0.8408203125,0.3658435642719269,0.011432611383497715,above_below,1,1,2,4,45,34,1024,True
271,resnext-saycam(S)-v,split_text,0.900390625,0.2994784712791443,0.009358702227473259,above_below,1,1,2,4,45,34,1024,True
272,resnext-saycam(S)-v,random_color,0.8291015625,0.37642019987106323,0.011763131245970726,above_below,1,1,2,4,45,34,1024,True
273,resnext-saycam(S)-v,different_shapes,0.71484375,0.45148882269859314,0.014109025709331036,above_below,1,1,2,4,60,34,1024,True
274,resnext-saycam(S)-v,split_text,0.826171875,0.37896162271499634,0.011842550709843636,above_below,1,1,2,4,60,34,1024,True
275,resnext-saycam(S)-v,random_color,0.732421875,0.44269636273384094,0.01383426133543253,above_below,1,1,2,4,60,34,1024,True
276,resnext-saycam(S)-v,different_shapes,0.3447265625,0.4752790331840515,0.01485246978700161,above_below,1,1,2,4,90,34,1024,True
277,resnext-saycam(S)-v,split_text,0.416015625,0.492896169424057,0.015403005294501781,above_below,1,1,2,4,90,34,1024,True
278,resnext-saycam(S)-v,random_color,0.349609375,0.4768465757369995,0.014901455491781235,above_below,1,1,2,4,90,34,1024,True
279,resnext-saycam(S)-v,different_shapes,0.8056640625,0.39568862318992615,0.012365269474685192,above_below,1,1,2,4,120,34,1024,True
280,resnext-saycam(S)-v,split_text,0.8505859375,0.3564961552619934,0.011140504851937294,above_below,1,1,2,4,120,34,1024,True
281,resnext-saycam(S)-v,random_color,0.81640625,0.3871525228023529,0.012098516337573528,above_below,1,1,2,4,120,34,1024,True
282,resnext-saycam(S)-v,different_shapes,0.8837890625,0.320477694272995,0.010014927946031094,above_below,1,1,2,4,135,34,1024,True
283,resnext-saycam(S)-v,split_text,0.865234375,0.3414730727672577,0.010671033523976803,above_below,1,1,2,4,135,34,1024,True
284,resnext-saycam(S)-v,random_color,0.8779296875,0.32736700773239136,0.01023021899163723,above_below,1,1,2,4,135,34,1024,True
285,resnext-saycam(S)-v,different_shapes,0.8193359375,0.38473960757255554,0.01202311273664236,above_below,1,1,2,4,150,34,1024,True
286,resnext-saycam(S)-v,split_text,0.87109375,0.335096150636673,0.01047175470739603,above_below,1,1,2,4,150,34,1024,True
287,resnext-saycam(S)-v,random_color,0.865234375,0.3414730727672577,0.010671033523976803,above_below,1,1,2,4,150,34,1024,True
288,resnext-saycam(S)-v,different_shapes,0.861328125,0.3456037938594818,0.010800118558108807,between,1,0,1,1,0,34,1024,True
289,resnext-saycam(S)-v,split_text,0.978515625,0.144992396235466,0.004531012382358313,between,1,0,1,1,0,34,1024,True
290,resnext-saycam(S)-v,random_color,0.8515625,0.3555331230163574,0.01111041009426117,between,1,0,1,1,0,34,1024,True
291,resnext-saycam(S)-v,different_shapes,0.91015625,0.28595778346061707,0.008936180733144283,between,1,0,1,1,30,34,1024,True
292,resnext-saycam(S)-v,split_text,0.9736328125,0.16022472083568573,0.005007022526115179,between,1,0,1,1,30,34,1024,True
293,resnext-saycam(S)-v,random_color,0.87109375,0.335096150636673,0.01047175470739603,between,1,0,1,1,30,34,1024,True
294,resnext-saycam(S)-v,different_shapes,0.9267578125,0.2605336308479309,0.008141675963997841,between,1,0,1,1,45,34,1024,True
295,resnext-saycam(S)-v,split_text,0.98828125,0.10761701315641403,0.0033630316611379385,between,1,0,1,1,45,34,1024,True
296,resnext-saycam(S)-v,random_color,0.865234375,0.3414730727672577,0.010671033523976803,between,1,0,1,1,45,34,1024,True
297,resnext-saycam(S)-v,different_shapes,0.8466796875,0.36029598116874695,0.011259249411523342,between,1,0,1,1,60,34,1024,True
298,resnext-saycam(S)-v,split_text,0.9736328125,0.16022472083568573,0.005007022526115179,between,1,0,1,1,60,34,1024,True
299,resnext-saycam(S)-v,random_color,0.7353515625,0.4411458373069763,0.01378580741584301,between,1,0,1,1,60,34,1024,True
300,resnext-saycam(S)-v,different_shapes,0.802734375,0.39793452620506287,0.012435453943908215,between,1,0,1,1,90,34,1024,True
301,resnext-saycam(S)-v,split_text,0.80859375,0.39340806007385254,0.012294001877307892,between,1,0,1,1,90,34,1024,True
302,resnext-saycam(S)-v,random_color,0.587890625,0.4922146201133728,0.0153817068785429,between,1,0,1,1,90,34,1024,True
303,resnext-saycam(S)-v,different_shapes,0.783203125,0.4120630919933319,0.012876971624791622,between,1,0,1,1,120,34,1024,True
304,resnext-saycam(S)-v,split_text,0.9765625,0.15128840506076813,0.004727762658149004,between,1,0,1,1,120,34,1024,True
305,resnext-saycam(S)-v,random_color,0.78515625,0.41071391105651855,0.012834809720516205,between,1,0,1,1,120,34,1024,True
306,resnext-saycam(S)-v,different_shapes,0.8916015625,0.31088295578956604,0.009715092368423939,between,1,0,1,1,135,34,1024,True
307,resnext-saycam(S)-v,split_text,0.99609375,0.06237781047821045,0.0019493065774440765,between,1,0,1,1,135,34,1024,True
308,resnext-saycam(S)-v,random_color,0.8876953125,0.3157409429550171,0.009866904467344284,between,1,0,1,1,135,34,1024,True
309,resnext-saycam(S)-v,different_shapes,0.8525390625,0.3545648157596588,0.011080150492489338,between,1,0,1,1,150,34,1024,True
310,resnext-saycam(S)-v,split_text,0.9677734375,0.17660127580165863,0.005518789868801832,between,1,0,1,1,150,34,1024,True
311,resnext-saycam(S)-v,random_color,0.8515625,0.3555331230163574,0.01111041009426117,between,1,0,1,1,150,34,1024,True
312,resnext-saycam(S)-v,different_shapes,0.87109375,0.335096150636673,0.01047175470739603,between,1,0,1,4,0,34,1024,True
313,resnext-saycam(S)-v,split_text,0.9638671875,0.1866205632686615,0.005831892602145672,between,1,0,1,4,0,34,1024,True
314,resnext-saycam(S)-v,random_color,0.82421875,0.3806339502334595,0.011894810944795609,between,1,0,1,4,0,34,1024,True
315,resnext-saycam(S)-v,different_shapes,0.9130859375,0.28170907497406006,0.008803408592939377,between,1,0,1,4,30,34,1024,True
316,resnext-saycam(S)-v,split_text,0.9765625,0.15128840506076813,0.004727762658149004,between,1,0,1,4,30,34,1024,True
317,resnext-saycam(S)-v,random_color,0.841796875,0.3649313449859619,0.01140410453081131,between,1,0,1,4,30,34,1024,True
318,resnext-saycam(S)-v,different_shapes,0.919921875,0.2714141011238098,0.008481690660119057,between,1,0,1,4,45,34,1024,True
319,resnext-saycam(S)-v,split_text,0.9765625,0.15128840506076813,0.004727762658149004,between,1,0,1,4,45,34,1024,True
320,resnext-saycam(S)-v,random_color,0.849609375,0.3574538826942444,0.011170433834195137,between,1,0,1,4,45,34,1024,True
321,resnext-saycam(S)-v,different_shapes,0.81640625,0.3871525228023529,0.012098516337573528,between,1,0,1,4,60,34,1024,True
322,resnext-saycam(S)-v,split_text,0.9306640625,0.25402453541755676,0.007938266731798649,between,1,0,1,4,60,34,1024,True
323,resnext-saycam(S)-v,random_color,0.6689453125,0.4705926775932312,0.014706021174788475,between,1,0,1,4,60,34,1024,True
324,resnext-saycam(S)-v,different_shapes,0.7587890625,0.4278179705142975,0.013369311578571796,between,1,0,1,4,90,34,1024,True
325,resnext-saycam(S)-v,split_text,0.7294921875,0.44422218203544617,0.013881943188607693,between,1,0,1,4,90,34,1024,True
326,resnext-saycam(S)-v,random_color,0.5283203125,0.4991973042488098,0.015599915757775307,between,1,0,1,4,90,34,1024,True
327,resnext-saycam(S)-v,different_shapes,0.736328125,0.4406234323978424,0.013769482262432575,between,1,0,1,4,120,34,1024,True
328,resnext-saycam(S)-v,split_text,0.9052734375,0.29283687472343445,0.009151152335107327,between,1,0,1,4,120,34,1024,True
329,resnext-saycam(S)-v,random_color,0.736328125,0.4406234323978424,0.013769482262432575,between,1,0,1,4,120,34,1024,True
330,resnext-saycam(S)-v,different_shapes,0.884765625,0.31930458545684814,0.009978268295526505,between,1,0,1,4,135,34,1024,True
331,resnext-saycam(S)-v,split_text,0.982421875,0.131412073969841,0.004106627311557531,between,1,0,1,4,135,34,1024,True
332,resnext-saycam(S)-v,random_color,0.8642578125,0.34251460433006287,0.010703581385314465,between,1,0,1,4,135,34,1024,True
333,resnext-saycam(S)-v,different_shapes,0.8251953125,0.3797999620437622,0.011868748813867569,between,1,0,1,4,150,34,1024,True
334,resnext-saycam(S)-v,split_text,0.96875,0.17399263381958008,0.0054372698068618774,between,1,0,1,4,150,34,1024,True
335,resnext-saycam(S)-v,random_color,0.826171875,0.37896162271499634,0.011842550709843636,between,1,0,1,4,150,34,1024,True
336,resnext-saycam(S)-v,different_shapes,0.865234375,0.3414730727672577,0.010671033523976803,between,1,0,2,1,0,34,1024,True
337,resnext-saycam(S)-v,split_text,0.9716796875,0.16588632762432098,0.005183947738260031,between,1,0,2,1,0,34,1024,True
338,resnext-saycam(S)-v,random_color,0.8369140625,0.3694440722465515,0.011545127257704735,between,1,0,2,1,0,34,1024,True
339,resnext-saycam(S)-v,different_shapes,0.8876953125,0.3157409429550171,0.009866904467344284,between,1,0,2,1,30,34,1024,True
340,resnext-saycam(S)-v,split_text,0.92578125,0.26212653517723083,0.008191454224288464,between,1,0,2,1,30,34,1024,True
341,resnext-saycam(S)-v,random_color,0.8193359375,0.38473960757255554,0.01202311273664236,between,1,0,2,1,30,34,1024,True
342,resnext-saycam(S)-v,different_shapes,0.89453125,0.3071564733982086,0.00959863979369402,between,1,0,2,1,45,34,1024,True
343,resnext-saycam(S)-v,split_text,0.962890625,0.18902981281280518,0.005907181650400162,between,1,0,2,1,45,34,1024,True
344,resnext-saycam(S)-v,random_color,0.830078125,0.3755641579627991,0.011736379936337471,between,1,0,2,1,45,34,1024,True
345,resnext-saycam(S)-v,different_shapes,0.8251953125,0.3797999620437622,0.011868748813867569,between,1,0,2,1,60,34,1024,True
346,resnext-saycam(S)-v,split_text,0.958984375,0.19832634925842285,0.006197698414325714,between,1,0,2,1,60,34,1024,True
347,resnext-saycam(S)-v,random_color,0.6787109375,0.4669715166091919,0.014592859894037247,between,1,0,2,1,60,34,1024,True
348,resnext-saycam(S)-v,different_shapes,0.794921875,0.403758704662323,0.012617459520697594,between,1,0,2,1,90,34,1024,True
349,resnext-saycam(S)-v,split_text,0.83984375,0.36675089597702026,0.011460965499281883,between,1,0,2,1,90,34,1024,True
350,resnext-saycam(S)-v,random_color,0.5380859375,0.49854734539985657,0.015579604543745518,between,1,0,2,1,90,34,1024,True
351,resnext-saycam(S)-v,different_shapes,0.7724609375,0.4192434251308441,0.013101357035338879,between,1,0,2,1,120,34,1024,True
352,resnext-saycam(S)-v,split_text,0.9423828125,0.23301813006401062,0.007281816564500332,between,1,0,2,1,120,34,1024,True
353,resnext-saycam(S)-v,random_color,0.6904296875,0.46231648325920105,0.014447390101850033,between,1,0,2,1,120,34,1024,True
354,resnext-saycam(S)-v,different_shapes,0.85546875,0.3516275882720947,0.01098836213350296,between,1,0,2,1,135,34,1024,True
355,resnext-saycam(S)-v,split_text,0.9697265625,0.17133872210979462,0.005354335065931082,between,1,0,2,1,135,34,1024,True
356,resnext-saycam(S)-v,random_color,0.8515625,0.3555331230163574,0.01111041009426117,between,1,0,2,1,135,34,1024,True
357,resnext-saycam(S)-v,different_shapes,0.818359375,0.38554805517196655,0.012048376724123955,between,1,0,2,1,150,34,1024,True
358,resnext-saycam(S)-v,split_text,0.927734375,0.25892722606658936,0.008091475814580917,between,1,0,2,1,150,34,1024,True
359,resnext-saycam(S)-v,random_color,0.7822265625,0.4127325713634491,0.012897892855107784,between,1,0,2,1,150,34,1024,True
360,resnext-saycam(S)-v,different_shapes,0.8515625,0.3555331230163574,0.01111041009426117,between,1,0,2,4,0,34,1024,True
361,resnext-saycam(S)-v,split_text,0.9638671875,0.1866205632686615,0.005831892602145672,between,1,0,2,4,0,34,1024,True
362,resnext-saycam(S)-v,random_color,0.818359375,0.38554805517196655,0.012048376724123955,between,1,0,2,4,0,34,1024,True
363,resnext-saycam(S)-v,different_shapes,0.8896484375,0.31332746148109436,0.009791483171284199,between,1,0,2,4,30,34,1024,True
364,resnext-saycam(S)-v,split_text,0.9169921875,0.27589401602745056,0.00862168800085783,between,1,0,2,4,30,34,1024,True
365,resnext-saycam(S)-v,random_color,0.8017578125,0.3986755907535553,0.012458612211048603,between,1,0,2,4,30,34,1024,True
366,resnext-saycam(S)-v,different_shapes,0.8876953125,0.3157409429550171,0.009866904467344284,between,1,0,2,4,45,34,1024,True
367,resnext-saycam(S)-v,split_text,0.962890625,0.18902981281280518,0.005907181650400162,between,1,0,2,4,45,34,1024,True
368,resnext-saycam(S)-v,random_color,0.818359375,0.38554805517196655,0.012048376724123955,between,1,0,2,4,45,34,1024,True
369,resnext-saycam(S)-v,different_shapes,0.7783203125,0.4153766930103302,0.012980521656572819,between,1,0,2,4,60,34,1024,True
370,resnext-saycam(S)-v,split_text,0.9150390625,0.2788235545158386,0.008713236078619957,between,1,0,2,4,60,34,1024,True
371,resnext-saycam(S)-v,random_color,0.6728515625,0.4691719710826874,0.01466162409633398,between,1,0,2,4,60,34,1024,True
372,resnext-saycam(S)-v,different_shapes,0.7451171875,0.4357953369617462,0.01361860428005457,between,1,0,2,4,90,34,1024,True
373,resnext-saycam(S)-v,split_text,0.771484375,0.41987645626068115,0.013121139258146286,between,1,0,2,4,90,34,1024,True
374,resnext-saycam(S)-v,random_color,0.517578125,0.4996909201145172,0.015615341253578663,between,1,0,2,4,90,34,1024,True
375,resnext-saycam(S)-v,different_shapes,0.7265625,0.4457235038280487,0.013928859494626522,between,1,0,2,4,120,34,1024,True
376,resnext-saycam(S)-v,split_text,0.865234375,0.3414730727672577,0.010671033523976803,between,1,0,2,4,120,34,1024,True
377,resnext-saycam(S)-v,random_color,0.6904296875,0.46231648325920105,0.014447390101850033,between,1,0,2,4,120,34,1024,True
378,resnext-saycam(S)-v,different_shapes,0.8466796875,0.36029598116874695,0.011259249411523342,between,1,0,2,4,135,34,1024,True
379,resnext-saycam(S)-v,split_text,0.95703125,0.20278668403625488,0.006337083876132965,between,1,0,2,4,135,34,1024,True
380,resnext-saycam(S)-v,random_color,0.818359375,0.38554805517196655,0.012048376724123955,between,1,0,2,4,135,34,1024,True
381,resnext-saycam(S)-v,different_shapes,0.78125,0.4133986532688141,0.01291870791465044,between,1,0,2,4,150,34,1024,True
382,resnext-saycam(S)-v,split_text,0.9306640625,0.25402453541755676,0.007938266731798649,between,1,0,2,4,150,34,1024,True
383,resnext-saycam(S)-v,random_color,0.7578125,0.4284071922302246,0.013387724757194519,between,1,0,2,4,150,34,1024,True
