,train_min_loss,train_min_acc,train_min_epoch,val_min_loss,val_min_acc,val_min_epoch,test_loss,test_acc,test_epoch,test_target_object,test_reference_object,test_proportion,test_seed,test_type,model,global_seed,unpooled_output
0,0.0016462689865919121,1.0,11,0.0013950508804746757,1.0,11,0.20798154711556777,0.9278056569343066,11,BeachBall,Basket,0.125,33,target_object_reference_object_configuration,mobilenet-saycam(S),33,False
1,0.0018818156042624355,1.0,9,0.0021103060939104148,1.0,9,0.21917251110973174,0.9275775547445255,9,BeachBall,Basket,0.125,34,target_object_reference_object_configuration,mobilenet-saycam(S),33,False
2,0.0025126232680758036,1.0,9,0.003879504161886871,0.9991776315789473,7,0.17560160993666382,0.9345346715328468,7,BeachBall,Basket,0.125,35,target_object_reference_object_configuration,mobilenet-saycam(S),33,False
3,0.0011480796539732423,1.0,14,0.0014428344974907017,1.0,14,0.18849494372091738,0.9353330291970803,14,BeachBall,Basket,0.125,36,target_object_reference_object_configuration,mobilenet-saycam(S),33,False
4,0.0018093610061080117,1.0,9,0.0012208017287775874,1.0,9,0.20232261340605456,0.9311131386861314,9,BeachBall,Basket,0.125,37,target_object_reference_object_configuration,mobilenet-saycam(S),33,False
5,0.0016100835267255217,1.0,9,0.0014001663290209283,1.0,9,0.07178072880223406,0.974566605839416,9,BeachBall,CardboardBoxNoFlaps,0.125,33,target_object_reference_object_configuration,mobilenet-saycam(S),33,False
6,0.001558575564076709,1.0,9,0.0016770568572131819,1.0,9,0.08525465892629004,0.9677235401459854,9,BeachBall,CardboardBoxNoFlaps,0.125,34,target_object_reference_object_configuration,mobilenet-saycam(S),33,False
7,0.001075367185887488,1.0,10,0.0022972834321033013,0.9991776315789473,10,0.06489010411293422,0.9774178832116789,10,BeachBall,CardboardBoxNoFlaps,0.125,35,target_object_reference_object_configuration,mobilenet-saycam(S),33,False
8,0.0017763761837170068,1.0,10,0.0023076425055286996,1.0,9,0.07394586524664404,0.9733120437956204,9,BeachBall,CardboardBoxNoFlaps,0.125,36,target_object_reference_object_configuration,mobilenet-saycam(S),33,False
9,0.002213425461640469,1.0,9,0.0018436508314487966,1.0,9,0.07212615187788028,0.9737682481751825,9,BeachBall,CardboardBoxNoFlaps,0.125,37,target_object_reference_object_configuration,mobilenet-saycam(S),33,False
10,0.001470229696624082,1.0,9,0.0013918133136987883,1.0,9,0.14796372257762785,0.947992700729927,9,BeachBall,ShortBoxNoFlaps,0.125,33,target_object_reference_object_configuration,mobilenet-saycam(S),33,False
11,0.001460595843094648,1.0,11,0.0014009390234653103,1.0,11,0.1362156848384201,0.9515282846715328,11,BeachBall,ShortBoxNoFlaps,0.125,34,target_object_reference_object_configuration,mobilenet-saycam(S),33,False
12,0.0016369399301152318,1.0,9,0.0014793228183407336,1.0,9,0.14872130644881595,0.9465100364963503,9,BeachBall,ShortBoxNoFlaps,0.125,35,target_object_reference_object_configuration,mobilenet-saycam(S),33,False
13,0.0019284395552913558,1.0,9,0.0022163644898682833,1.0,9,0.1638649426771151,0.9403512773722628,9,BeachBall,ShortBoxNoFlaps,0.125,36,target_object_reference_object_configuration,mobilenet-saycam(S),33,False
14,0.0012473120127596993,1.0,9,0.0012524434584376745,1.0,9,0.1413999061961828,0.9505018248175182,9,BeachBall,ShortBoxNoFlaps,0.125,37,target_object_reference_object_configuration,mobilenet-saycam(S),33,False
15,0.0017081754931167375,1.0,11,0.0015341136512640667,1.0,11,0.5598928853427569,0.8387317518248175,11,BeachBall,WoodenBasket,0.125,33,target_object_reference_object_configuration,mobilenet-saycam(S),33,False
16,0.0013003806257129546,1.0,12,0.0012612076687602031,1.0,12,0.7452031372618066,0.8233348540145985,12,BeachBall,WoodenBasket,0.125,34,target_object_reference_object_configuration,mobilenet-saycam(S),33,False
17,0.0016001512516354468,1.0,10,0.0035534395467134586,0.9983552631578947,10,0.557395284796596,0.843521897810219,10,BeachBall,WoodenBasket,0.125,35,target_object_reference_object_configuration,mobilenet-saycam(S),33,False
18,0.0010945381992829666,1.0,12,0.0009210449551526261,1.0,12,0.5817753210677391,0.8428375912408759,12,BeachBall,WoodenBasket,0.125,36,target_object_reference_object_configuration,mobilenet-saycam(S),33,False
19,0.0012177262360199231,1.0,12,0.0010557044649766268,1.0,12,0.7382414488115069,0.828809306569343,12,BeachBall,WoodenBasket,0.125,37,target_object_reference_object_configuration,mobilenet-saycam(S),33,False
20,0.0020550185381799533,1.0,11,0.0018090668523463567,1.0,11,0.20435199493849923,0.9252965328467153,11,Knight,Basket,0.125,33,target_object_reference_object_configuration,mobilenet-saycam(S),33,False
21,0.002665902653439756,1.0,10,0.0029932508723026045,1.0,9,0.16391830703207605,0.937271897810219,9,Knight,Basket,0.125,34,target_object_reference_object_configuration,mobilenet-saycam(S),33,False
22,0.001774962943963179,1.0,13,0.0020352944296686665,1.0,13,0.17213009331412749,0.937271897810219,13,Knight,Basket,0.125,35,target_object_reference_object_configuration,mobilenet-saycam(S),33,False
23,0.0017399090278756254,1.0,11,0.0017551635851544376,1.0,11,0.2078894620279469,0.9258667883211679,11,Knight,Basket,0.125,36,target_object_reference_object_configuration,mobilenet-saycam(S),33,False
24,0.002974915728099218,1.0,10,0.0018905082864588813,1.0,10,0.17882946538432998,0.931911496350365,10,Knight,Basket,0.125,37,target_object_reference_object_configuration,mobilenet-saycam(S),33,False
25,0.0009009837089997088,1.0,13,0.0009050822348064301,1.0,13,0.052436981308174126,0.9775319343065694,13,Knight,CardboardBoxNoFlaps,0.125,33,target_object_reference_object_configuration,mobilenet-saycam(S),33,False
26,0.001399580128203393,1.0,11,0.0014105725399292026,1.0,11,0.04489834959356175,0.9820939781021898,11,Knight,CardboardBoxNoFlaps,0.125,34,target_object_reference_object_configuration,mobilenet-saycam(S),33,False
27,0.0015779059511435453,1.0,9,0.0018523150142037163,1.0,9,0.06232356816618601,0.9720574817518248,9,Knight,CardboardBoxNoFlaps,0.125,35,target_object_reference_object_configuration,mobilenet-saycam(S),33,False
28,0.0015202255669563268,1.0,11,0.0016237227521885775,1.0,10,0.049454528455160233,0.9789005474452555,10,Knight,CardboardBoxNoFlaps,0.125,36,target_object_reference_object_configuration,mobilenet-saycam(S),33,False
29,0.0020914808138700045,1.0,10,0.0017218780673207029,1.0,10,0.0380715292744189,0.9852874087591241,10,Knight,CardboardBoxNoFlaps,0.125,37,target_object_reference_object_configuration,mobilenet-saycam(S),33,False
30,0.0015935195201070957,1.0,11,0.0015912653149203642,1.0,11,0.09009407372698255,0.9619069343065694,11,Knight,ShortBoxNoFlaps,0.125,33,target_object_reference_object_configuration,mobilenet-saycam(S),33,False
31,0.001194754336835783,1.0,10,0.000916806049644947,1.0,10,0.09195647448473708,0.9611085766423357,10,Knight,ShortBoxNoFlaps,0.125,34,target_object_reference_object_configuration,mobilenet-saycam(S),33,False
32,0.0008592930357133217,1.0,13,0.0009775244045733033,1.0,13,0.07808350592623907,0.9681797445255474,13,Knight,ShortBoxNoFlaps,0.125,35,target_object_reference_object_configuration,mobilenet-saycam(S),33,False
33,0.001989468904450558,1.0,8,0.0016084681418234187,1.0,8,0.0917635524040428,0.9601961678832117,8,Knight,ShortBoxNoFlaps,0.125,36,target_object_reference_object_configuration,mobilenet-saycam(S),33,False
34,0.0014875504123018943,1.0,11,0.0015184625586507057,1.0,11,0.10220763487163523,0.9570027372262774,11,Knight,ShortBoxNoFlaps,0.125,37,target_object_reference_object_configuration,mobilenet-saycam(S),33,False
35,0.001186888981947159,1.0,13,0.0007747664119386556,1.0,13,0.46883687591558343,0.8744297445255474,13,Knight,WoodenBasket,0.125,33,target_object_reference_object_configuration,mobilenet-saycam(S),33,False
36,0.0029007349645786256,1.0,10,0.002083567902445793,1.0,10,0.5367742996759727,0.8548129562043796,10,Knight,WoodenBasket,0.125,34,target_object_reference_object_configuration,mobilenet-saycam(S),33,False
37,0.001381031957248798,1.0,14,0.002544262103344265,1.0,13,0.487661833429189,0.8640510948905109,13,Knight,WoodenBasket,0.125,35,target_object_reference_object_configuration,mobilenet-saycam(S),33,False
38,0.0014980147878151297,1.0,13,0.0015457520647415596,1.0,12,0.45643876998831456,0.8661040145985401,12,Knight,WoodenBasket,0.125,36,target_object_reference_object_configuration,mobilenet-saycam(S),33,False
39,0.0027802827265197747,1.0,9,0.0025333636440336704,1.0,9,0.5007971365512077,0.8585766423357665,9,Knight,WoodenBasket,0.125,37,target_object_reference_object_configuration,mobilenet-saycam(S),33,False
40,0.0024122726891038335,1.0,8,0.00244168563451814,1.0,7,0.30788244180598834,0.9051094890510949,7,Lego,Basket,0.125,33,target_object_reference_object_configuration,mobilenet-saycam(S),33,False
41,0.0014791753378357313,1.0,11,0.0017491001482611817,1.0,11,0.3074515747445405,0.9087591240875912,11,Lego,Basket,0.125,34,target_object_reference_object_configuration,mobilenet-saycam(S),33,False
42,0.0013842672894706007,1.0,12,0.0024142506422082845,0.9991776315789473,11,0.3110774131219861,0.9079607664233577,11,Lego,Basket,0.125,35,target_object_reference_object_configuration,mobilenet-saycam(S),33,False
43,0.0017729423409299813,1.0,11,0.001403532427502796,1.0,11,0.32706037099153673,0.9045392335766423,11,Lego,Basket,0.125,36,target_object_reference_object_configuration,mobilenet-saycam(S),33,False
44,0.0015458425609338805,1.0,11,0.0013461120757519414,1.0,11,0.31209654897369826,0.9076186131386861,11,Lego,Basket,0.125,37,target_object_reference_object_configuration,mobilenet-saycam(S),33,False
45,0.0017376963562172197,1.0,9,0.0016935811114595517,1.0,9,0.23665709482560301,0.9434306569343066,9,Lego,CardboardBoxNoFlaps,0.125,33,target_object_reference_object_configuration,mobilenet-saycam(S),33,False
46,0.0015901561210377995,1.0,9,0.001426702758946799,1.0,9,0.20077122593666388,0.953353102189781,9,Lego,CardboardBoxNoFlaps,0.125,34,target_object_reference_object_configuration,mobilenet-saycam(S),33,False
47,0.0016721745976457283,1.0,9,0.0021463316883646734,1.0,9,0.19534416927362921,0.9551779197080292,9,Lego,CardboardBoxNoFlaps,0.125,35,target_object_reference_object_configuration,mobilenet-saycam(S),33,False
48,0.0012277696588138365,1.0,9,0.001080357459661747,1.0,9,0.25497870494094915,0.9440009124087592,9,Lego,CardboardBoxNoFlaps,0.125,36,target_object_reference_object_configuration,mobilenet-saycam(S),33,False
49,0.0013573747817272634,1.0,11,0.0016318706192051697,1.0,11,0.22965066350722876,0.9499315693430657,11,Lego,CardboardBoxNoFlaps,0.125,37,target_object_reference_object_configuration,mobilenet-saycam(S),33,False
50,0.0009792580839782302,1.0,12,0.0013195094836287592,1.0,11,0.25874496343797143,0.9287180656934306,11,Lego,ShortBoxNoFlaps,0.125,33,target_object_reference_object_configuration,mobilenet-saycam(S),33,False
51,0.0017423569179190524,1.0,9,0.0016594353226920295,1.0,9,0.24000634589561995,0.9264370437956204,9,Lego,ShortBoxNoFlaps,0.125,34,target_object_reference_object_configuration,mobilenet-saycam(S),33,False
52,0.0019793245392284884,1.0,9,0.001897726364213189,1.0,9,0.23259984515607357,0.9263229927007299,9,Lego,ShortBoxNoFlaps,0.125,35,target_object_reference_object_configuration,mobilenet-saycam(S),33,False
53,0.0013842811532380306,1.0,9,0.0011966656679042469,1.0,9,0.2417872919213285,0.9345346715328468,9,Lego,ShortBoxNoFlaps,0.125,36,target_object_reference_object_configuration,mobilenet-saycam(S),33,False
54,0.0015726888963268194,1.0,9,0.0019099908439736617,1.0,9,0.24403533772191535,0.9297445255474452,9,Lego,ShortBoxNoFlaps,0.125,37,target_object_reference_object_configuration,mobilenet-saycam(S),33,False
55,0.001597081446923394,1.0,12,0.0014264110328727647,1.0,12,0.6258848872117317,0.8306341240875912,12,Lego,WoodenBasket,0.125,33,target_object_reference_object_configuration,mobilenet-saycam(S),33,False
56,0.0018020066806446221,1.0,9,0.0015218568273427848,1.0,9,0.6679808181730935,0.8286952554744526,9,Lego,WoodenBasket,0.125,34,target_object_reference_object_configuration,mobilenet-saycam(S),33,False
57,0.002120945284967816,1.0,11,0.0026096746288730125,1.0,11,0.5994977690687362,0.8357664233576643,11,Lego,WoodenBasket,0.125,35,target_object_reference_object_configuration,mobilenet-saycam(S),33,False
58,0.0017500900839110389,1.0,11,0.0014145933980073192,1.0,11,0.6827068686702825,0.8285812043795621,11,Lego,WoodenBasket,0.125,36,target_object_reference_object_configuration,mobilenet-saycam(S),33,False
59,0.0028654184996806846,1.0,10,0.0023196749572985268,1.0,10,0.6624204463930461,0.8256158759124088,10,Lego,WoodenBasket,0.125,37,target_object_reference_object_configuration,mobilenet-saycam(S),33,False
60,0.0008975529934718633,1.0,13,0.0008749066741744938,1.0,13,0.18571549098102552,0.9333941605839416,13,Pineapple,Basket,0.125,33,target_object_reference_object_configuration,mobilenet-saycam(S),33,False
61,0.0021538656697249465,1.0,10,0.0023710817852253584,1.0,10,0.21844550054240483,0.921646897810219,10,Pineapple,Basket,0.125,34,target_object_reference_object_configuration,mobilenet-saycam(S),33,False
62,0.0018294236751789429,1.0,11,0.001918659303459878,1.0,11,0.19142251636622215,0.9295164233576643,11,Pineapple,Basket,0.125,35,target_object_reference_object_configuration,mobilenet-saycam(S),33,False
63,0.0022833241578976973,1.0,9,0.0021253123995848,1.0,9,0.19478290354965566,0.9265510948905109,9,Pineapple,Basket,0.125,36,target_object_reference_object_configuration,mobilenet-saycam(S),33,False
64,0.0023727828194247,1.0,11,0.002043447555287888,1.0,11,0.1972514268046544,0.9262089416058394,11,Pineapple,Basket,0.125,37,target_object_reference_object_configuration,mobilenet-saycam(S),33,False
65,0.0013305908754532483,1.0,11,0.0019860943859001915,1.0,10,0.04304152263229013,0.9840328467153284,10,Pineapple,CardboardBoxNoFlaps,0.125,33,target_object_reference_object_configuration,mobilenet-saycam(S),33,False
66,0.002291022268325898,1.0,9,0.0019126782978051587,1.0,9,0.03874436655835109,0.9858576642335767,9,Pineapple,CardboardBoxNoFlaps,0.125,34,target_object_reference_object_configuration,mobilenet-saycam(S),33,False
67,0.0015283845426761601,1.0,11,0.0020260395402529915,1.0,11,0.03524387635742688,0.9872262773722628,11,Pineapple,CardboardBoxNoFlaps,0.125,35,target_object_reference_object_configuration,mobilenet-saycam(S),33,False
68,0.0019848721539489477,1.0,10,0.0017775615346372912,1.0,10,0.03568878146840164,0.9871122262773723,10,Pineapple,CardboardBoxNoFlaps,0.125,36,target_object_reference_object_configuration,mobilenet-saycam(S),33,False
69,0.0019088280685274042,1.0,10,0.002058558349840735,1.0,10,0.03682342953861004,0.9867700729927007,10,Pineapple,CardboardBoxNoFlaps,0.125,37,target_object_reference_object_configuration,mobilenet-saycam(S),33,False
70,0.001699591752601765,1.0,9,0.0021266036783345044,1.0,9,0.10779697466645913,0.9562043795620438,9,Pineapple,ShortBoxNoFlaps,0.125,33,target_object_reference_object_configuration,mobilenet-saycam(S),33,False
71,0.0009623840459130132,1.0,13,0.0007636985116589226,1.0,13,0.1040012467549315,0.958941605839416,13,Pineapple,ShortBoxNoFlaps,0.125,34,target_object_reference_object_configuration,mobilenet-saycam(S),33,False
72,0.00229321443686172,1.0,9,0.002334452853047926,1.0,9,0.10938978326603783,0.9532390510948905,9,Pineapple,ShortBoxNoFlaps,0.125,35,target_object_reference_object_configuration,mobilenet-saycam(S),33,False
73,0.0012830016033160108,1.0,12,0.0012035793548229297,1.0,11,0.08952590257454542,0.9637317518248175,11,Pineapple,ShortBoxNoFlaps,0.125,36,target_object_reference_object_configuration,mobilenet-saycam(S),33,False
74,0.0010583812234318726,1.0,12,0.0010891542195550802,1.0,12,0.12704076388524504,0.9506158759124088,12,Pineapple,ShortBoxNoFlaps,0.125,37,target_object_reference_object_configuration,mobilenet-saycam(S),33,False
75,0.002195879896956844,1.0,9,0.0033961900350588715,0.9991776315789473,9,0.4477709539971369,0.8641651459854015,9,Pineapple,WoodenBasket,0.125,33,target_object_reference_object_configuration,mobilenet-saycam(S),33,False
76,0.0013154618002345268,1.0,12,0.001115199665563475,1.0,12,0.6165952395930729,0.8527600364963503,12,Pineapple,WoodenBasket,0.125,34,target_object_reference_object_configuration,mobilenet-saycam(S),33,False
77,0.0010881858158306814,1.0,14,0.0012199622211291601,1.0,14,0.5841607811956762,0.859146897810219,14,Pineapple,WoodenBasket,0.125,35,target_object_reference_object_configuration,mobilenet-saycam(S),33,False
78,0.00157358164650792,1.0,12,0.0019901375160675102,0.9991776315789473,12,0.6086763597750376,0.8491104014598541,12,Pineapple,WoodenBasket,0.125,36,target_object_reference_object_configuration,mobilenet-saycam(S),33,False
79,0.0021413808428340153,1.0,10,0.0020706525783201583,1.0,10,0.4431767244759546,0.8643932481751825,10,Pineapple,WoodenBasket,0.125,37,target_object_reference_object_configuration,mobilenet-saycam(S),33,False
80,0.0023381645301727197,1.0,9,0.0024439878792403952,1.0,10,0.20802717423066497,0.9154881386861314,10,PingPong,Basket,0.125,33,target_object_reference_object_configuration,mobilenet-saycam(S),33,False
81,0.001884449930112607,1.0,11,0.0023434840412320276,1.0,11,0.20775344507449245,0.9157162408759124,11,PingPong,Basket,0.125,34,target_object_reference_object_configuration,mobilenet-saycam(S),33,False
82,0.0017862155851529327,1.0,11,0.0018583528397261705,1.0,11,0.1943193878162734,0.9219890510948905,11,PingPong,Basket,0.125,35,target_object_reference_object_configuration,mobilenet-saycam(S),33,False
83,0.0013811639477660127,1.0,12,0.0013093366088517207,1.0,12,0.21206385763973867,0.9141195255474452,12,PingPong,Basket,0.125,36,target_object_reference_object_configuration,mobilenet-saycam(S),33,False
84,0.0015992879220957767,1.0,11,0.0011765225912983481,1.0,11,0.18841263022355353,0.9226733576642335,11,PingPong,Basket,0.125,37,target_object_reference_object_configuration,mobilenet-saycam(S),33,False
85,0.0020753299175405382,0.9999058734939759,9,0.0019312621841795351,1.0,8,0.23315809878867363,0.9322536496350365,8,PingPong,CardboardBoxNoFlaps,0.125,33,target_object_reference_object_configuration,mobilenet-saycam(S),33,False
86,0.0015792849081630134,0.9999058734939759,9,0.0014834973538343451,1.0,9,0.21424952603495903,0.9419479927007299,9,PingPong,CardboardBoxNoFlaps,0.125,34,target_object_reference_object_configuration,mobilenet-saycam(S),33,False
87,0.0010246260326421618,1.0,13,0.0012880209496391839,1.0,13,0.20584928401045666,0.9457116788321168,13,PingPong,CardboardBoxNoFlaps,0.125,35,target_object_reference_object_configuration,mobilenet-saycam(S),33,False
88,0.001219997705305444,1.0,12,0.0013101624193184666,1.0,12,0.15924397886587974,0.9551779197080292,12,PingPong,CardboardBoxNoFlaps,0.125,36,target_object_reference_object_configuration,mobilenet-saycam(S),33,False
89,0.0014837308764367937,1.0,9,0.001364135377930085,1.0,9,0.22094146638809548,0.9418339416058394,9,PingPong,CardboardBoxNoFlaps,0.125,37,target_object_reference_object_configuration,mobilenet-saycam(S),33,False
90,0.0017649191477285497,1.0,9,0.002112504572754628,1.0,8,0.1587890346813267,0.9360173357664233,8,PingPong,ShortBoxNoFlaps,0.125,33,target_object_reference_object_configuration,mobilenet-saycam(S),33,False
91,0.001482939165462852,1.0,9,0.0012100530485009873,1.0,9,0.14471495142682408,0.9425182481751825,9,PingPong,ShortBoxNoFlaps,0.125,34,target_object_reference_object_configuration,mobilenet-saycam(S),33,False
92,0.001002440195396004,1.0,10,0.00100582468746181,1.0,10,0.14914380301157162,0.942404197080292,10,PingPong,ShortBoxNoFlaps,0.125,35,target_object_reference_object_configuration,mobilenet-saycam(S),33,False
93,0.0009683065436547622,1.0,10,0.0008890488511257756,1.0,10,0.13775483098384128,0.9454835766423357,10,PingPong,ShortBoxNoFlaps,0.125,36,target_object_reference_object_configuration,mobilenet-saycam(S),33,False
94,0.0009908226582695764,1.0,13,0.0006788033650465016,1.0,13,0.1533822365441652,0.9402372262773723,13,PingPong,ShortBoxNoFlaps,0.125,37,target_object_reference_object_configuration,mobilenet-saycam(S),33,False
95,0.002072654049829524,1.0,10,0.0021126353377966503,1.0,10,0.5184928663618809,0.8256158759124088,10,PingPong,WoodenBasket,0.125,33,target_object_reference_object_configuration,mobilenet-saycam(S),33,False
96,0.0016352416690107974,1.0,12,0.002083359627776142,1.0,12,0.6051568503552762,0.8103330291970803,12,PingPong,WoodenBasket,0.125,34,target_object_reference_object_configuration,mobilenet-saycam(S),33,False
97,0.0023248109304492013,1.0,10,0.0022030321047886423,1.0,10,0.4920412410988751,0.8267563868613139,10,PingPong,WoodenBasket,0.125,35,target_object_reference_object_configuration,mobilenet-saycam(S),33,False
98,0.0019816728224641227,0.9999058734939759,9,0.0019161319865624567,1.0,9,0.6359865740213516,0.8126140510948905,9,PingPong,WoodenBasket,0.125,36,target_object_reference_object_configuration,mobilenet-saycam(S),33,False
99,0.0018188727887049991,1.0,10,0.0029683016749147916,0.9991776315789473,10,0.5744995719398012,0.8139826642335767,10,PingPong,WoodenBasket,0.125,37,target_object_reference_object_configuration,mobilenet-saycam(S),33,False
100,0.0026504761463659533,1.0,10,0.0022591096686052255,1.0,10,0.14202413111789167,0.9379562043795621,10,Robot,Basket,0.125,33,target_object_reference_object_configuration,mobilenet-saycam(S),33,False
101,0.002421140456530097,1.0,10,0.002490083797295627,1.0,10,0.13761704749288378,0.9401231751824818,10,Robot,Basket,0.125,34,target_object_reference_object_configuration,mobilenet-saycam(S),33,False
102,0.0018399849289282035,1.0,11,0.0022576257868326807,1.0,11,0.13925271099739212,0.9405793795620438,11,Robot,Basket,0.125,35,target_object_reference_object_configuration,mobilenet-saycam(S),33,False
103,0.0019288777397575237,1.0,11,0.001933550284440188,1.0,11,0.12594296429714147,0.9457116788321168,11,Robot,Basket,0.125,36,target_object_reference_object_configuration,mobilenet-saycam(S),33,False
104,0.0015939558990838297,1.0,11,0.0013645084063203907,1.0,11,0.15925069727397856,0.931683394160584,11,Robot,Basket,0.125,37,target_object_reference_object_configuration,mobilenet-saycam(S),33,False
105,0.0015660984036989555,1.0,11,0.0015213940549935949,1.0,11,0.14280914327547797,0.9572308394160584,11,Robot,CardboardBoxNoFlaps,0.125,33,target_object_reference_object_configuration,mobilenet-saycam(S),33,False
106,0.002252828288425029,1.0,8,0.0022479284977491355,1.0,8,0.10784199332859176,0.9658987226277372,8,Robot,CardboardBoxNoFlaps,0.125,34,target_object_reference_object_configuration,mobilenet-saycam(S),33,False
107,0.0015465716569451615,1.0,11,0.0018873083631900187,1.0,11,0.13011135172139662,0.9581432481751825,11,Robot,CardboardBoxNoFlaps,0.125,35,target_object_reference_object_configuration,mobilenet-saycam(S),33,False
108,0.0021175866384137735,1.0,8,0.002243096771723542,1.0,8,0.0982220699011355,0.9682937956204379,8,Robot,CardboardBoxNoFlaps,0.125,36,target_object_reference_object_configuration,mobilenet-saycam(S),33,False
109,0.0015891336715648354,1.0,10,0.001517787231071117,1.0,10,0.13941914775305986,0.9556341240875912,10,Robot,CardboardBoxNoFlaps,0.125,37,target_object_reference_object_configuration,mobilenet-saycam(S),33,False
110,0.0014947978639414153,1.0,9,0.0017133275993584998,1.0,9,0.10767856141192036,0.9550638686131386,9,Robot,ShortBoxNoFlaps,0.125,33,target_object_reference_object_configuration,mobilenet-saycam(S),33,False
111,0.0020328695319189005,1.0,9,0.0019345834336586688,1.0,9,0.1219542170935319,0.947536496350365,9,Robot,ShortBoxNoFlaps,0.125,34,target_object_reference_object_configuration,mobilenet-saycam(S),33,False
112,0.0016781111152811784,1.0,10,0.002187086590933368,1.0,10,0.11274619905760742,0.948905109489051,10,Robot,ShortBoxNoFlaps,0.125,35,target_object_reference_object_configuration,mobilenet-saycam(S),33,False
113,0.0011614157272298,1.0,12,0.0010269222563549288,1.0,12,0.08613412853850419,0.9660127737226277,12,Robot,ShortBoxNoFlaps,0.125,36,target_object_reference_object_configuration,mobilenet-saycam(S),33,False
114,0.0016758702143098239,1.0,9,0.001252071760398777,1.0,9,0.10002704490576089,0.9554060218978102,9,Robot,ShortBoxNoFlaps,0.125,37,target_object_reference_object_configuration,mobilenet-saycam(S),33,False
115,0.0016812029431773215,1.0,11,0.0019469045923630659,1.0,11,0.6742832827142586,0.8219662408759124,11,Robot,WoodenBasket,0.125,33,target_object_reference_object_configuration,mobilenet-saycam(S),33,False
116,0.002106962740598022,1.0,9,0.0029364496065107616,1.0,8,0.6557735670149755,0.818316605839416,8,Robot,WoodenBasket,0.125,34,target_object_reference_object_configuration,mobilenet-saycam(S),33,False
117,0.0012371346106576026,1.0,12,0.0014329393100189535,1.0,12,0.6832017525195664,0.8282390510948905,12,Robot,WoodenBasket,0.125,35,target_object_reference_object_configuration,mobilenet-saycam(S),33,False
118,0.0014595822767769716,1.0,13,0.002108390616118222,1.0,13,0.6677564849548491,0.8247034671532847,13,Robot,WoodenBasket,0.125,36,target_object_reference_object_configuration,mobilenet-saycam(S),33,False
119,0.0020929201953505806,1.0,9,0.0022944858218053063,1.0,9,0.6196743758840582,0.8272125912408759,9,Robot,WoodenBasket,0.125,37,target_object_reference_object_configuration,mobilenet-saycam(S),33,False
120,0.002118616209909634,1.0,8,0.002332202106787774,1.0,7,0.2634891158200964,0.9390967153284672,7,RubberDuck,Basket,0.125,33,target_object_reference_object_configuration,mobilenet-saycam(S),33,False
121,0.0024259360282715544,0.9999058734939759,10,0.003754224812023734,0.9991776315789473,10,0.273811253399527,0.9320255474452555,10,RubberDuck,Basket,0.125,34,target_object_reference_object_configuration,mobilenet-saycam(S),33,False
122,0.001444045820691432,1.0,11,0.002392125738735654,0.9991776315789473,11,0.2661827205659917,0.9425182481751825,11,RubberDuck,Basket,0.125,35,target_object_reference_object_configuration,mobilenet-saycam(S),33,False
123,0.0011411980546643418,1.0,12,0.001261768092119478,1.0,11,0.3083389021157131,0.9286040145985401,11,RubberDuck,Basket,0.125,36,target_object_reference_object_configuration,mobilenet-saycam(S),33,False
124,0.0018920132273903497,1.0,9,0.0015484001793849625,1.0,9,0.2910331375760971,0.9347627737226277,9,RubberDuck,Basket,0.125,37,target_object_reference_object_configuration,mobilenet-saycam(S),33,False
125,0.0015195300015382446,1.0,10,0.0014681517557044955,1.0,10,0.26298803411318794,0.9571167883211679,10,RubberDuck,CardboardBoxNoFlaps,0.125,33,target_object_reference_object_configuration,mobilenet-saycam(S),33,False
126,0.0008147543108445615,1.0,13,0.000893496301662373,1.0,12,0.29938901705075954,0.9514142335766423,12,RubberDuck,CardboardBoxNoFlaps,0.125,34,target_object_reference_object_configuration,mobilenet-saycam(S),33,False
127,0.0013709284774734672,1.0,9,0.0024585763396891324,1.0,9,0.2682821109183948,0.9571167883211679,9,RubberDuck,CardboardBoxNoFlaps,0.125,35,target_object_reference_object_configuration,mobilenet-saycam(S),33,False
128,0.0014550753449915953,1.0,11,0.0012449205096345395,1.0,11,0.26037188840649317,0.9565465328467153,11,RubberDuck,CardboardBoxNoFlaps,0.125,36,target_object_reference_object_configuration,mobilenet-saycam(S),33,False
129,0.001201218718358495,1.0,12,0.0009795426993054878,1.0,12,0.28202600878099127,0.9563184306569343,12,RubberDuck,CardboardBoxNoFlaps,0.125,37,target_object_reference_object_configuration,mobilenet-saycam(S),33,False
130,0.0015403318749418124,1.0,11,0.0020504276127260375,1.0,10,0.1824185778913734,0.9485629562043796,10,RubberDuck,ShortBoxNoFlaps,0.125,33,target_object_reference_object_configuration,mobilenet-saycam(S),33,False
131,0.001435935407868553,1.0,11,0.0013896812360096526,1.0,11,0.19575932721206307,0.9490191605839416,11,RubberDuck,ShortBoxNoFlaps,0.125,34,target_object_reference_object_configuration,mobilenet-saycam(S),33,False
132,0.0018414525642671275,1.0,10,0.002261469226428553,1.0,10,0.19046641451163884,0.9483348540145985,10,RubberDuck,ShortBoxNoFlaps,0.125,35,target_object_reference_object_configuration,mobilenet-saycam(S),33,False
133,0.0011675797398650952,1.0,9,0.0011995777833937226,1.0,9,0.20179490043516576,0.9434306569343066,9,RubberDuck,ShortBoxNoFlaps,0.125,36,target_object_reference_object_configuration,mobilenet-saycam(S),33,False
134,0.00141758593507616,1.0,9,0.0011324970569388058,1.0,9,0.20179337307973935,0.9502737226277372,9,RubberDuck,ShortBoxNoFlaps,0.125,37,target_object_reference_object_configuration,mobilenet-saycam(S),33,False
135,0.0011435155343006264,1.0,13,0.0017668291065523303,1.0,13,0.7189441051327344,0.828809306569343,13,RubberDuck,WoodenBasket,0.125,33,target_object_reference_object_configuration,mobilenet-saycam(S),33,False
136,0.001630435994733686,1.0,9,0.0023368213013255676,1.0,9,0.8443589460165886,0.8093065693430657,9,RubberDuck,WoodenBasket,0.125,34,target_object_reference_object_configuration,mobilenet-saycam(S),33,False
137,0.00200939872049648,0.9999058734939759,9,0.002142523096776322,1.0,9,0.8579050881557003,0.7993841240875912,9,RubberDuck,WoodenBasket,0.125,35,target_object_reference_object_configuration,mobilenet-saycam(S),33,False
138,0.0013170533784432337,1.0,11,0.001462520692209517,1.0,11,0.7952199983444527,0.8147810218978102,11,RubberDuck,WoodenBasket,0.125,36,target_object_reference_object_configuration,mobilenet-saycam(S),33,False
139,0.0018747257453064065,1.0,9,0.002178879036555851,1.0,9,0.8226750322522419,0.8025775547445255,9,RubberDuck,WoodenBasket,0.125,37,target_object_reference_object_configuration,mobilenet-saycam(S),33,False
140,0.001752628422873824,1.0,11,0.0017203140351308608,1.0,11,0.3515775300983856,0.8911952554744526,11,Teddy,Basket,0.125,33,target_object_reference_object_configuration,mobilenet-saycam(S),33,False
141,0.0021856443373365776,1.0,10,0.0034755904129461237,1.0,9,0.3888464432811351,0.8786496350364964,9,Teddy,Basket,0.125,34,target_object_reference_object_configuration,mobilenet-saycam(S),33,False
142,0.0014718082878620823,1.0,10,0.002218253343782731,1.0,10,0.34305269916603054,0.8949589416058394,10,Teddy,Basket,0.125,35,target_object_reference_object_configuration,mobilenet-saycam(S),33,False
143,0.0016018823135457653,1.0,9,0.0020147976741243744,1.0,9,0.3907869068130742,0.8824133211678832,9,Teddy,Basket,0.125,36,target_object_reference_object_configuration,mobilenet-saycam(S),33,False
144,0.001808527634754014,1.0,9,0.00160569807600328,1.0,9,0.3739868833744613,0.8810447080291971,9,Teddy,Basket,0.125,37,target_object_reference_object_configuration,mobilenet-saycam(S),33,False
145,0.0015317670030011628,1.0,8,0.001438578295117048,1.0,8,0.25317062405881263,0.9198220802919708,8,Teddy,CardboardBoxNoFlaps,0.125,33,target_object_reference_object_configuration,mobilenet-saycam(S),33,False
146,0.0015413577653290928,1.0,11,0.0016290471677692902,1.0,11,0.23202711927031514,0.9197080291970803,11,Teddy,CardboardBoxNoFlaps,0.125,34,target_object_reference_object_configuration,mobilenet-saycam(S),33,False
147,0.0016978062269928675,1.0,10,0.002123207716259027,1.0,10,0.25631724310916487,0.9171989051094891,10,Teddy,CardboardBoxNoFlaps,0.125,35,target_object_reference_object_configuration,mobilenet-saycam(S),33,False
148,0.0018121083133786648,1.0,9,0.0018206778607380233,1.0,8,0.24798848199229823,0.9116104014598541,8,Teddy,CardboardBoxNoFlaps,0.125,36,target_object_reference_object_configuration,mobilenet-saycam(S),33,False
149,0.0016876092006688017,1.0,11,0.0014126159489694003,1.0,11,0.23262943684320597,0.9175410583941606,11,Teddy,CardboardBoxNoFlaps,0.125,37,target_object_reference_object_configuration,mobilenet-saycam(S),33,False
150,0.001408391065316286,1.0,11,0.001694950446682541,1.0,11,0.4418815130123148,0.8764826642335767,11,Teddy,ShortBoxNoFlaps,0.125,33,target_object_reference_object_configuration,mobilenet-saycam(S),33,False
151,0.001962479891210615,1.0,9,0.0020193917857556556,1.0,9,0.3957792611751896,0.8834397810218978,9,Teddy,ShortBoxNoFlaps,0.125,34,target_object_reference_object_configuration,mobilenet-saycam(S),33,False
152,0.0014482315661980356,1.0,9,0.0018410050006901944,1.0,9,0.3926748718665301,0.8824133211678832,9,Teddy,ShortBoxNoFlaps,0.125,35,target_object_reference_object_configuration,mobilenet-saycam(S),33,False
153,0.0010608569411203232,1.0,13,0.0011428845494887547,1.0,13,0.5101182368196493,0.8778512773722628,13,Teddy,ShortBoxNoFlaps,0.125,36,target_object_reference_object_configuration,mobilenet-saycam(S),33,False
154,0.0012001499815224052,1.0,12,0.0009569609775146665,1.0,12,0.40788055291521724,0.8909671532846716,12,Teddy,ShortBoxNoFlaps,0.125,37,target_object_reference_object_configuration,mobilenet-saycam(S),33,False
155,0.0014126747229461928,1.0,14,0.0018580030637646192,1.0,13,1.0726150878361786,0.7360857664233577,13,Teddy,WoodenBasket,0.125,33,target_object_reference_object_configuration,mobilenet-saycam(S),33,False
156,0.0011691834470074825,1.0,12,0.002324835225743683,1.0,12,1.0722400488359105,0.739279197080292,12,Teddy,WoodenBasket,0.125,34,target_object_reference_object_configuration,mobilenet-saycam(S),33,False
157,0.001230554810882243,1.0,12,0.0013296572295458692,1.0,12,1.191063512742934,0.7276459854014599,12,Teddy,WoodenBasket,0.125,35,target_object_reference_object_configuration,mobilenet-saycam(S),33,False
158,0.0013032463676904901,1.0,11,0.0017199791587987228,1.0,12,1.1716049033910525,0.7319799270072993,12,Teddy,WoodenBasket,0.125,36,target_object_reference_object_configuration,mobilenet-saycam(S),33,False
159,0.0024348807455242486,1.0,9,0.0029041378538271316,0.9991776315789473,9,1.0927123189869805,0.7322080291970803,9,Teddy,WoodenBasket,0.125,37,target_object_reference_object_configuration,mobilenet-saycam(S),33,False
160,0.0008856353598242873,1.0,10,0.0006716283525364768,1.0,10,0.1764323978572676,0.927463503649635,10,BeachBall,Basket,0.125,33,target_object_reference_object_configuration,resnext-saycam(S),33,False
161,0.0008342854221209783,1.0,9,0.0008916316008636434,1.0,8,0.1812050400134945,0.9256386861313869,8,BeachBall,Basket,0.125,34,target_object_reference_object_configuration,resnext-saycam(S),33,False
162,0.0011929167902338352,1.0,9,0.0010879867477342486,1.0,9,0.18091577954631108,0.9226733576642335,9,BeachBall,Basket,0.125,35,target_object_reference_object_configuration,resnext-saycam(S),33,False
163,0.0012171258352183547,1.0,7,0.0009683740852204593,1.0,7,0.19429468320016444,0.9195939781021898,7,BeachBall,Basket,0.125,36,target_object_reference_object_configuration,resnext-saycam(S),33,False
164,0.0007009070878743239,1.0,11,0.0005601868178928271,1.0,11,0.18134942223712203,0.9241560218978102,11,BeachBall,Basket,0.125,37,target_object_reference_object_configuration,resnext-saycam(S),33,False
165,0.0011933071739376937,1.0,7,0.0010548526571303803,1.0,7,0.0676392299228477,0.9737682481751825,7,BeachBall,CardboardBoxNoFlaps,0.125,33,target_object_reference_object_configuration,resnext-saycam(S),33,False
166,0.0009726233551059906,1.0,9,0.00086818533600308,1.0,9,0.06879307160111604,0.9737682481751825,9,BeachBall,CardboardBoxNoFlaps,0.125,34,target_object_reference_object_configuration,resnext-saycam(S),33,False
167,0.0008093858502751935,1.0,10,0.0007789714712232939,1.0,10,0.07357967582600952,0.9730839416058394,10,BeachBall,CardboardBoxNoFlaps,0.125,35,target_object_reference_object_configuration,resnext-saycam(S),33,False
168,0.0004874173677943686,1.0,12,0.0004539302394014636,1.0,12,0.07198407276861546,0.9734260948905109,12,BeachBall,CardboardBoxNoFlaps,0.125,36,target_object_reference_object_configuration,resnext-saycam(S),33,False
169,0.0008623969146115033,1.0,10,0.0007159736514471373,1.0,10,0.07106778405166578,0.9735401459854015,10,BeachBall,CardboardBoxNoFlaps,0.125,37,target_object_reference_object_configuration,resnext-saycam(S),33,False
170,0.0012008793862797432,1.0,7,0.0011550340829049482,1.0,7,0.05869747513572067,0.9773038321167883,7,BeachBall,ShortBoxNoFlaps,0.125,33,target_object_reference_object_configuration,resnext-saycam(S),33,False
171,0.0005151246348606333,1.0,12,0.0004700575281228674,1.0,12,0.05737021201129588,0.9781021897810219,12,BeachBall,ShortBoxNoFlaps,0.125,34,target_object_reference_object_configuration,resnext-saycam(S),33,False
172,0.0006697924082877159,1.0,10,0.0007127048616224018,1.0,10,0.06797787035818817,0.9752509124087592,10,BeachBall,ShortBoxNoFlaps,0.125,35,target_object_reference_object_configuration,resnext-saycam(S),33,False
173,0.0005043359956015406,1.0,12,0.00047267703216915066,1.0,12,0.06863151225907198,0.9739963503649635,12,BeachBall,ShortBoxNoFlaps,0.125,36,target_object_reference_object_configuration,resnext-saycam(S),33,False
174,0.0010657641296457298,1.0,7,0.0008906742839730884,1.0,7,0.06303593553143833,0.9762773722627737,7,BeachBall,ShortBoxNoFlaps,0.125,37,target_object_reference_object_configuration,resnext-saycam(S),33,False
175,0.000996633903901878,1.0,9,0.0007885046269573076,1.0,9,0.07587101578841625,0.9712591240875912,9,BeachBall,WoodenBasket,0.125,33,target_object_reference_object_configuration,resnext-saycam(S),33,False
176,0.0008455454107129902,1.0,10,0.0007875244758140884,1.0,10,0.06946967021191669,0.9734260948905109,10,BeachBall,WoodenBasket,0.125,34,target_object_reference_object_configuration,resnext-saycam(S),33,False
177,0.0011077086873919175,1.0,9,0.0009719197573998061,1.0,9,0.08769265779916088,0.964530109489051,9,BeachBall,WoodenBasket,0.125,35,target_object_reference_object_configuration,resnext-saycam(S),33,False
178,0.0008519429472241416,1.0,10,0.0007534187660846664,1.0,10,0.0815506718269325,0.9684078467153284,10,BeachBall,WoodenBasket,0.125,36,target_object_reference_object_configuration,resnext-saycam(S),33,False
179,0.0012165197549620643,1.0,9,0.0010461792162938142,1.0,9,0.09259607517296435,0.9668111313868614,9,BeachBall,WoodenBasket,0.125,37,target_object_reference_object_configuration,resnext-saycam(S),33,False
180,0.001104910556593046,1.0,7,0.0008747379240383836,1.0,7,0.07623218655429889,0.9722855839416058,7,Knight,Basket,0.125,33,target_object_reference_object_configuration,resnext-saycam(S),33,False
181,0.0007075743854231011,1.0,10,0.0006812891959653873,1.0,10,0.06923915068129287,0.9747947080291971,10,Knight,Basket,0.125,34,target_object_reference_object_configuration,resnext-saycam(S),33,False
182,0.0008261858107639948,1.0,10,0.0008444577964071772,1.0,10,0.08979597769615608,0.9649863138686131,10,Knight,Basket,0.125,35,target_object_reference_object_configuration,resnext-saycam(S),33,False
183,0.0012002438657457031,1.0,7,0.0009376536442064925,1.0,7,0.08816854269532691,0.9672673357664233,7,Knight,Basket,0.125,36,target_object_reference_object_configuration,resnext-saycam(S),33,False
184,0.0007996922324682271,1.0,10,0.0006674321300938333,1.0,10,0.07235885247393566,0.972969890510949,10,Knight,Basket,0.125,37,target_object_reference_object_configuration,resnext-saycam(S),33,False
185,0.0011079940406313862,1.0,9,0.000975753722932974,1.0,9,0.004491131884652618,0.999315693430657,9,Knight,CardboardBoxNoFlaps,0.125,33,target_object_reference_object_configuration,resnext-saycam(S),33,False
186,0.0009019947545925515,1.0,9,0.0008115124073810875,1.0,9,0.0034490308203502054,0.9996578467153284,9,Knight,CardboardBoxNoFlaps,0.125,34,target_object_reference_object_configuration,resnext-saycam(S),33,False
187,0.0012126270534697898,1.0,9,0.0011505798687913309,1.0,9,0.0042844159328072826,0.999771897810219,9,Knight,CardboardBoxNoFlaps,0.125,35,target_object_reference_object_configuration,resnext-saycam(S),33,False
188,0.0012963828515031386,1.0,7,0.0009092507549978205,1.0,7,0.005465335644319327,0.999315693430657,7,Knight,CardboardBoxNoFlaps,0.125,36,target_object_reference_object_configuration,resnext-saycam(S),33,False
189,0.0006170091675966136,1.0,11,0.0004894984135477754,1.0,11,0.0036743609465184506,0.9994297445255474,11,Knight,CardboardBoxNoFlaps,0.125,37,target_object_reference_object_configuration,resnext-saycam(S),33,False
190,0.0005929056362701995,1.0,11,0.0006267221699664859,1.0,11,0.005555419160612267,0.9995437956204379,11,Knight,ShortBoxNoFlaps,0.125,33,target_object_reference_object_configuration,resnext-saycam(S),33,False
191,0.0005894358265837822,1.0,11,0.0005600891178657644,1.0,11,0.005582311417255083,0.9995437956204379,11,Knight,ShortBoxNoFlaps,0.125,34,target_object_reference_object_configuration,resnext-saycam(S),33,False
192,0.0006037297031311991,1.0,10,0.0006738708853893178,1.0,10,0.006871492102279933,0.999315693430657,10,Knight,ShortBoxNoFlaps,0.125,35,target_object_reference_object_configuration,resnext-saycam(S),33,False
193,0.0009463573130989358,1.0,7,0.0007705769737520697,1.0,7,0.00779090732689539,0.9994297445255474,7,Knight,ShortBoxNoFlaps,0.125,36,target_object_reference_object_configuration,resnext-saycam(S),33,False
194,0.00048474754758757056,1.0,12,0.0004211101124957694,1.0,12,0.005637384941555002,0.9994297445255474,12,Knight,ShortBoxNoFlaps,0.125,37,target_object_reference_object_configuration,resnext-saycam(S),33,False
195,0.0008294235829738002,1.0,10,0.0007437571307252112,1.0,10,0.008204204439488069,0.9978330291970803,10,Knight,WoodenBasket,0.125,33,target_object_reference_object_configuration,resnext-saycam(S),33,False
196,0.001133409667309901,1.0,9,0.0009075252057396268,1.0,9,0.010235080623576065,0.9977189781021898,9,Knight,WoodenBasket,0.125,34,target_object_reference_object_configuration,resnext-saycam(S),33,False
197,0.0009907439417003777,1.0,9,0.0009316920599973711,1.0,9,0.011850323501071913,0.9966925182481752,9,Knight,WoodenBasket,0.125,35,target_object_reference_object_configuration,resnext-saycam(S),33,False
198,0.001135584369339666,1.0,9,0.0010127316621181212,1.0,9,0.007885795743157916,0.9981751824817519,9,Knight,WoodenBasket,0.125,36,target_object_reference_object_configuration,resnext-saycam(S),33,False
199,0.0011060522207906134,1.0,9,0.000963616618384166,1.0,9,0.009319942834809164,0.9976049270072993,9,Knight,WoodenBasket,0.125,37,target_object_reference_object_configuration,resnext-saycam(S),33,False
200,0.0011256379818723324,1.0,7,0.0009381986241542587,1.0,7,0.21821790636367552,0.9460538321167883,7,Lego,Basket,0.125,33,target_object_reference_object_configuration,resnext-saycam(S),33,False
201,0.0007230407759653831,1.0,10,0.0006752635435029669,1.0,10,0.20317467063639685,0.9510720802919708,10,Lego,Basket,0.125,34,target_object_reference_object_configuration,resnext-saycam(S),33,False
202,0.0005374708598976147,1.0,11,0.000533726784756015,1.0,11,0.22396600146244286,0.9445711678832117,11,Lego,Basket,0.125,35,target_object_reference_object_configuration,resnext-saycam(S),33,False
203,0.0010440311999851276,1.0,7,0.0008263862109743059,1.0,7,0.22284622098842677,0.9449133211678832,7,Lego,Basket,0.125,36,target_object_reference_object_configuration,resnext-saycam(S),33,False
204,0.000671656453050673,1.0,10,0.0004849790478290647,1.0,10,0.20621094471574455,0.9483348540145985,10,Lego,Basket,0.125,37,target_object_reference_object_configuration,resnext-saycam(S),33,False
205,0.0007397639609877503,1.0,10,0.0008048394949199926,1.0,10,0.15156268521745683,0.9692062043795621,10,Lego,CardboardBoxNoFlaps,0.125,33,target_object_reference_object_configuration,resnext-saycam(S),33,False
206,0.0007325717073925547,1.0,10,0.0007052815857796782,1.0,10,0.13701900916381074,0.9696624087591241,10,Lego,CardboardBoxNoFlaps,0.125,34,target_object_reference_object_configuration,resnext-saycam(S),33,False
207,0.0007407452009270439,1.0,10,0.0006521416086654522,1.0,10,0.14536722117005066,0.969434306569343,10,Lego,CardboardBoxNoFlaps,0.125,35,target_object_reference_object_configuration,resnext-saycam(S),33,False
208,0.0012432076161410324,1.0,7,0.0009004709764236683,1.0,7,0.1565371490445627,0.968521897810219,7,Lego,CardboardBoxNoFlaps,0.125,36,target_object_reference_object_configuration,resnext-saycam(S),33,False
209,0.001237790956560253,1.0,7,0.0009143669005042236,1.0,7,0.1451679878480678,0.9672673357664233,7,Lego,CardboardBoxNoFlaps,0.125,37,target_object_reference_object_configuration,resnext-saycam(S),33,False
210,0.0009560796645391418,1.0,7,0.0008628711588435659,1.0,7,0.14324316669282686,0.9690921532846716,7,Lego,ShortBoxNoFlaps,0.125,33,target_object_reference_object_configuration,resnext-saycam(S),33,False
211,0.0009462602730386004,1.0,7,0.0008413553970106142,1.0,7,0.14269184423161263,0.9692062043795621,7,Lego,ShortBoxNoFlaps,0.125,34,target_object_reference_object_configuration,resnext-saycam(S),33,False
212,0.0004457925090510875,1.0,12,0.00038051242422386026,1.0,12,0.14155091604652958,0.9702326642335767,12,Lego,ShortBoxNoFlaps,0.125,35,target_object_reference_object_configuration,resnext-saycam(S),33,False
213,0.0004051196240225291,1.0,12,0.0003843403836454902,1.0,12,0.15207086121884386,0.9695483576642335,12,Lego,ShortBoxNoFlaps,0.125,36,target_object_reference_object_configuration,resnext-saycam(S),33,False
214,0.0009473420173583373,1.0,7,0.0008045768343819011,1.0,7,0.13826213579074256,0.9693202554744526,7,Lego,ShortBoxNoFlaps,0.125,37,target_object_reference_object_configuration,resnext-saycam(S),33,False
215,0.0008187734471782705,1.0,10,0.0006747883821126857,1.0,10,0.15623814298560584,0.9590556569343066,10,Lego,WoodenBasket,0.125,33,target_object_reference_object_configuration,resnext-saycam(S),33,False
216,0.0006536313233383741,1.0,11,0.0005302226598264257,1.0,11,0.15984540943389447,0.958941605839416,11,Lego,WoodenBasket,0.125,34,target_object_reference_object_configuration,resnext-saycam(S),33,False
217,0.000995665218671279,1.0,9,0.0008562307844649217,1.0,9,0.15675987287281748,0.9588275547445255,9,Lego,WoodenBasket,0.125,35,target_object_reference_object_configuration,resnext-saycam(S),33,False
218,0.001279414742055955,1.0,7,0.0009778466115485092,1.0,7,0.1686332301036149,0.9557481751824818,7,Lego,WoodenBasket,0.125,36,target_object_reference_object_configuration,resnext-saycam(S),33,False
219,0.0006353131454039635,1.0,11,0.000576796799769478,1.0,11,0.17306524289969055,0.9565465328467153,11,Lego,WoodenBasket,0.125,37,target_object_reference_object_configuration,resnext-saycam(S),33,False
220,0.0005805007489229811,1.0,11,0.0005450673182311125,1.0,11,0.10691780758890779,0.9544936131386861,11,Pineapple,Basket,0.125,33,target_object_reference_object_configuration,resnext-saycam(S),33,False
221,0.0007637628302937485,1.0,10,0.0007964097067566687,1.0,10,0.1042581042637834,0.9559762773722628,10,Pineapple,Basket,0.125,34,target_object_reference_object_configuration,resnext-saycam(S),33,False
222,0.00040737259677184903,1.0,12,0.00046121828889131154,1.0,12,0.09797496456027466,0.9579151459854015,12,Pineapple,Basket,0.125,35,target_object_reference_object_configuration,resnext-saycam(S),33,False
223,0.0005984304455972938,1.0,11,0.0005165071580497744,1.0,11,0.11271146423842786,0.9511861313868614,11,Pineapple,Basket,0.125,36,target_object_reference_object_configuration,resnext-saycam(S),33,False
224,0.0009736034067849774,1.0,7,0.0008007200116193608,1.0,7,0.10306581146981104,0.9558622262773723,7,Pineapple,Basket,0.125,37,target_object_reference_object_configuration,resnext-saycam(S),33,False
225,0.00046775328966365364,1.0,12,0.0004353579577965368,1.0,12,0.04827593999079311,0.9781021897810219,12,Pineapple,CardboardBoxNoFlaps,0.125,33,target_object_reference_object_configuration,resnext-saycam(S),33,False
226,0.0005467119079689125,1.0,11,0.000513632938045224,1.0,11,0.04908965878165455,0.9777600364963503,11,Pineapple,CardboardBoxNoFlaps,0.125,34,target_object_reference_object_configuration,resnext-saycam(S),33,False
227,0.0010582428256888504,1.0,7,0.0009898822984388588,1.0,7,0.039049804265046645,0.9802691605839416,7,Pineapple,CardboardBoxNoFlaps,0.125,35,target_object_reference_object_configuration,resnext-saycam(S),33,False
228,0.001263878205496571,1.0,7,0.000955990265969089,1.0,7,0.03880828305446699,0.9800410583941606,7,Pineapple,CardboardBoxNoFlaps,0.125,36,target_object_reference_object_configuration,resnext-saycam(S),33,False
229,0.00046369751800673576,1.0,12,0.00042928597280191943,1.0,12,0.04121207676019161,0.9800410583941606,12,Pineapple,CardboardBoxNoFlaps,0.125,37,target_object_reference_object_configuration,resnext-saycam(S),33,False
230,0.0005965939999441616,1.0,11,0.0005918825887707307,1.0,11,0.011718464049076862,0.9980611313868614,11,Pineapple,ShortBoxNoFlaps,0.125,33,target_object_reference_object_configuration,resnext-saycam(S),33,False
231,0.0006342251435853541,1.0,11,0.0005514485735482978,1.0,11,0.011587439550527236,0.9980611313868614,11,Pineapple,ShortBoxNoFlaps,0.125,34,target_object_reference_object_configuration,resnext-saycam(S),33,False
232,0.0009246389174704855,1.0,7,0.0008640508734204463,1.0,7,0.013759102884562767,0.9978330291970803,7,Pineapple,ShortBoxNoFlaps,0.125,35,target_object_reference_object_configuration,resnext-saycam(S),33,False
233,0.001077565992726518,1.0,7,0.0007779162995958407,1.0,7,0.013854989868862364,0.9976049270072993,7,Pineapple,ShortBoxNoFlaps,0.125,36,target_object_reference_object_configuration,resnext-saycam(S),33,False
234,0.0009949571263334006,1.0,7,0.0008201870414747024,1.0,7,0.01406059703513696,0.9979470802919708,7,Pineapple,ShortBoxNoFlaps,0.125,37,target_object_reference_object_configuration,resnext-saycam(S),33,False
235,0.0010585967258126643,1.0,9,0.0009774106285093647,1.0,9,0.033758313653830876,0.983690693430657,9,Pineapple,WoodenBasket,0.125,33,target_object_reference_object_configuration,resnext-saycam(S),33,False
236,0.0010218155927639119,1.0,9,0.0009163962248222608,1.0,9,0.03487989147887123,0.9833485401459854,9,Pineapple,WoodenBasket,0.125,34,target_object_reference_object_configuration,resnext-saycam(S),33,False
237,0.00047196304653168106,1.0,12,0.00041824086694855635,1.0,12,0.02898706585760687,0.9864279197080292,12,Pineapple,WoodenBasket,0.125,35,target_object_reference_object_configuration,resnext-saycam(S),33,False
238,0.0006103339341696329,1.0,11,0.0005905475455189222,1.0,11,0.02890560662086686,0.9874543795620438,11,Pineapple,WoodenBasket,0.125,36,target_object_reference_object_configuration,resnext-saycam(S),33,False
239,0.0005627804555360744,1.0,11,0.0005182077101811668,1.0,11,0.033679719866265334,0.9840328467153284,11,Pineapple,WoodenBasket,0.125,37,target_object_reference_object_configuration,resnext-saycam(S),33,False
240,0.0013284012941778246,1.0,9,0.0011242037871852517,1.0,9,0.04772727627708257,0.984603102189781,9,PingPong,Basket,0.125,33,target_object_reference_object_configuration,resnext-saycam(S),33,False
241,0.0007945963467158523,1.0,10,0.0006184165502322445,1.0,10,0.03219421417197471,0.9925866788321168,10,PingPong,Basket,0.125,34,target_object_reference_object_configuration,resnext-saycam(S),33,False
242,0.0008626469538591981,1.0,9,0.0009508083473376342,1.0,9,0.04956761207711971,0.9838047445255474,9,PingPong,Basket,0.125,35,target_object_reference_object_configuration,resnext-saycam(S),33,False
243,0.0007283131798683015,1.0,10,0.0007845702317641362,1.0,10,0.04573111086157593,0.9848312043795621,10,PingPong,Basket,0.125,36,target_object_reference_object_configuration,resnext-saycam(S),33,False
244,0.0005486855375950774,1.0,12,0.000420603223717894,1.0,12,0.039073525230318686,0.9884808394160584,12,PingPong,Basket,0.125,37,target_object_reference_object_configuration,resnext-saycam(S),33,False
245,0.0006611682328217416,1.0,11,0.0005012522558804209,1.0,11,0.05679103863479937,0.9706888686131386,11,PingPong,CardboardBoxNoFlaps,0.125,33,target_object_reference_object_configuration,resnext-saycam(S),33,False
246,0.0009332133252987167,1.0,9,0.0008758087948846974,1.0,9,0.06387137858890486,0.9662408759124088,9,PingPong,CardboardBoxNoFlaps,0.125,34,target_object_reference_object_configuration,resnext-saycam(S),33,False
247,0.0007265694188697443,1.0,10,0.00068090850867233,1.0,10,0.049275391125018254,0.9760492700729927,10,PingPong,CardboardBoxNoFlaps,0.125,35,target_object_reference_object_configuration,resnext-saycam(S),33,False
248,0.0010963286490934194,1.0,9,0.0010281005356534336,1.0,9,0.05550238352105783,0.9708029197080292,9,PingPong,CardboardBoxNoFlaps,0.125,36,target_object_reference_object_configuration,resnext-saycam(S),33,False
249,0.000927902190246148,1.0,9,0.0008373422254072992,1.0,9,0.04845493163464822,0.9775319343065694,9,PingPong,CardboardBoxNoFlaps,0.125,37,target_object_reference_object_configuration,resnext-saycam(S),33,False
250,0.0005996400355052831,1.0,11,0.0004847795483472414,1.0,11,0.04725092814650631,0.9773038321167883,11,PingPong,ShortBoxNoFlaps,0.125,33,target_object_reference_object_configuration,resnext-saycam(S),33,False
251,0.0010709030376971666,1.0,7,0.000954795308643952,1.0,7,0.041009270038836414,0.985059306569343,7,PingPong,ShortBoxNoFlaps,0.125,34,target_object_reference_object_configuration,resnext-saycam(S),33,False
252,0.0010416185164596908,1.0,7,0.000930730951949954,1.0,7,0.04294652134234453,0.9849452554744526,7,PingPong,ShortBoxNoFlaps,0.125,35,target_object_reference_object_configuration,resnext-saycam(S),33,False
253,0.0008360182598909274,1.0,10,0.0008998193654023405,1.0,10,0.04410087464404476,0.9810675182481752,10,PingPong,ShortBoxNoFlaps,0.125,36,target_object_reference_object_configuration,resnext-saycam(S),33,False
254,0.0004313993892746035,1.0,12,0.0003406580033601801,1.0,12,0.04718976571686892,0.9763914233576643,12,PingPong,ShortBoxNoFlaps,0.125,37,target_object_reference_object_configuration,resnext-saycam(S),33,False
255,0.0008647235668634614,1.0,10,0.0007773455152729232,1.0,10,0.046462828461692605,0.9809534671532847,10,PingPong,WoodenBasket,0.125,33,target_object_reference_object_configuration,resnext-saycam(S),33,False
256,0.0007694144505328577,1.0,10,0.0007440770775582152,1.0,10,0.04351850638478777,0.9835766423357665,10,PingPong,WoodenBasket,0.125,34,target_object_reference_object_configuration,resnext-saycam(S),33,False
257,0.0011397809984515905,1.0,9,0.0010347111008166777,1.0,9,0.04418023160903504,0.9817518248175182,9,PingPong,WoodenBasket,0.125,35,target_object_reference_object_configuration,resnext-saycam(S),33,False
258,0.0005688658770466931,1.0,11,0.0006134066245163252,1.0,11,0.04601060916724051,0.9808394160583942,11,PingPong,WoodenBasket,0.125,36,target_object_reference_object_configuration,resnext-saycam(S),33,False
259,0.0007863050162426129,1.0,10,0.0007116510088580023,1.0,10,0.04544192020794934,0.9818658759124088,10,PingPong,WoodenBasket,0.125,37,target_object_reference_object_configuration,resnext-saycam(S),33,False
260,0.0006691812027767524,1.0,11,0.0006355593903112764,1.0,11,0.1121409343739115,0.9523266423357665,11,Robot,Basket,0.125,33,target_object_reference_object_configuration,resnext-saycam(S),33,False
261,0.0008082805833981249,1.0,10,0.0007606275306132279,1.0,10,0.10614614249512988,0.9539233576642335,10,Robot,Basket,0.125,34,target_object_reference_object_configuration,resnext-saycam(S),33,False
262,0.000612436407768162,1.0,10,0.0007426794281376427,1.0,10,0.1289024349662346,0.9413777372262774,10,Robot,Basket,0.125,35,target_object_reference_object_configuration,resnext-saycam(S),33,False
263,0.000471941267223664,1.0,12,0.0005636342638784921,1.0,12,0.11341405651586497,0.9511861313868614,12,Robot,Basket,0.125,36,target_object_reference_object_configuration,resnext-saycam(S),33,False
264,0.0011762918487853225,1.0,7,0.0009552413815215818,1.0,7,0.13093491871399385,0.9442290145985401,7,Robot,Basket,0.125,37,target_object_reference_object_configuration,resnext-saycam(S),33,False
265,0.0008503643608952211,1.0,10,0.0007388407998644796,1.0,10,0.024456576943222473,0.9887089416058394,10,Robot,CardboardBoxNoFlaps,0.125,33,target_object_reference_object_configuration,resnext-saycam(S),33,False
266,0.0010131022958463642,1.0,9,0.0010194335711850343,1.0,9,0.02483374377573249,0.9890510948905109,9,Robot,CardboardBoxNoFlaps,0.125,34,target_object_reference_object_configuration,resnext-saycam(S),33,False
267,0.0010589756704838835,1.0,9,0.0010040007856380391,1.0,9,0.03355292311315527,0.9826642335766423,9,Robot,CardboardBoxNoFlaps,0.125,35,target_object_reference_object_configuration,resnext-saycam(S),33,False
268,0.0010656987115984827,1.0,9,0.0010642658514705928,1.0,9,0.026357079389586664,0.9873403284671532,9,Robot,CardboardBoxNoFlaps,0.125,36,target_object_reference_object_configuration,resnext-saycam(S),33,False
269,0.0008392313794030931,1.0,10,0.0007645006936447891,1.0,10,0.026628909282467878,0.9864279197080292,10,Robot,CardboardBoxNoFlaps,0.125,37,target_object_reference_object_configuration,resnext-saycam(S),33,False
270,0.0007361522076247507,1.0,10,0.0006222372375257118,1.0,10,0.023745048595940777,0.990191605839416,10,Robot,ShortBoxNoFlaps,0.125,33,target_object_reference_object_configuration,resnext-saycam(S),33,False
271,0.00042908622524546775,1.0,12,0.0004301997335125251,1.0,12,0.016373558082731686,0.9960082116788321,12,Robot,ShortBoxNoFlaps,0.125,34,target_object_reference_object_configuration,resnext-saycam(S),33,False
272,0.0009128609342579113,1.0,9,0.0008291602640192172,1.0,9,0.02807832369580865,0.9868841240875912,9,Robot,ShortBoxNoFlaps,0.125,35,target_object_reference_object_configuration,resnext-saycam(S),33,False
273,0.0005876002946769656,1.0,11,0.0006850150580009396,1.0,11,0.02268708951687984,0.9907618613138686,11,Robot,ShortBoxNoFlaps,0.125,36,target_object_reference_object_configuration,resnext-saycam(S),33,False
274,0.0006999542007639343,1.0,10,0.0006127897948700641,1.0,10,0.018841892538208133,0.995095802919708,10,Robot,ShortBoxNoFlaps,0.125,37,target_object_reference_object_configuration,resnext-saycam(S),33,False
275,0.001125689461989979,1.0,9,0.0008756909090535421,1.0,9,0.024369317955162416,0.9906478102189781,9,Robot,WoodenBasket,0.125,33,target_object_reference_object_configuration,resnext-saycam(S),33,False
276,0.000858453810544606,1.0,10,0.0007776568841348451,1.0,10,0.029203705826984977,0.9859717153284672,10,Robot,WoodenBasket,0.125,34,target_object_reference_object_configuration,resnext-saycam(S),33,False
277,0.0015686053217456013,1.0,8,0.0013326464288279806,1.0,8,0.03278173716997143,0.984375,8,Robot,WoodenBasket,0.125,35,target_object_reference_object_configuration,resnext-saycam(S),33,False
278,0.0008021286178200718,1.0,10,0.0008338189019061821,1.0,10,0.031551850863637224,0.984375,10,Robot,WoodenBasket,0.125,36,target_object_reference_object_configuration,resnext-saycam(S),33,False
279,0.0012127115112078566,1.0,9,0.0010899697387541988,1.0,9,0.025064850030178,0.9900775547445255,9,Robot,WoodenBasket,0.125,37,target_object_reference_object_configuration,resnext-saycam(S),33,False
280,0.0007838083401144235,1.0,10,0.0007446375675499439,1.0,10,0.08343271275469863,0.9681797445255474,10,RubberDuck,Basket,0.125,33,target_object_reference_object_configuration,resnext-saycam(S),33,False
281,0.0008999611884327493,1.0,10,0.0009296468495832462,1.0,10,0.08385179870775526,0.9679516423357665,10,RubberDuck,Basket,0.125,34,target_object_reference_object_configuration,resnext-saycam(S),33,False
282,0.0010440629475304004,1.0,9,0.001181026847150765,1.0,9,0.09522778379950116,0.9620209854014599,9,RubberDuck,Basket,0.125,35,target_object_reference_object_configuration,resnext-saycam(S),33,False
283,0.000879584224116203,1.0,9,0.0009728074778410557,1.0,9,0.08728450173546091,0.9657846715328468,9,RubberDuck,Basket,0.125,36,target_object_reference_object_configuration,resnext-saycam(S),33,False
284,0.0011230169845245644,1.0,9,0.0008727318889118339,1.0,9,0.07461570953035958,0.972969890510949,9,RubberDuck,Basket,0.125,37,target_object_reference_object_configuration,resnext-saycam(S),33,False
285,0.0006464912599241585,1.0,11,0.0005821362827095742,1.0,11,0.00550800355140249,0.9992016423357665,11,RubberDuck,CardboardBoxNoFlaps,0.125,33,target_object_reference_object_configuration,resnext-saycam(S),33,False
286,0.000826530961767933,1.0,10,0.0007468698290483046,1.0,10,0.009708994538115379,0.9976049270072993,10,RubberDuck,CardboardBoxNoFlaps,0.125,34,target_object_reference_object_configuration,resnext-saycam(S),33,False
287,0.0011676320850327387,1.0,9,0.0010624887685193435,1.0,9,0.007227727591423793,0.9989735401459854,9,RubberDuck,CardboardBoxNoFlaps,0.125,35,target_object_reference_object_configuration,resnext-saycam(S),33,False
288,0.0010591317585344057,1.0,9,0.0010415794631147659,1.0,9,0.007984145991861086,0.9982892335766423,9,RubberDuck,CardboardBoxNoFlaps,0.125,36,target_object_reference_object_configuration,resnext-saycam(S),33,False
289,0.0007593959828709667,1.0,10,0.0007444941882950891,1.0,10,0.00571089076561459,0.999315693430657,10,RubberDuck,CardboardBoxNoFlaps,0.125,37,target_object_reference_object_configuration,resnext-saycam(S),33,False
290,0.00048237524720481093,1.0,12,0.00035559942663990354,1.0,12,0.005901477851063254,0.999315693430657,12,RubberDuck,ShortBoxNoFlaps,0.125,33,target_object_reference_object_configuration,resnext-saycam(S),33,False
291,0.000649675712513973,1.0,10,0.0006303270967787524,1.0,10,0.007833097396668277,0.9990875912408759,10,RubberDuck,ShortBoxNoFlaps,0.125,34,target_object_reference_object_configuration,resnext-saycam(S),33,False
292,0.0007144307811654745,1.0,10,0.0006547779408528617,1.0,10,0.007491448123210252,0.9992016423357665,10,RubberDuck,ShortBoxNoFlaps,0.125,35,target_object_reference_object_configuration,resnext-saycam(S),33,False
293,0.0008321696449160935,1.0,10,0.000882725567575299,1.0,10,0.00752595129693063,0.999315693430657,10,RubberDuck,ShortBoxNoFlaps,0.125,36,target_object_reference_object_configuration,resnext-saycam(S),33,False
294,0.0010488794677181125,1.0,7,0.0008976243736565505,1.0,7,0.008823714293599006,0.999315693430657,7,RubberDuck,ShortBoxNoFlaps,0.125,37,target_object_reference_object_configuration,resnext-saycam(S),33,False
295,0.00113123895092699,1.0,9,0.0009613449403427934,1.0,9,0.00818927040498663,0.9992016423357665,9,RubberDuck,WoodenBasket,0.125,33,target_object_reference_object_configuration,resnext-saycam(S),33,False
296,0.0012810179319917168,1.0,9,0.0011810737318898503,1.0,9,0.00930932700998544,0.9982892335766423,9,RubberDuck,WoodenBasket,0.125,34,target_object_reference_object_configuration,resnext-saycam(S),33,False
297,0.0011349323187065479,1.0,9,0.0009519959781563988,1.0,9,0.007600876143462209,0.9994297445255474,9,RubberDuck,WoodenBasket,0.125,35,target_object_reference_object_configuration,resnext-saycam(S),33,False
298,0.0012685475058864847,1.0,9,0.0014105192569427584,1.0,9,0.008582298737359198,0.999315693430657,9,RubberDuck,WoodenBasket,0.125,36,target_object_reference_object_configuration,resnext-saycam(S),33,False
299,0.0007491537958175976,1.0,10,0.0007736856105590338,1.0,10,0.006721893242385279,0.9994297445255474,10,RubberDuck,WoodenBasket,0.125,37,target_object_reference_object_configuration,resnext-saycam(S),33,False
300,0.0007733722907808015,1.0,10,0.0008279938115983418,1.0,9,0.1266965547820424,0.9514142335766423,9,Teddy,Basket,0.125,33,target_object_reference_object_configuration,resnext-saycam(S),33,False
301,0.000977385309293406,1.0,9,0.0009054193146048897,1.0,9,0.12794537309158455,0.9491332116788321,9,Teddy,Basket,0.125,34,target_object_reference_object_configuration,resnext-saycam(S),33,False
302,0.0004489262916529215,1.0,11,0.0005723435254032282,1.0,11,0.1429706470934414,0.9403512773722628,11,Teddy,Basket,0.125,35,target_object_reference_object_configuration,resnext-saycam(S),33,False
303,0.001006523025725654,1.0,9,0.0010798436705954373,1.0,9,0.129492267816715,0.9484489051094891,9,Teddy,Basket,0.125,36,target_object_reference_object_configuration,resnext-saycam(S),33,False
304,0.000467078807253211,1.0,12,0.00039895507507026196,1.0,12,0.10880401656142076,0.9596259124087592,12,Teddy,Basket,0.125,37,target_object_reference_object_configuration,resnext-saycam(S),33,False
305,0.0008116130561410753,1.0,10,0.0006523847144930379,1.0,10,0.00910633434133645,0.9986313868613139,10,Teddy,CardboardBoxNoFlaps,0.125,33,target_object_reference_object_configuration,resnext-saycam(S),33,False
306,0.0012367445735698454,1.0,9,0.0011808648828024928,1.0,9,0.012828446807793128,0.9971487226277372,9,Teddy,CardboardBoxNoFlaps,0.125,34,target_object_reference_object_configuration,resnext-saycam(S),33,False
307,0.0007764639914791795,1.0,10,0.0007495806877207207,1.0,10,0.008931202036889447,0.9987454379562044,10,Teddy,CardboardBoxNoFlaps,0.125,35,target_object_reference_object_configuration,resnext-saycam(S),33,False
308,0.0006621851260052904,1.0,11,0.0007552801367924794,1.0,11,0.008525773214539989,0.9988594890510949,11,Teddy,CardboardBoxNoFlaps,0.125,36,target_object_reference_object_configuration,resnext-saycam(S),33,False
309,0.0006952430691404538,1.0,10,0.0007880956928650113,1.0,9,0.009086051732521585,0.9990875912408759,9,Teddy,CardboardBoxNoFlaps,0.125,37,target_object_reference_object_configuration,resnext-saycam(S),33,False
310,0.0006165453792985877,1.0,11,0.00048653407353221585,1.0,11,0.009769024182727942,0.9995437956204379,11,Teddy,ShortBoxNoFlaps,0.125,33,target_object_reference_object_configuration,resnext-saycam(S),33,False
311,0.0010453371893185336,1.0,7,0.0009313386981375515,1.0,7,0.013300823478153942,0.9992016423357665,7,Teddy,ShortBoxNoFlaps,0.125,34,target_object_reference_object_configuration,resnext-saycam(S),33,False
312,0.0006939595013279019,1.0,10,0.0007124518130072637,1.0,10,0.011386556510922302,0.999315693430657,10,Teddy,ShortBoxNoFlaps,0.125,35,target_object_reference_object_configuration,resnext-saycam(S),33,False
313,0.0011564971642787512,1.0,7,0.0012192040985131538,1.0,7,0.014321309653702227,0.9992016423357665,7,Teddy,ShortBoxNoFlaps,0.125,36,target_object_reference_object_configuration,resnext-saycam(S),33,False
314,0.0012855872779057912,1.0,8,0.0012202950035172858,1.0,8,0.014901732451957566,0.9992016423357665,8,Teddy,ShortBoxNoFlaps,0.125,37,target_object_reference_object_configuration,resnext-saycam(S),33,False
315,0.0008793359416177923,1.0,10,0.0007013898514407245,1.0,10,0.006304277139091287,0.9995437956204379,10,Teddy,WoodenBasket,0.125,33,target_object_reference_object_configuration,resnext-saycam(S),33,False
316,0.0007805440880649959,1.0,10,0.0008763200810215878,1.0,10,0.008734822143667996,0.9994297445255474,10,Teddy,WoodenBasket,0.125,34,target_object_reference_object_configuration,resnext-saycam(S),33,False
317,0.0011233782906966082,1.0,9,0.0008852073293191528,1.0,9,0.00705894714380261,0.9995437956204379,9,Teddy,WoodenBasket,0.125,35,target_object_reference_object_configuration,resnext-saycam(S),33,False
318,0.0008051806350073116,1.0,10,0.0008277703179230325,1.0,10,0.007352633727894991,0.9995437956204379,10,Teddy,WoodenBasket,0.125,36,target_object_reference_object_configuration,resnext-saycam(S),33,False
319,0.0007900657699967971,1.0,10,0.000925191731719104,1.0,10,0.007158804157078368,0.999315693430657,10,Teddy,WoodenBasket,0.125,37,target_object_reference_object_configuration,resnext-saycam(S),33,False
