,model_name,condition,acc_mean,acc_std,acc_sem,relation,two_reference_objects,adjacent_reference_objects,n_target_types,transpose_stimuli,n_habituation_stimuli,rotate_angle,seed,n_examples,extra_diagonal_margin
0,resnext-saycam(S)-h,different_shapes,0.8974609375,0.3033559024333954,0.009479871951043606,above_below,0,0,1,0,1,,34,1024,5
1,resnext-saycam(S)-h,split_text,0.2041015625,0.40304356813430786,0.01259511150419712,above_below,0,0,1,0,1,,34,1024,5
2,resnext-saycam(S)-h,random_color,0.876953125,0.3284910023212433,0.010265343822538853,above_below,0,0,1,0,1,,34,1024,5
3,resnext-saycam(S)-v,different_shapes,0.35546875,0.4786550998687744,0.0149579718708992,above_below,0,0,1,0,1,,34,1024,5
4,resnext-saycam(S)-v,split_text,0.087890625,0.2831357717514038,0.008847992867231369,above_below,0,0,1,0,1,,34,1024,5
5,resnext-saycam(S)-v,random_color,0.359375,0.479817271232605,0.014994289726018906,above_below,0,0,1,0,1,,34,1024,5
6,resnext-saycam(S)-h,different_shapes,0.74609375,0.435244619846344,0.01360139437019825,above_below,0,0,1,0,1,30,34,1024,5
7,resnext-saycam(S)-h,split_text,0.158203125,0.3649313449859619,0.01140410453081131,above_below,0,0,1,0,1,30,34,1024,5
8,resnext-saycam(S)-h,random_color,0.7373046875,0.44009825587272644,0.013753070496022701,above_below,0,0,1,0,1,30,34,1024,5
9,resnext-saycam(S)-v,different_shapes,0.38671875,0.4869983196258545,0.015218697488307953,above_below,0,0,1,0,1,30,34,1024,5
10,resnext-saycam(S)-v,split_text,0.0810546875,0.27291908860206604,0.008528721518814564,above_below,0,0,1,0,1,30,34,1024,5
11,resnext-saycam(S)-v,random_color,0.3935546875,0.4885380268096924,0.015266813337802887,above_below,0,0,1,0,1,30,34,1024,5
12,resnext-saycam(S)-h,different_shapes,0.5224609375,0.4994952380657196,0.015609226189553738,above_below,0,0,1,0,1,45,34,1024,5
13,resnext-saycam(S)-h,split_text,0.1064453125,0.3084067106246948,0.009637709707021713,above_below,0,0,1,0,1,45,34,1024,5
14,resnext-saycam(S)-h,random_color,0.55078125,0.49741458892822266,0.015544205904006958,above_below,0,0,1,0,1,45,34,1024,5
15,resnext-saycam(S)-v,different_shapes,0.546875,0.4977978765964508,0.015556183643639088,above_below,0,0,1,0,1,45,34,1024,5
16,resnext-saycam(S)-v,split_text,0.1083984375,0.31088295578956604,0.009715092368423939,above_below,0,0,1,0,1,45,34,1024,5
17,resnext-saycam(S)-v,random_color,0.5458984375,0.49788886308670044,0.015559026971459389,above_below,0,0,1,0,1,45,34,1024,5
18,resnext-saycam(S)-h,different_shapes,0.3740234375,0.483869731426239,0.01512092910706997,above_below,0,0,1,0,1,60,34,1024,5
19,resnext-saycam(S)-h,split_text,0.0615234375,0.24028795957565308,0.007508998736739159,above_below,0,0,1,0,1,60,34,1024,5
20,resnext-saycam(S)-h,random_color,0.400390625,0.48997750878334045,0.01531179714947939,above_below,0,0,1,0,1,60,34,1024,5
21,resnext-saycam(S)-v,different_shapes,0.8134765625,0.3895284831523895,0.012172765098512173,above_below,0,0,1,0,1,60,34,1024,5
22,resnext-saycam(S)-v,split_text,0.1474609375,0.3545648157596588,0.011080150492489338,above_below,0,0,1,0,1,60,34,1024,5
23,resnext-saycam(S)-v,random_color,0.81640625,0.3871525228023529,0.012098516337573528,above_below,0,0,1,0,1,60,34,1024,5
24,resnext-saycam(S)-h,different_shapes,0.904296875,0.2941836714744568,0.009193239733576775,above_below,0,0,1,0,4,,34,1024,5
25,resnext-saycam(S)-h,split_text,0.177734375,0.38228899240493774,0.011946531012654305,above_below,0,0,1,0,4,,34,1024,5
26,resnext-saycam(S)-h,random_color,0.896484375,0.30463114380836487,0.009519723244011402,above_below,0,0,1,0,4,,34,1024,5
27,resnext-saycam(S)-v,different_shapes,0.287109375,0.45241305232048035,0.01413790788501501,above_below,0,0,1,0,4,,34,1024,5
28,resnext-saycam(S)-v,split_text,0.064453125,0.24555838108062744,0.0076736994087696075,above_below,0,0,1,0,4,,34,1024,5
29,resnext-saycam(S)-v,random_color,0.2919921875,0.4546787440776825,0.014208710752427578,above_below,0,0,1,0,4,,34,1024,5
30,resnext-saycam(S)-h,different_shapes,0.7626953125,0.425430566072464,0.0132947051897645,above_below,0,0,1,0,4,30,34,1024,5
31,resnext-saycam(S)-h,split_text,0.1484375,0.3555331230163574,0.01111041009426117,above_below,0,0,1,0,4,30,34,1024,5
32,resnext-saycam(S)-h,random_color,0.7509765625,0.4324474036693573,0.013513981364667416,above_below,0,0,1,0,4,30,34,1024,5
33,resnext-saycam(S)-v,different_shapes,0.28515625,0.45148882269859314,0.014109025709331036,above_below,0,0,1,0,4,30,34,1024,5
34,resnext-saycam(S)-v,split_text,0.0546875,0.2273692488670349,0.007105289027094841,above_below,0,0,1,0,4,30,34,1024,5
35,resnext-saycam(S)-v,random_color,0.2822265625,0.45008301734924316,0.014065094292163849,above_below,0,0,1,0,4,30,34,1024,5
36,resnext-saycam(S)-h,different_shapes,0.4638671875,0.49869272112846375,0.015584147535264492,above_below,0,0,1,0,4,45,34,1024,5
37,resnext-saycam(S)-h,split_text,0.0859375,0.2802717387676239,0.008758491836488247,above_below,0,0,1,0,4,45,34,1024,5
38,resnext-saycam(S)-h,random_color,0.49609375,0.4999847412109375,0.015624523162841797,above_below,0,0,1,0,4,45,34,1024,5
39,resnext-saycam(S)-v,different_shapes,0.4873046875,0.49983879923820496,0.015619962476193905,above_below,0,0,1,0,4,45,34,1024,5
40,resnext-saycam(S)-v,split_text,0.0791015625,0.2698972225189209,0.008434288203716278,above_below,0,0,1,0,4,45,34,1024,5
41,resnext-saycam(S)-v,random_color,0.478515625,0.49953821301460266,0.015610569156706333,above_below,0,0,1,0,4,45,34,1024,5
42,resnext-saycam(S)-h,different_shapes,0.232421875,0.4223765432834625,0.013199266977608204,above_below,0,0,1,0,4,60,34,1024,5
43,resnext-saycam(S)-h,split_text,0.0439453125,0.20497345924377441,0.0064054206013679504,above_below,0,0,1,0,4,60,34,1024,5
44,resnext-saycam(S)-h,random_color,0.25390625,0.435244619846344,0.01360139437019825,above_below,0,0,1,0,4,60,34,1024,5
45,resnext-saycam(S)-v,different_shapes,0.830078125,0.3755641579627991,0.011736379936337471,above_below,0,0,1,0,4,60,34,1024,5
46,resnext-saycam(S)-v,split_text,0.130859375,0.33724650740623474,0.010538953356444836,above_below,0,0,1,0,4,60,34,1024,5
47,resnext-saycam(S)-v,random_color,0.8095703125,0.39264005422592163,0.012270001694560051,above_below,0,0,1,0,4,60,34,1024,5
48,resnext-saycam(S)-h,different_shapes,0.2607421875,0.43903952836990356,0.013719985261559486,above_below,0,0,1,1,1,,34,1024,5
49,resnext-saycam(S)-h,split_text,0.0625,0.24206146597862244,0.007564420811831951,above_below,0,0,1,1,1,,34,1024,5
50,resnext-saycam(S)-h,random_color,0.2841796875,0.45102283358573914,0.014094463549554348,above_below,0,0,1,1,1,,34,1024,5
51,resnext-saycam(S)-v,different_shapes,0.826171875,0.37896162271499634,0.011842550709843636,above_below,0,0,1,1,1,,34,1024,5
52,resnext-saycam(S)-v,split_text,0.1845703125,0.387948602437973,0.012123393826186657,above_below,0,0,1,1,1,,34,1024,5
53,resnext-saycam(S)-v,random_color,0.830078125,0.3755641579627991,0.011736379936337471,above_below,0,0,1,1,1,,34,1024,5
54,resnext-saycam(S)-h,different_shapes,0.341796875,0.474311888217926,0.014822246506810188,above_below,0,0,1,1,1,30,34,1024,5
55,resnext-saycam(S)-h,split_text,0.068359375,0.25236159563064575,0.00788629986345768,above_below,0,0,1,1,1,30,34,1024,5
56,resnext-saycam(S)-h,random_color,0.3544921875,0.4783591628074646,0.014948723837733269,above_below,0,0,1,1,1,30,34,1024,5
57,resnext-saycam(S)-v,different_shapes,0.6875,0.4635123908519745,0.014484762214124203,above_below,0,0,1,1,1,30,34,1024,5
58,resnext-saycam(S)-v,split_text,0.14453125,0.3516275882720947,0.01098836213350296,above_below,0,0,1,1,1,30,34,1024,5
59,resnext-saycam(S)-v,random_color,0.6826171875,0.4654577970504761,0.014545556157827377,above_below,0,0,1,1,1,30,34,1024,5
60,resnext-saycam(S)-h,different_shapes,0.5361328125,0.49869272112846375,0.015584147535264492,above_below,0,0,1,1,1,45,34,1024,5
61,resnext-saycam(S)-h,split_text,0.111328125,0.31453803181648254,0.00982931349426508,above_below,0,0,1,1,1,45,34,1024,5
62,resnext-saycam(S)-h,random_color,0.5439453125,0.4980650544166565,0.015564532950520515,above_below,0,0,1,1,1,45,34,1024,5
63,resnext-saycam(S)-v,different_shapes,0.53515625,0.4987625181674957,0.015586328692734241,above_below,0,0,1,1,1,45,34,1024,5
64,resnext-saycam(S)-v,split_text,0.107421875,0.30964887142181396,0.009676527231931686,above_below,0,0,1,1,1,45,34,1024,5
65,resnext-saycam(S)-v,random_color,0.5419921875,0.49823352694511414,0.015569797717034817,above_below,0,0,1,1,1,45,34,1024,5
66,resnext-saycam(S)-h,different_shapes,0.8173828125,0.3863523602485657,0.012073511257767677,above_below,0,0,1,1,1,60,34,1024,5
67,resnext-saycam(S)-h,split_text,0.1640625,0.370332270860672,0.011572883464396,above_below,0,0,1,1,1,60,34,1024,5
68,resnext-saycam(S)-h,random_color,0.814453125,0.38874056935310364,0.012148142792284489,above_below,0,0,1,1,1,60,34,1024,5
69,resnext-saycam(S)-v,different_shapes,0.45703125,0.4981502592563629,0.015567195601761341,above_below,0,0,1,1,1,60,34,1024,5
70,resnext-saycam(S)-v,split_text,0.087890625,0.2831357717514038,0.008847992867231369,above_below,0,0,1,1,1,60,34,1024,5
71,resnext-saycam(S)-v,random_color,0.4814453125,0.4996556043624878,0.015614237636327744,above_below,0,0,1,1,1,60,34,1024,5
72,resnext-saycam(S)-h,different_shapes,0.1923828125,0.39417213201522827,0.012317879125475883,above_below,0,0,1,1,4,,34,1024,5
73,resnext-saycam(S)-h,split_text,0.04296875,0.20278668403625488,0.006337083876132965,above_below,0,0,1,1,4,,34,1024,5
74,resnext-saycam(S)-h,random_color,0.2236328125,0.4166787564754486,0.013021211139857769,above_below,0,0,1,1,4,,34,1024,5
75,resnext-saycam(S)-v,different_shapes,0.8701171875,0.33617445826530457,0.010505451820790768,above_below,0,0,1,1,4,,34,1024,5
76,resnext-saycam(S)-v,split_text,0.1650390625,0.3712157905101776,0.01160049345344305,above_below,0,0,1,1,4,,34,1024,5
77,resnext-saycam(S)-v,random_color,0.8701171875,0.33617445826530457,0.010505451820790768,above_below,0,0,1,1,4,,34,1024,5
78,resnext-saycam(S)-h,different_shapes,0.2236328125,0.4166787564754486,0.013021211139857769,above_below,0,0,1,1,4,30,34,1024,5
79,resnext-saycam(S)-h,split_text,0.044921875,0.20713256299495697,0.006472892593592405,above_below,0,0,1,1,4,30,34,1024,5
80,resnext-saycam(S)-h,random_color,0.2421875,0.4284071922302246,0.013387724757194519,above_below,0,0,1,1,4,30,34,1024,5
81,resnext-saycam(S)-v,different_shapes,0.716796875,0.450554221868515,0.014079819433391094,above_below,0,0,1,1,4,30,34,1024,5
82,resnext-saycam(S)-v,split_text,0.1298828125,0.33617445826530457,0.010505451820790768,above_below,0,0,1,1,4,30,34,1024,5
83,resnext-saycam(S)-v,random_color,0.6953125,0.46027493476867676,0.014383591711521149,above_below,0,0,1,1,4,30,34,1024,5
84,resnext-saycam(S)-h,different_shapes,0.484375,0.4997557997703552,0.0156173687428236,above_below,0,0,1,1,4,45,34,1024,5
85,resnext-saycam(S)-h,split_text,0.095703125,0.2941836714744568,0.009193239733576775,above_below,0,0,1,1,4,45,34,1024,5
86,resnext-saycam(S)-h,random_color,0.4853515625,0.4997853636741638,0.01561829261481762,above_below,0,0,1,1,4,45,34,1024,5
87,resnext-saycam(S)-v,different_shapes,0.4853515625,0.4997853636741638,0.01561829261481762,above_below,0,0,1,1,4,45,34,1024,5
88,resnext-saycam(S)-v,split_text,0.0712890625,0.2573070824146271,0.008040846325457096,above_below,0,0,1,1,4,45,34,1024,5
89,resnext-saycam(S)-v,random_color,0.4697265625,0.49908268451690674,0.015596333891153336,above_below,0,0,1,1,4,45,34,1024,5
90,resnext-saycam(S)-h,different_shapes,0.7822265625,0.4127325713634491,0.012897892855107784,above_below,0,0,1,1,4,60,34,1024,5
91,resnext-saycam(S)-h,split_text,0.1357421875,0.34251460433006287,0.010703581385314465,above_below,0,0,1,1,4,60,34,1024,5
92,resnext-saycam(S)-h,random_color,0.806640625,0.3949322998523712,0.0123416343703866,above_below,0,0,1,1,4,60,34,1024,5
93,resnext-saycam(S)-v,different_shapes,0.326171875,0.46881103515625,0.014650344848632812,above_below,0,0,1,1,4,60,34,1024,5
94,resnext-saycam(S)-v,split_text,0.0498046875,0.21754121780395508,0.006798163056373596,above_below,0,0,1,1,4,60,34,1024,5
95,resnext-saycam(S)-v,random_color,0.3212890625,0.4669715166091919,0.014592859894037247,above_below,0,0,1,1,4,60,34,1024,5
96,resnext-saycam(S)-h,different_shapes,0.8564453125,0.35063761472702026,0.010957425460219383,above_below,0,0,2,0,1,,34,1024,5
97,resnext-saycam(S)-h,split_text,0.1005859375,0.30077967047691345,0.009399364702403545,above_below,0,0,2,0,1,,34,1024,5
98,resnext-saycam(S)-h,random_color,0.8505859375,0.3564961552619934,0.011140504851937294,above_below,0,0,2,0,1,,34,1024,5
99,resnext-saycam(S)-v,different_shapes,0.361328125,0.48038536310195923,0.015012042596936226,above_below,0,0,2,0,1,,34,1024,5
100,resnext-saycam(S)-v,split_text,0.0947265625,0.29283687472343445,0.009151152335107327,above_below,0,0,2,0,1,,34,1024,5
101,resnext-saycam(S)-v,random_color,0.3916015625,0.488108366727829,0.015253386460244656,above_below,0,0,2,0,1,,34,1024,5
102,resnext-saycam(S)-h,different_shapes,0.6962890625,0.45985934138298035,0.014370604418218136,above_below,0,0,2,0,1,30,34,1024,5
103,resnext-saycam(S)-h,split_text,0.095703125,0.2941836714744568,0.009193239733576775,above_below,0,0,2,0,1,30,34,1024,5
104,resnext-saycam(S)-h,random_color,0.693359375,0.461098849773407,0.014409339055418968,above_below,0,0,2,0,1,30,34,1024,5
105,resnext-saycam(S)-v,different_shapes,0.4072265625,0.4913177192211151,0.015353678725659847,above_below,0,0,2,0,1,30,34,1024,5
106,resnext-saycam(S)-v,split_text,0.09765625,0.2968493103981018,0.009276540949940681,above_below,0,0,2,0,1,30,34,1024,5
107,resnext-saycam(S)-v,random_color,0.4189453125,0.4933863878250122,0.015418324619531631,above_below,0,0,2,0,1,30,34,1024,5
108,resnext-saycam(S)-h,different_shapes,0.5166015625,0.49972429871559143,0.015616384334862232,above_below,0,0,2,0,1,45,34,1024,5
109,resnext-saycam(S)-h,split_text,0.1005859375,0.30077967047691345,0.009399364702403545,above_below,0,0,2,0,1,45,34,1024,5
110,resnext-saycam(S)-h,random_color,0.5283203125,0.4991973042488098,0.015599915757775307,above_below,0,0,2,0,1,45,34,1024,5
111,resnext-saycam(S)-v,different_shapes,0.560546875,0.49632054567337036,0.015510017052292824,above_below,0,0,2,0,1,45,34,1024,5
112,resnext-saycam(S)-v,split_text,0.103515625,0.30463114380836487,0.009519723244011402,above_below,0,0,2,0,1,45,34,1024,5
113,resnext-saycam(S)-v,random_color,0.5791015625,0.49370330572128296,0.015428228303790092,above_below,0,0,2,0,1,45,34,1024,5
114,resnext-saycam(S)-h,different_shapes,0.35546875,0.4786550998687744,0.0149579718708992,above_below,0,0,2,0,1,60,34,1024,5
115,resnext-saycam(S)-h,split_text,0.09765625,0.2968493103981018,0.009276540949940681,above_below,0,0,2,0,1,60,34,1024,5
116,resnext-saycam(S)-h,random_color,0.390625,0.48789048194885254,0.015246577560901642,above_below,0,0,2,0,1,60,34,1024,5
117,resnext-saycam(S)-v,different_shapes,0.767578125,0.4223765432834625,0.013199266977608204,above_below,0,0,2,0,1,60,34,1024,5
118,resnext-saycam(S)-v,split_text,0.10546875,0.3071564733982086,0.00959863979369402,above_below,0,0,2,0,1,60,34,1024,5
119,resnext-saycam(S)-v,random_color,0.7509765625,0.4324474036693573,0.013513981364667416,above_below,0,0,2,0,1,60,34,1024,5
120,resnext-saycam(S)-h,different_shapes,0.88671875,0.31693628430366516,0.009904258884489536,above_below,0,0,2,0,4,,34,1024,5
121,resnext-saycam(S)-h,split_text,0.1044921875,0.305897980928421,0.009559311904013157,above_below,0,0,2,0,4,,34,1024,5
122,resnext-saycam(S)-h,random_color,0.8720703125,0.3340114951133728,0.0104378592222929,above_below,0,0,2,0,4,,34,1024,5
123,resnext-saycam(S)-v,different_shapes,0.3388671875,0.47332465648651123,0.014791395515203476,above_below,0,0,2,0,4,,34,1024,5
124,resnext-saycam(S)-v,split_text,0.109375,0.3121091425418854,0.009753410704433918,above_below,0,0,2,0,4,,34,1024,5
125,resnext-saycam(S)-v,random_color,0.353515625,0.4780610203742981,0.014939406886696815,above_below,0,0,2,0,4,,34,1024,5
126,resnext-saycam(S)-h,different_shapes,0.7392578125,0.43903952836990356,0.013719985261559486,above_below,0,0,2,0,4,30,34,1024,5
127,resnext-saycam(S)-h,split_text,0.1083984375,0.31088295578956604,0.009715092368423939,above_below,0,0,2,0,4,30,34,1024,5
128,resnext-saycam(S)-h,random_color,0.7509765625,0.4324474036693573,0.013513981364667416,above_below,0,0,2,0,4,30,34,1024,5
129,resnext-saycam(S)-v,different_shapes,0.3505859375,0.477153480052948,0.014911046251654625,above_below,0,0,2,0,4,30,34,1024,5
130,resnext-saycam(S)-v,split_text,0.1083984375,0.31088295578956604,0.009715092368423939,above_below,0,0,2,0,4,30,34,1024,5
131,resnext-saycam(S)-v,random_color,0.35546875,0.4786550998687744,0.0149579718708992,above_below,0,0,2,0,4,30,34,1024,5
132,resnext-saycam(S)-h,different_shapes,0.46484375,0.4987625181674957,0.015586328692734241,above_below,0,0,2,0,4,45,34,1024,5
133,resnext-saycam(S)-h,split_text,0.111328125,0.31453803181648254,0.00982931349426508,above_below,0,0,2,0,4,45,34,1024,5
134,resnext-saycam(S)-h,random_color,0.5205078125,0.4995792508125305,0.015611851587891579,above_below,0,0,2,0,4,45,34,1024,5
135,resnext-saycam(S)-v,different_shapes,0.521484375,0.49953821301460266,0.015610569156706333,above_below,0,0,2,0,4,45,34,1024,5
136,resnext-saycam(S)-v,split_text,0.1083984375,0.31088295578956604,0.009715092368423939,above_below,0,0,2,0,4,45,34,1024,5
137,resnext-saycam(S)-v,random_color,0.505859375,0.4999656677246094,0.015623927116394043,above_below,0,0,2,0,4,45,34,1024,5
138,resnext-saycam(S)-h,different_shapes,0.2626953125,0.44009825587272644,0.013753070496022701,above_below,0,0,2,0,4,60,34,1024,5
139,resnext-saycam(S)-h,split_text,0.1083984375,0.31088295578956604,0.009715092368423939,above_below,0,0,2,0,4,60,34,1024,5
140,resnext-saycam(S)-h,random_color,0.31640625,0.46507346630096436,0.014533545821905136,above_below,0,0,2,0,4,60,34,1024,5
141,resnext-saycam(S)-v,different_shapes,0.7802734375,0.4140613377094269,0.01293941680341959,above_below,0,0,2,0,4,60,34,1024,5
142,resnext-saycam(S)-v,split_text,0.109375,0.3121091425418854,0.009753410704433918,above_below,0,0,2,0,4,60,34,1024,5
143,resnext-saycam(S)-v,random_color,0.7548828125,0.4301566481590271,0.013442395254969597,above_below,0,0,2,0,4,60,34,1024,5
144,resnext-saycam(S)-h,different_shapes,0.263671875,0.4406234323978424,0.013769482262432575,above_below,0,0,2,1,1,,34,1024,5
145,resnext-saycam(S)-h,split_text,0.091796875,0.28873899579048157,0.009023093618452549,above_below,0,0,2,1,1,,34,1024,5
146,resnext-saycam(S)-h,random_color,0.2685546875,0.443207710981369,0.013850240968167782,above_below,0,0,2,1,1,,34,1024,5
147,resnext-saycam(S)-v,different_shapes,0.8046875,0.3964410722255707,0.012388783507049084,above_below,0,0,2,1,1,,34,1024,5
148,resnext-saycam(S)-v,split_text,0.09765625,0.2968493103981018,0.009276540949940681,above_below,0,0,2,1,1,,34,1024,5
149,resnext-saycam(S)-v,random_color,0.7802734375,0.4140613377094269,0.01293941680341959,above_below,0,0,2,1,1,,34,1024,5
150,resnext-saycam(S)-h,different_shapes,0.341796875,0.474311888217926,0.014822246506810188,above_below,0,0,2,1,1,30,34,1024,5
151,resnext-saycam(S)-h,split_text,0.08984375,0.28595778346061707,0.008936180733144283,above_below,0,0,2,1,1,30,34,1024,5
152,resnext-saycam(S)-h,random_color,0.3759765625,0.4843740165233612,0.015136688016355038,above_below,0,0,2,1,1,30,34,1024,5
153,resnext-saycam(S)-v,different_shapes,0.6640625,0.4723171591758728,0.014759911224246025,above_below,0,0,2,1,1,30,34,1024,5
154,resnext-saycam(S)-v,split_text,0.09375,0.2914806008338928,0.00910876877605915,above_below,0,0,2,1,1,30,34,1024,5
155,resnext-saycam(S)-v,random_color,0.669921875,0.4702409505844116,0.014695029705762863,above_below,0,0,2,1,1,30,34,1024,5
156,resnext-saycam(S)-h,different_shapes,0.5302734375,0.49908268451690674,0.015596333891153336,above_below,0,0,2,1,1,45,34,1024,5
157,resnext-saycam(S)-h,split_text,0.0927734375,0.2901146709918976,0.0090660834684968,above_below,0,0,2,1,1,45,34,1024,5
158,resnext-saycam(S)-h,random_color,0.5498046875,0.4975133240222931,0.015547291375696659,above_below,0,0,2,1,1,45,34,1024,5
159,resnext-saycam(S)-v,different_shapes,0.537109375,0.49862098693847656,0.015581905841827393,above_below,0,0,2,1,1,45,34,1024,5
160,resnext-saycam(S)-v,split_text,0.1015625,0.30207210779190063,0.009439753368496895,above_below,0,0,2,1,1,45,34,1024,5
161,resnext-saycam(S)-v,random_color,0.5615234375,0.49620044231414795,0.015506263822317123,above_below,0,0,2,1,1,45,34,1024,5
162,resnext-saycam(S)-h,different_shapes,0.7470703125,0.4346909821033478,0.013584093190729618,above_below,0,0,2,1,1,60,34,1024,5
163,resnext-saycam(S)-h,split_text,0.0927734375,0.2901146709918976,0.0090660834684968,above_below,0,0,2,1,1,60,34,1024,5
164,resnext-saycam(S)-h,random_color,0.7646484375,0.4242183566093445,0.013256823644042015,above_below,0,0,2,1,1,60,34,1024,5
165,resnext-saycam(S)-v,different_shapes,0.4619140625,0.49854734539985657,0.015579604543745518,above_below,0,0,2,1,1,60,34,1024,5
166,resnext-saycam(S)-v,split_text,0.09375,0.2914806008338928,0.00910876877605915,above_below,0,0,2,1,1,60,34,1024,5
167,resnext-saycam(S)-v,random_color,0.4912109375,0.4999227523803711,0.015622586011886597,above_below,0,0,2,1,1,60,34,1024,5
168,resnext-saycam(S)-h,different_shapes,0.224609375,0.41732481122016907,0.013041400350630283,above_below,0,0,2,1,4,,34,1024,5
169,resnext-saycam(S)-h,split_text,0.109375,0.3121091425418854,0.009753410704433918,above_below,0,0,2,1,4,,34,1024,5
170,resnext-saycam(S)-h,random_color,0.2470703125,0.43130797147750854,0.013478374108672142,above_below,0,0,2,1,4,,34,1024,5
171,resnext-saycam(S)-v,different_shapes,0.84765625,0.35935378074645996,0.011229805648326874,above_below,0,0,2,1,4,,34,1024,5
172,resnext-saycam(S)-v,split_text,0.1083984375,0.31088295578956604,0.009715092368423939,above_below,0,0,2,1,4,,34,1024,5
173,resnext-saycam(S)-v,random_color,0.81640625,0.3871525228023529,0.012098516337573528,above_below,0,0,2,1,4,,34,1024,5
174,resnext-saycam(S)-h,different_shapes,0.3095703125,0.46231648325920105,0.014447390101850033,above_below,0,0,2,1,4,30,34,1024,5
175,resnext-saycam(S)-h,split_text,0.1025390625,0.3033559024333954,0.009479871951043606,above_below,0,0,2,1,4,30,34,1024,5
176,resnext-saycam(S)-h,random_color,0.3369140625,0.4726552367210388,0.014770476147532463,above_below,0,0,2,1,4,30,34,1024,5
177,resnext-saycam(S)-v,different_shapes,0.6982421875,0.459020733833313,0.014344397932291031,above_below,0,0,2,1,4,30,34,1024,5
178,resnext-saycam(S)-v,split_text,0.103515625,0.30463114380836487,0.009519723244011402,above_below,0,0,2,1,4,30,34,1024,5
179,resnext-saycam(S)-v,random_color,0.66015625,0.47365596890449524,0.014801749028265476,above_below,0,0,2,1,4,30,34,1024,5
180,resnext-saycam(S)-h,different_shapes,0.49609375,0.4999847412109375,0.015624523162841797,above_below,0,0,2,1,4,45,34,1024,5
181,resnext-saycam(S)-h,split_text,0.1005859375,0.30077967047691345,0.009399364702403545,above_below,0,0,2,1,4,45,34,1024,5
182,resnext-saycam(S)-h,random_color,0.5107421875,0.49988460540771484,0.015621393918991089,above_below,0,0,2,1,4,45,34,1024,5
183,resnext-saycam(S)-v,different_shapes,0.5234375,0.4994503855705261,0.015607824549078941,above_below,0,0,2,1,4,45,34,1024,5
184,resnext-saycam(S)-v,split_text,0.107421875,0.30964887142181396,0.009676527231931686,above_below,0,0,2,1,4,45,34,1024,5
185,resnext-saycam(S)-v,random_color,0.505859375,0.4999656677246094,0.015623927116394043,above_below,0,0,2,1,4,45,34,1024,5
186,resnext-saycam(S)-h,different_shapes,0.744140625,0.43634316325187683,0.013635723851621151,above_below,0,0,2,1,4,60,34,1024,5
187,resnext-saycam(S)-h,split_text,0.1083984375,0.31088295578956604,0.009715092368423939,above_below,0,0,2,1,4,60,34,1024,5
188,resnext-saycam(S)-h,random_color,0.728515625,0.44472530484199524,0.013897665776312351,above_below,0,0,2,1,4,60,34,1024,5
189,resnext-saycam(S)-v,different_shapes,0.3857421875,0.4867701232433319,0.015211566351354122,above_below,0,0,2,1,4,60,34,1024,5
190,resnext-saycam(S)-v,split_text,0.1162109375,0.320477694272995,0.010014927946031094,above_below,0,0,2,1,4,60,34,1024,5
191,resnext-saycam(S)-v,random_color,0.3994140625,0.48977798223495483,0.015305561944842339,above_below,0,0,2,1,4,60,34,1024,5
192,resnext-saycam(S)-h,different_shapes,0.8974609375,0.3033559024333954,0.009479871951043606,above_below,1,0,1,0,1,,34,1024,5
193,resnext-saycam(S)-h,split_text,0.205078125,0.403758704662323,0.012617459520697594,above_below,1,0,1,0,1,,34,1024,5
194,resnext-saycam(S)-h,random_color,0.8798828125,0.32509851455688477,0.010159328579902649,above_below,1,0,1,0,1,,34,1024,5
195,resnext-saycam(S)-v,different_shapes,0.3291015625,0.4698869287967682,0.014683966524899006,above_below,1,0,1,0,1,,34,1024,5
196,resnext-saycam(S)-v,split_text,0.0849609375,0.2788235545158386,0.008713236078619957,above_below,1,0,1,0,1,,34,1024,5
197,resnext-saycam(S)-v,random_color,0.33203125,0.4709421396255493,0.014716941863298416,above_below,1,0,1,0,1,,34,1024,5
198,resnext-saycam(S)-h,different_shapes,0.7529296875,0.43130797147750854,0.013478374108672142,above_below,1,0,1,0,1,30,34,1024,5
199,resnext-saycam(S)-h,split_text,0.1669921875,0.3729688823223114,0.011655277572572231,above_below,1,0,1,0,1,30,34,1024,5
200,resnext-saycam(S)-h,random_color,0.751953125,0.4318791627883911,0.013496223837137222,above_below,1,0,1,0,1,30,34,1024,5
201,resnext-saycam(S)-v,different_shapes,0.361328125,0.48038536310195923,0.015012042596936226,above_below,1,0,1,0,1,30,34,1024,5
202,resnext-saycam(S)-v,split_text,0.0751953125,0.263706237077713,0.008240819908678532,above_below,1,0,1,0,1,30,34,1024,5
203,resnext-saycam(S)-v,random_color,0.3544921875,0.4783591628074646,0.014948723837733269,above_below,1,0,1,0,1,30,34,1024,5
204,resnext-saycam(S)-h,different_shapes,0.5087890625,0.4999227523803711,0.015622586011886597,above_below,1,0,1,0,1,45,34,1024,5
205,resnext-saycam(S)-h,split_text,0.109375,0.3121091425418854,0.009753410704433918,above_below,1,0,1,0,1,45,34,1024,5
206,resnext-saycam(S)-h,random_color,0.5263671875,0.49930429458618164,0.015603259205818176,above_below,1,0,1,0,1,45,34,1024,5
207,resnext-saycam(S)-v,different_shapes,0.5234375,0.4994503855705261,0.015607824549078941,above_below,1,0,1,0,1,45,34,1024,5
208,resnext-saycam(S)-v,split_text,0.111328125,0.31453803181648254,0.00982931349426508,above_below,1,0,1,0,1,45,34,1024,5
209,resnext-saycam(S)-v,random_color,0.525390625,0.49935489892959595,0.015604840591549873,above_below,1,0,1,0,1,45,34,1024,5
210,resnext-saycam(S)-h,different_shapes,0.33984375,0.47365596890449524,0.014801749028265476,above_below,1,0,1,0,1,60,34,1024,5
211,resnext-saycam(S)-h,split_text,0.060546875,0.2384972721338272,0.0074530397541821,above_below,1,0,1,0,1,60,34,1024,5
212,resnext-saycam(S)-h,random_color,0.3896484375,0.48767051100730896,0.015239703468978405,above_below,1,0,1,0,1,60,34,1024,5
213,resnext-saycam(S)-v,different_shapes,0.849609375,0.3574538826942444,0.011170433834195137,above_below,1,0,1,0,1,60,34,1024,5
214,resnext-saycam(S)-v,split_text,0.142578125,0.3496420979499817,0.010926315560936928,above_below,1,0,1,0,1,60,34,1024,5
215,resnext-saycam(S)-v,random_color,0.8603515625,0.34662190079689026,0.01083193439990282,above_below,1,0,1,0,1,60,34,1024,5
216,resnext-saycam(S)-h,different_shapes,0.9140625,0.2802717387676239,0.008758491836488247,above_below,1,0,1,0,4,,34,1024,5
217,resnext-saycam(S)-h,split_text,0.1806640625,0.38473960757255554,0.01202311273664236,above_below,1,0,1,0,4,,34,1024,5
218,resnext-saycam(S)-h,random_color,0.908203125,0.28873899579048157,0.009023093618452549,above_below,1,0,1,0,4,,34,1024,5
219,resnext-saycam(S)-v,different_shapes,0.24609375,0.4307337999343872,0.0134604312479496,above_below,1,0,1,0,4,,34,1024,5
220,resnext-saycam(S)-v,split_text,0.0634765625,0.24381814897060394,0.007619317155331373,above_below,1,0,1,0,4,,34,1024,5
221,resnext-saycam(S)-v,random_color,0.2548828125,0.4357953369617462,0.01361860428005457,above_below,1,0,1,0,4,,34,1024,5
222,resnext-saycam(S)-h,different_shapes,0.765625,0.42360755801200867,0.01323773618787527,above_below,1,0,1,0,4,30,34,1024,5
223,resnext-saycam(S)-h,split_text,0.15625,0.36309218406677246,0.01134663075208664,above_below,1,0,1,0,4,30,34,1024,5
224,resnext-saycam(S)-h,random_color,0.76171875,0.42603203654289246,0.01331350114196539,above_below,1,0,1,0,4,30,34,1024,5
225,resnext-saycam(S)-v,different_shapes,0.2451171875,0.4301566481590271,0.013442395254969597,above_below,1,0,1,0,4,30,34,1024,5
226,resnext-saycam(S)-v,split_text,0.0439453125,0.20497345924377441,0.0064054206013679504,above_below,1,0,1,0,4,30,34,1024,5
227,resnext-saycam(S)-v,random_color,0.234375,0.42360755801200867,0.01323773618787527,above_below,1,0,1,0,4,30,34,1024,5
228,resnext-saycam(S)-h,different_shapes,0.4462890625,0.49710676074028015,0.015534586273133755,above_below,1,0,1,0,4,45,34,1024,5
229,resnext-saycam(S)-h,split_text,0.0751953125,0.263706237077713,0.008240819908678532,above_below,1,0,1,0,4,45,34,1024,5
230,resnext-saycam(S)-h,random_color,0.4560546875,0.4980650544166565,0.015564532950520515,above_below,1,0,1,0,4,45,34,1024,5
231,resnext-saycam(S)-v,different_shapes,0.4716796875,0.4991973042488098,0.015599915757775307,above_below,1,0,1,0,4,45,34,1024,5
232,resnext-saycam(S)-v,split_text,0.0810546875,0.27291908860206604,0.008528721518814564,above_below,1,0,1,0,4,45,34,1024,5
233,resnext-saycam(S)-v,random_color,0.4833984375,0.49972429871559143,0.015616384334862232,above_below,1,0,1,0,4,45,34,1024,5
234,resnext-saycam(S)-h,different_shapes,0.2216796875,0.4153766930103302,0.012980521656572819,above_below,1,0,1,0,4,60,34,1024,5
235,resnext-saycam(S)-h,split_text,0.03515625,0.18417461216449738,0.005755456630140543,above_below,1,0,1,0,4,60,34,1024,5
236,resnext-saycam(S)-h,random_color,0.26171875,0.4395703077316284,0.013736572116613388,above_below,1,0,1,0,4,60,34,1024,5
237,resnext-saycam(S)-v,different_shapes,0.8623046875,0.34457990527153015,0.010768122039735317,above_below,1,0,1,0,4,60,34,1024,5
238,resnext-saycam(S)-v,split_text,0.1259765625,0.3318229615688324,0.010369467549026012,above_below,1,0,1,0,4,60,34,1024,5
239,resnext-saycam(S)-v,random_color,0.876953125,0.3284910023212433,0.010265343822538853,above_below,1,0,1,0,4,60,34,1024,5
240,resnext-saycam(S)-h,different_shapes,0.2470703125,0.43130797147750854,0.013478374108672142,above_below,1,0,1,1,1,,34,1024,5
241,resnext-saycam(S)-h,split_text,0.052734375,0.22350271046161652,0.006984459701925516,above_below,1,0,1,1,1,,34,1024,5
242,resnext-saycam(S)-h,random_color,0.259765625,0.4385059177875519,0.013703309930860996,above_below,1,0,1,1,1,,34,1024,5
243,resnext-saycam(S)-v,different_shapes,0.8154296875,0.387948602437973,0.012123393826186657,above_below,1,0,1,1,1,,34,1024,5
244,resnext-saycam(S)-v,split_text,0.189453125,0.39186814427375793,0.012245879508554935,above_below,1,0,1,1,1,,34,1024,5
245,resnext-saycam(S)-v,random_color,0.8271484375,0.3781189024448395,0.011816215701401234,above_below,1,0,1,1,1,,34,1024,5
246,resnext-saycam(S)-h,different_shapes,0.3056640625,0.46068811416625977,0.014396503567695618,above_below,1,0,1,1,1,30,34,1024,5
247,resnext-saycam(S)-h,split_text,0.05859375,0.2348627746105194,0.0073394617065787315,above_below,1,0,1,1,1,30,34,1024,5
248,resnext-saycam(S)-h,random_color,0.3291015625,0.4698869287967682,0.014683966524899006,above_below,1,0,1,1,1,30,34,1024,5
249,resnext-saycam(S)-v,different_shapes,0.6806640625,0.46621936559677124,0.014569355174899101,above_below,1,0,1,1,1,30,34,1024,5
250,resnext-saycam(S)-v,split_text,0.1416015625,0.3486410081386566,0.01089503150433302,above_below,1,0,1,1,1,30,34,1024,5
251,resnext-saycam(S)-v,random_color,0.68359375,0.46507346630096436,0.014533545821905136,above_below,1,0,1,1,1,30,34,1024,5
252,resnext-saycam(S)-h,different_shapes,0.5263671875,0.49930429458618164,0.015603259205818176,above_below,1,0,1,1,1,45,34,1024,5
253,resnext-saycam(S)-h,split_text,0.1083984375,0.31088295578956604,0.009715092368423939,above_below,1,0,1,1,1,45,34,1024,5
254,resnext-saycam(S)-h,random_color,0.5244140625,0.49940359592437744,0.015606362372636795,above_below,1,0,1,1,1,45,34,1024,5
255,resnext-saycam(S)-v,different_shapes,0.5263671875,0.49930429458618164,0.015603259205818176,above_below,1,0,1,1,1,45,34,1024,5
256,resnext-saycam(S)-v,split_text,0.109375,0.3121091425418854,0.009753410704433918,above_below,1,0,1,1,1,45,34,1024,5
257,resnext-saycam(S)-v,random_color,0.521484375,0.49953821301460266,0.015610569156706333,above_below,1,0,1,1,1,45,34,1024,5
258,resnext-saycam(S)-h,different_shapes,0.8408203125,0.3658435642719269,0.011432611383497715,above_below,1,0,1,1,1,60,34,1024,5
259,resnext-saycam(S)-h,split_text,0.1767578125,0.3814636170864105,0.011920738033950329,above_below,1,0,1,1,1,60,34,1024,5
260,resnext-saycam(S)-h,random_color,0.85546875,0.3516275882720947,0.01098836213350296,above_below,1,0,1,1,1,60,34,1024,5
261,resnext-saycam(S)-v,different_shapes,0.4453125,0.4970002770423889,0.015531258657574654,above_below,1,0,1,1,1,60,34,1024,5
262,resnext-saycam(S)-v,split_text,0.0908203125,0.28735342621803284,0.008979794569313526,above_below,1,0,1,1,1,60,34,1024,5
263,resnext-saycam(S)-v,random_color,0.4443359375,0.4968918561935425,0.015527870506048203,above_below,1,0,1,1,1,60,34,1024,5
264,resnext-saycam(S)-h,different_shapes,0.1484375,0.3555331230163574,0.01111041009426117,above_below,1,0,1,1,4,,34,1024,5
265,resnext-saycam(S)-h,split_text,0.037109375,0.18902981281280518,0.005907181650400162,above_below,1,0,1,1,4,,34,1024,5
266,resnext-saycam(S)-h,random_color,0.173828125,0.37896162271499634,0.011842550709843636,above_below,1,0,1,1,4,,34,1024,5
267,resnext-saycam(S)-v,different_shapes,0.873046875,0.33292046189308167,0.010403764434158802,above_below,1,0,1,1,4,,34,1024,5
268,resnext-saycam(S)-v,split_text,0.1708984375,0.37642019987106323,0.011763131245970726,above_below,1,0,1,1,4,,34,1024,5
269,resnext-saycam(S)-v,random_color,0.8759765625,0.329608291387558,0.010300259105861187,above_below,1,0,1,1,4,,34,1024,5
270,resnext-saycam(S)-h,different_shapes,0.21484375,0.41071391105651855,0.012834809720516205,above_below,1,0,1,1,4,30,34,1024,5
271,resnext-saycam(S)-h,split_text,0.037109375,0.18902981281280518,0.005907181650400162,above_below,1,0,1,1,4,30,34,1024,5
272,resnext-saycam(S)-h,random_color,0.23828125,0.42603203654289246,0.01331350114196539,above_below,1,0,1,1,4,30,34,1024,5
273,resnext-saycam(S)-v,different_shapes,0.712890625,0.45241305232048035,0.01413790788501501,above_below,1,0,1,1,4,30,34,1024,5
274,resnext-saycam(S)-v,split_text,0.1298828125,0.33617445826530457,0.010505451820790768,above_below,1,0,1,1,4,30,34,1024,5
275,resnext-saycam(S)-v,random_color,0.703125,0.45688098669052124,0.014277530834078789,above_below,1,0,1,1,4,30,34,1024,5
276,resnext-saycam(S)-h,different_shapes,0.4990234375,0.4999990463256836,0.015624970197677612,above_below,1,0,1,1,4,45,34,1024,5
277,resnext-saycam(S)-h,split_text,0.0810546875,0.27291908860206604,0.008528721518814564,above_below,1,0,1,1,4,45,34,1024,5
278,resnext-saycam(S)-h,random_color,0.517578125,0.4996909201145172,0.015615341253578663,above_below,1,0,1,1,4,45,34,1024,5
279,resnext-saycam(S)-v,different_shapes,0.46875,0.4990224838256836,0.015594452619552612,above_below,1,0,1,1,4,45,34,1024,5
280,resnext-saycam(S)-v,split_text,0.0732421875,0.2605336308479309,0.008141675963997841,above_below,1,0,1,1,4,45,34,1024,5
281,resnext-saycam(S)-v,random_color,0.47265625,0.49925175309181213,0.01560161728411913,above_below,1,0,1,1,4,45,34,1024,5
282,resnext-saycam(S)-h,different_shapes,0.78515625,0.41071391105651855,0.012834809720516205,above_below,1,0,1,1,4,60,34,1024,5
283,resnext-saycam(S)-h,split_text,0.1494140625,0.3564961552619934,0.011140504851937294,above_below,1,0,1,1,4,60,34,1024,5
284,resnext-saycam(S)-h,random_color,0.8095703125,0.39264005422592163,0.012270001694560051,above_below,1,0,1,1,4,60,34,1024,5
285,resnext-saycam(S)-v,different_shapes,0.3076171875,0.4615071415901184,0.0144220981746912,above_below,1,0,1,1,4,60,34,1024,5
286,resnext-saycam(S)-v,split_text,0.044921875,0.20713256299495697,0.006472892593592405,above_below,1,0,1,1,4,60,34,1024,5
287,resnext-saycam(S)-v,random_color,0.3193359375,0.46621936559677124,0.014569355174899101,above_below,1,0,1,1,4,60,34,1024,5
288,resnext-saycam(S)-h,different_shapes,0.87109375,0.335096150636673,0.01047175470739603,above_below,1,0,2,0,1,,34,1024,5
289,resnext-saycam(S)-h,split_text,0.1015625,0.30207210779190063,0.009439753368496895,above_below,1,0,2,0,1,,34,1024,5
290,resnext-saycam(S)-h,random_color,0.8544921875,0.35261210799217224,0.011019128374755383,above_below,1,0,2,0,1,,34,1024,5
291,resnext-saycam(S)-v,different_shapes,0.3330078125,0.4712893068790436,0.014727790839970112,above_below,1,0,2,0,1,,34,1024,5
292,resnext-saycam(S)-v,split_text,0.095703125,0.2941836714744568,0.009193239733576775,above_below,1,0,2,0,1,,34,1024,5
293,resnext-saycam(S)-v,random_color,0.353515625,0.4780610203742981,0.014939406886696815,above_below,1,0,2,0,1,,34,1024,5
294,resnext-saycam(S)-h,different_shapes,0.7119140625,0.45287132263183594,0.014152228832244873,above_below,1,0,2,0,1,30,34,1024,5
295,resnext-saycam(S)-h,split_text,0.099609375,0.2994784712791443,0.009358702227473259,above_below,1,0,2,0,1,30,34,1024,5
296,resnext-saycam(S)-h,random_color,0.720703125,0.4486536979675293,0.01402042806148529,above_below,1,0,2,0,1,30,34,1024,5
297,resnext-saycam(S)-v,different_shapes,0.3740234375,0.483869731426239,0.01512092910706997,above_below,1,0,2,0,1,30,34,1024,5
298,resnext-saycam(S)-v,split_text,0.09765625,0.2968493103981018,0.009276540949940681,above_below,1,0,2,0,1,30,34,1024,5
299,resnext-saycam(S)-v,random_color,0.3876953125,0.48722442984580994,0.01522576343268156,above_below,1,0,2,0,1,30,34,1024,5
300,resnext-saycam(S)-h,different_shapes,0.515625,0.4997557997703552,0.0156173687428236,above_below,1,0,2,0,1,45,34,1024,5
301,resnext-saycam(S)-h,split_text,0.0966796875,0.2955211102962494,0.009235034696757793,above_below,1,0,2,0,1,45,34,1024,5
302,resnext-saycam(S)-h,random_color,0.51953125,0.49961838126182556,0.015613074414432049,above_below,1,0,2,0,1,45,34,1024,5
303,resnext-saycam(S)-v,different_shapes,0.5498046875,0.4975133240222931,0.015547291375696659,above_below,1,0,2,0,1,45,34,1024,5
304,resnext-saycam(S)-v,split_text,0.0966796875,0.2955211102962494,0.009235034696757793,above_below,1,0,2,0,1,45,34,1024,5
305,resnext-saycam(S)-v,random_color,0.56640625,0.4955706000328064,0.0154865812510252,above_below,1,0,2,0,1,45,34,1024,5
306,resnext-saycam(S)-h,different_shapes,0.3408203125,0.47398504614830017,0.01481203269213438,above_below,1,0,2,0,1,60,34,1024,5
307,resnext-saycam(S)-h,split_text,0.1025390625,0.3033559024333954,0.009479871951043606,above_below,1,0,2,0,1,60,34,1024,5
308,resnext-saycam(S)-h,random_color,0.37890625,0.485114723443985,0.01515983510762453,above_below,1,0,2,0,1,60,34,1024,5
309,resnext-saycam(S)-v,different_shapes,0.8095703125,0.39264005422592163,0.012270001694560051,above_below,1,0,2,0,1,60,34,1024,5
310,resnext-saycam(S)-v,split_text,0.1005859375,0.30077967047691345,0.009399364702403545,above_below,1,0,2,0,1,60,34,1024,5
311,resnext-saycam(S)-v,random_color,0.8056640625,0.39568862318992615,0.012365269474685192,above_below,1,0,2,0,1,60,34,1024,5
312,resnext-saycam(S)-h,different_shapes,0.892578125,0.30964887142181396,0.009676527231931686,above_below,1,0,2,0,4,,34,1024,5
313,resnext-saycam(S)-h,split_text,0.1083984375,0.31088295578956604,0.009715092368423939,above_below,1,0,2,0,4,,34,1024,5
314,resnext-saycam(S)-h,random_color,0.896484375,0.30463114380836487,0.009519723244011402,above_below,1,0,2,0,4,,34,1024,5
315,resnext-saycam(S)-v,different_shapes,0.298828125,0.4577443301677704,0.014304510317742825,above_below,1,0,2,0,4,,34,1024,5
316,resnext-saycam(S)-v,split_text,0.1123046875,0.3157409429550171,0.009866904467344284,above_below,1,0,2,0,4,,34,1024,5
317,resnext-saycam(S)-v,random_color,0.3154296875,0.464686781167984,0.0145214619114995,above_below,1,0,2,0,4,,34,1024,5
318,resnext-saycam(S)-h,different_shapes,0.7451171875,0.4357953369617462,0.01361860428005457,above_below,1,0,2,0,4,30,34,1024,5
319,resnext-saycam(S)-h,split_text,0.1083984375,0.31088295578956604,0.009715092368423939,above_below,1,0,2,0,4,30,34,1024,5
320,resnext-saycam(S)-h,random_color,0.7490234375,0.4335750639438629,0.013549220748245716,above_below,1,0,2,0,4,30,34,1024,5
321,resnext-saycam(S)-v,different_shapes,0.3203125,0.4665966033935547,0.014581143856048584,above_below,1,0,2,0,4,30,34,1024,5
322,resnext-saycam(S)-v,split_text,0.1083984375,0.31088295578956604,0.009715092368423939,above_below,1,0,2,0,4,30,34,1024,5
323,resnext-saycam(S)-v,random_color,0.3369140625,0.4726552367210388,0.014770476147532463,above_below,1,0,2,0,4,30,34,1024,5
324,resnext-saycam(S)-h,different_shapes,0.4580078125,0.49823352694511414,0.015569797717034817,above_below,1,0,2,0,4,45,34,1024,5
325,resnext-saycam(S)-h,split_text,0.1083984375,0.31088295578956604,0.009715092368423939,above_below,1,0,2,0,4,45,34,1024,5
326,resnext-saycam(S)-h,random_color,0.5048828125,0.49997615814208984,0.015624254941940308,above_below,1,0,2,0,4,45,34,1024,5
327,resnext-saycam(S)-v,different_shapes,0.5185546875,0.4996556043624878,0.015614237636327744,above_below,1,0,2,0,4,45,34,1024,5
328,resnext-saycam(S)-v,split_text,0.1103515625,0.31332746148109436,0.009791483171284199,above_below,1,0,2,0,4,45,34,1024,5
329,resnext-saycam(S)-v,random_color,0.5048828125,0.49997615814208984,0.015624254941940308,above_below,1,0,2,0,4,45,34,1024,5
330,resnext-saycam(S)-h,different_shapes,0.259765625,0.4385059177875519,0.013703309930860996,above_below,1,0,2,0,4,60,34,1024,5
331,resnext-saycam(S)-h,split_text,0.109375,0.3121091425418854,0.009753410704433918,above_below,1,0,2,0,4,60,34,1024,5
332,resnext-saycam(S)-h,random_color,0.3125,0.4635123908519745,0.014484762214124203,above_below,1,0,2,0,4,60,34,1024,5
333,resnext-saycam(S)-v,different_shapes,0.8251953125,0.3797999620437622,0.011868748813867569,above_below,1,0,2,0,4,60,34,1024,5
334,resnext-saycam(S)-v,split_text,0.109375,0.3121091425418854,0.009753410704433918,above_below,1,0,2,0,4,60,34,1024,5
335,resnext-saycam(S)-v,random_color,0.80078125,0.3994128704071045,0.012481652200222015,above_below,1,0,2,0,4,60,34,1024,5
336,resnext-saycam(S)-h,different_shapes,0.23828125,0.42603203654289246,0.01331350114196539,above_below,1,0,2,1,1,,34,1024,5
337,resnext-saycam(S)-h,split_text,0.087890625,0.2831357717514038,0.008847992867231369,above_below,1,0,2,1,1,,34,1024,5
338,resnext-saycam(S)-h,random_color,0.232421875,0.4223765432834625,0.013199266977608204,above_below,1,0,2,1,1,,34,1024,5
339,resnext-saycam(S)-v,different_shapes,0.806640625,0.3949322998523712,0.0123416343703866,above_below,1,0,2,1,1,,34,1024,5
340,resnext-saycam(S)-v,split_text,0.095703125,0.2941836714744568,0.009193239733576775,above_below,1,0,2,1,1,,34,1024,5
341,resnext-saycam(S)-v,random_color,0.7890625,0.40797409415245056,0.01274919044226408,above_below,1,0,2,1,1,,34,1024,5
342,resnext-saycam(S)-h,different_shapes,0.3173828125,0.4654577970504761,0.014545556157827377,above_below,1,0,2,1,1,30,34,1024,5
343,resnext-saycam(S)-h,split_text,0.087890625,0.2831357717514038,0.008847992867231369,above_below,1,0,2,1,1,30,34,1024,5
344,resnext-saycam(S)-h,random_color,0.326171875,0.46881103515625,0.014650344848632812,above_below,1,0,2,1,1,30,34,1024,5
345,resnext-saycam(S)-v,different_shapes,0.6650390625,0.4719768166542053,0.014749275520443916,above_below,1,0,2,1,1,30,34,1024,5
346,resnext-saycam(S)-v,split_text,0.0986328125,0.2981683909893036,0.009317762218415737,above_below,1,0,2,1,1,30,34,1024,5
347,resnext-saycam(S)-v,random_color,0.671875,0.4695306122303009,0.014672831632196903,above_below,1,0,2,1,1,30,34,1024,5
348,resnext-saycam(S)-h,different_shapes,0.537109375,0.49862098693847656,0.015581905841827393,above_below,1,0,2,1,1,45,34,1024,5
349,resnext-saycam(S)-h,split_text,0.0908203125,0.28735342621803284,0.008979794569313526,above_below,1,0,2,1,1,45,34,1024,5
350,resnext-saycam(S)-h,random_color,0.5595703125,0.4964386820793152,0.0155137088149786,above_below,1,0,2,1,1,45,34,1024,5
351,resnext-saycam(S)-v,different_shapes,0.5341796875,0.4988303780555725,0.015588449314236641,above_below,1,0,2,1,1,45,34,1024,5
352,resnext-saycam(S)-v,split_text,0.0947265625,0.29283687472343445,0.009151152335107327,above_below,1,0,2,1,1,45,34,1024,5
353,resnext-saycam(S)-v,random_color,0.552734375,0.4972113072872162,0.015537853352725506,above_below,1,0,2,1,1,45,34,1024,5
354,resnext-saycam(S)-h,different_shapes,0.7998046875,0.4001464247703552,0.0125045757740736,above_below,1,0,2,1,1,60,34,1024,5
355,resnext-saycam(S)-h,split_text,0.0986328125,0.2981683909893036,0.009317762218415737,above_below,1,0,2,1,1,60,34,1024,5
356,resnext-saycam(S)-h,random_color,0.8134765625,0.3895284831523895,0.012172765098512173,above_below,1,0,2,1,1,60,34,1024,5
357,resnext-saycam(S)-v,different_shapes,0.4619140625,0.49854734539985657,0.015579604543745518,above_below,1,0,2,1,1,60,34,1024,5
358,resnext-saycam(S)-v,split_text,0.09765625,0.2968493103981018,0.009276540949940681,above_below,1,0,2,1,1,60,34,1024,5
359,resnext-saycam(S)-v,random_color,0.47265625,0.49925175309181213,0.01560161728411913,above_below,1,0,2,1,1,60,34,1024,5
360,resnext-saycam(S)-h,different_shapes,0.1845703125,0.387948602437973,0.012123393826186657,above_below,1,0,2,1,4,,34,1024,5
361,resnext-saycam(S)-h,split_text,0.1025390625,0.3033559024333954,0.009479871951043606,above_below,1,0,2,1,4,,34,1024,5
362,resnext-saycam(S)-h,random_color,0.1953125,0.3964410722255707,0.012388783507049084,above_below,1,0,2,1,4,,34,1024,5
363,resnext-saycam(S)-v,different_shapes,0.8642578125,0.34251460433006287,0.010703581385314465,above_below,1,0,2,1,4,,34,1024,5
364,resnext-saycam(S)-v,split_text,0.1064453125,0.3084067106246948,0.009637709707021713,above_below,1,0,2,1,4,,34,1024,5
365,resnext-saycam(S)-v,random_color,0.8369140625,0.3694440722465515,0.011545127257704735,above_below,1,0,2,1,4,,34,1024,5
366,resnext-saycam(S)-h,different_shapes,0.2724609375,0.4452257454395294,0.013913304544985294,above_below,1,0,2,1,4,30,34,1024,5
367,resnext-saycam(S)-h,split_text,0.103515625,0.30463114380836487,0.009519723244011402,above_below,1,0,2,1,4,30,34,1024,5
368,resnext-saycam(S)-h,random_color,0.296875,0.45688098669052124,0.014277530834078789,above_below,1,0,2,1,4,30,34,1024,5
369,resnext-saycam(S)-v,different_shapes,0.703125,0.45688098669052124,0.014277530834078789,above_below,1,0,2,1,4,30,34,1024,5
370,resnext-saycam(S)-v,split_text,0.1083984375,0.31088295578956604,0.009715092368423939,above_below,1,0,2,1,4,30,34,1024,5
371,resnext-saycam(S)-v,random_color,0.677734375,0.4673440754413605,0.014604502357542515,above_below,1,0,2,1,4,30,34,1024,5
372,resnext-saycam(S)-h,different_shapes,0.49609375,0.4999847412109375,0.015624523162841797,above_below,1,0,2,1,4,45,34,1024,5
373,resnext-saycam(S)-h,split_text,0.1005859375,0.30077967047691345,0.009399364702403545,above_below,1,0,2,1,4,45,34,1024,5
374,resnext-saycam(S)-h,random_color,0.5107421875,0.49988460540771484,0.015621393918991089,above_below,1,0,2,1,4,45,34,1024,5
375,resnext-saycam(S)-v,different_shapes,0.5166015625,0.49972429871559143,0.015616384334862232,above_below,1,0,2,1,4,45,34,1024,5
376,resnext-saycam(S)-v,split_text,0.107421875,0.30964887142181396,0.009676527231931686,above_below,1,0,2,1,4,45,34,1024,5
377,resnext-saycam(S)-v,random_color,0.5009765625,0.4999990463256836,0.015624970197677612,above_below,1,0,2,1,4,45,34,1024,5
378,resnext-saycam(S)-h,different_shapes,0.779296875,0.41472068428993225,0.012960021384060383,above_below,1,0,2,1,4,60,34,1024,5
379,resnext-saycam(S)-h,split_text,0.1025390625,0.3033559024333954,0.009479871951043606,above_below,1,0,2,1,4,60,34,1024,5
380,resnext-saycam(S)-h,random_color,0.7802734375,0.4140613377094269,0.01293941680341959,above_below,1,0,2,1,4,60,34,1024,5
381,resnext-saycam(S)-v,different_shapes,0.376953125,0.4846230149269104,0.01514446921646595,above_below,1,0,2,1,4,60,34,1024,5
382,resnext-saycam(S)-v,split_text,0.11328125,0.31693628430366516,0.009904258884489536,above_below,1,0,2,1,4,60,34,1024,5
383,resnext-saycam(S)-v,random_color,0.3857421875,0.4867701232433319,0.015211566351354122,above_below,1,0,2,1,4,60,34,1024,5
384,resnext-saycam(S)-h,different_shapes,0.904296875,0.2941836714744568,0.009193239733576775,above_below,1,1,1,0,1,,34,1024,5
385,resnext-saycam(S)-h,split_text,0.205078125,0.403758704662323,0.012617459520697594,above_below,1,1,1,0,1,,34,1024,5
386,resnext-saycam(S)-h,random_color,0.8857421875,0.3181241452693939,0.00994137953966856,above_below,1,1,1,0,1,,34,1024,5
387,resnext-saycam(S)-v,different_shapes,0.34375,0.4749588668346405,0.014842464588582516,above_below,1,1,1,0,1,,34,1024,5
388,resnext-saycam(S)-v,split_text,0.087890625,0.2831357717514038,0.008847992867231369,above_below,1,1,1,0,1,,34,1024,5
389,resnext-saycam(S)-v,random_color,0.345703125,0.47559696435928345,0.014862405136227608,above_below,1,1,1,0,1,,34,1024,5
390,resnext-saycam(S)-h,different_shapes,0.76171875,0.42603203654289246,0.01331350114196539,above_below,1,1,1,0,1,30,34,1024,5
391,resnext-saycam(S)-h,split_text,0.1669921875,0.3729688823223114,0.011655277572572231,above_below,1,1,1,0,1,30,34,1024,5
392,resnext-saycam(S)-h,random_color,0.736328125,0.4406234323978424,0.013769482262432575,above_below,1,1,1,0,1,30,34,1024,5
393,resnext-saycam(S)-v,different_shapes,0.3798828125,0.48535746335983276,0.015167420729994774,above_below,1,1,1,0,1,30,34,1024,5
394,resnext-saycam(S)-v,split_text,0.076171875,0.26527291536331177,0.008289778605103493,above_below,1,1,1,0,1,30,34,1024,5
395,resnext-saycam(S)-v,random_color,0.3740234375,0.483869731426239,0.01512092910706997,above_below,1,1,1,0,1,30,34,1024,5
396,resnext-saycam(S)-h,different_shapes,0.52734375,0.49925175309181213,0.01560161728411913,above_below,1,1,1,0,1,45,34,1024,5
397,resnext-saycam(S)-h,split_text,0.1103515625,0.31332746148109436,0.009791483171284199,above_below,1,1,1,0,1,45,34,1024,5
398,resnext-saycam(S)-h,random_color,0.5439453125,0.4980650544166565,0.015564532950520515,above_below,1,1,1,0,1,45,34,1024,5
399,resnext-saycam(S)-v,different_shapes,0.5400390625,0.49839428067207336,0.015574821271002293,above_below,1,1,1,0,1,45,34,1024,5
400,resnext-saycam(S)-v,split_text,0.103515625,0.30463114380836487,0.009519723244011402,above_below,1,1,1,0,1,45,34,1024,5
401,resnext-saycam(S)-v,random_color,0.5380859375,0.49854734539985657,0.015579604543745518,above_below,1,1,1,0,1,45,34,1024,5
402,resnext-saycam(S)-h,different_shapes,0.3388671875,0.47332465648651123,0.014791395515203476,above_below,1,1,1,0,1,60,34,1024,5
403,resnext-saycam(S)-h,split_text,0.0576171875,0.23301813006401062,0.007281816564500332,above_below,1,1,1,0,1,60,34,1024,5
404,resnext-saycam(S)-h,random_color,0.376953125,0.4846230149269104,0.01514446921646595,above_below,1,1,1,0,1,60,34,1024,5
405,resnext-saycam(S)-v,different_shapes,0.841796875,0.3649313449859619,0.01140410453081131,above_below,1,1,1,0,1,60,34,1024,5
406,resnext-saycam(S)-v,split_text,0.1513671875,0.3584064245223999,0.011200200766324997,above_below,1,1,1,0,1,60,34,1024,5
407,resnext-saycam(S)-v,random_color,0.826171875,0.37896162271499634,0.011842550709843636,above_below,1,1,1,0,1,60,34,1024,5
408,resnext-saycam(S)-h,different_shapes,0.9150390625,0.2788235545158386,0.008713236078619957,above_below,1,1,1,0,4,,34,1024,5
409,resnext-saycam(S)-h,split_text,0.17578125,0.3806339502334595,0.011894810944795609,above_below,1,1,1,0,4,,34,1024,5
410,resnext-saycam(S)-h,random_color,0.904296875,0.2941836714744568,0.009193239733576775,above_below,1,1,1,0,4,,34,1024,5
411,resnext-saycam(S)-v,different_shapes,0.2705078125,0.44422218203544617,0.013881943188607693,above_below,1,1,1,0,4,,34,1024,5
412,resnext-saycam(S)-v,split_text,0.0615234375,0.24028795957565308,0.007508998736739159,above_below,1,1,1,0,4,,34,1024,5
413,resnext-saycam(S)-v,random_color,0.2841796875,0.45102283358573914,0.014094463549554348,above_below,1,1,1,0,4,,34,1024,5
414,resnext-saycam(S)-h,different_shapes,0.7666015625,0.42299363017082214,0.013218550942838192,above_below,1,1,1,0,4,30,34,1024,5
415,resnext-saycam(S)-h,split_text,0.1513671875,0.3584064245223999,0.011200200766324997,above_below,1,1,1,0,4,30,34,1024,5
416,resnext-saycam(S)-h,random_color,0.7626953125,0.425430566072464,0.0132947051897645,above_below,1,1,1,0,4,30,34,1024,5
417,resnext-saycam(S)-v,different_shapes,0.26171875,0.4395703077316284,0.013736572116613388,above_below,1,1,1,0,4,30,34,1024,5
418,resnext-saycam(S)-v,split_text,0.0498046875,0.21754121780395508,0.006798163056373596,above_below,1,1,1,0,4,30,34,1024,5
419,resnext-saycam(S)-v,random_color,0.26171875,0.4395703077316284,0.013736572116613388,above_below,1,1,1,0,4,30,34,1024,5
420,resnext-saycam(S)-h,different_shapes,0.4560546875,0.4980650544166565,0.015564532950520515,above_below,1,1,1,0,4,45,34,1024,5
421,resnext-saycam(S)-h,split_text,0.076171875,0.26527291536331177,0.008289778605103493,above_below,1,1,1,0,4,45,34,1024,5
422,resnext-saycam(S)-h,random_color,0.484375,0.4997557997703552,0.0156173687428236,above_below,1,1,1,0,4,45,34,1024,5
423,resnext-saycam(S)-v,different_shapes,0.478515625,0.49953821301460266,0.015610569156706333,above_below,1,1,1,0,4,45,34,1024,5
424,resnext-saycam(S)-v,split_text,0.078125,0.2683681845664978,0.008386505767703056,above_below,1,1,1,0,4,45,34,1024,5
425,resnext-saycam(S)-v,random_color,0.470703125,0.4991409480571747,0.015598154626786709,above_below,1,1,1,0,4,45,34,1024,5
426,resnext-saycam(S)-h,different_shapes,0.21484375,0.41071391105651855,0.012834809720516205,above_below,1,1,1,0,4,60,34,1024,5
427,resnext-saycam(S)-h,split_text,0.04296875,0.20278668403625488,0.006337083876132965,above_below,1,1,1,0,4,60,34,1024,5
428,resnext-saycam(S)-h,random_color,0.244140625,0.4295765161514282,0.013424266129732132,above_below,1,1,1,0,4,60,34,1024,5
429,resnext-saycam(S)-v,different_shapes,0.8642578125,0.34251460433006287,0.010703581385314465,above_below,1,1,1,0,4,60,34,1024,5
430,resnext-saycam(S)-v,split_text,0.126953125,0.33292046189308167,0.010403764434158802,above_below,1,1,1,0,4,60,34,1024,5
431,resnext-saycam(S)-v,random_color,0.8525390625,0.3545648157596588,0.011080150492489338,above_below,1,1,1,0,4,60,34,1024,5
432,resnext-saycam(S)-h,different_shapes,0.2529296875,0.4346909821033478,0.013584093190729618,above_below,1,1,1,1,1,,34,1024,5
433,resnext-saycam(S)-h,split_text,0.0546875,0.2273692488670349,0.007105289027094841,above_below,1,1,1,1,1,,34,1024,5
434,resnext-saycam(S)-h,random_color,0.2646484375,0.4411458373069763,0.01378580741584301,above_below,1,1,1,1,1,,34,1024,5
435,resnext-saycam(S)-v,different_shapes,0.81640625,0.3871525228023529,0.012098516337573528,above_below,1,1,1,1,1,,34,1024,5
436,resnext-saycam(S)-v,split_text,0.185546875,0.38874056935310364,0.012148142792284489,above_below,1,1,1,1,1,,34,1024,5
437,resnext-saycam(S)-v,random_color,0.8203125,0.38392695784568787,0.011997717432677746,above_below,1,1,1,1,1,,34,1024,5
438,resnext-saycam(S)-h,different_shapes,0.3330078125,0.4712893068790436,0.014727790839970112,above_below,1,1,1,1,1,30,34,1024,5
439,resnext-saycam(S)-h,split_text,0.0615234375,0.24028795957565308,0.007508998736739159,above_below,1,1,1,1,1,30,34,1024,5
440,resnext-saycam(S)-h,random_color,0.349609375,0.4768465757369995,0.014901455491781235,above_below,1,1,1,1,1,30,34,1024,5
441,resnext-saycam(S)-v,different_shapes,0.681640625,0.46583977341651917,0.014557492919266224,above_below,1,1,1,1,1,30,34,1024,5
442,resnext-saycam(S)-v,split_text,0.1376953125,0.34457990527153015,0.010768122039735317,above_below,1,1,1,1,1,30,34,1024,5
443,resnext-saycam(S)-v,random_color,0.6767578125,0.4677143096923828,0.014616072177886963,above_below,1,1,1,1,1,30,34,1024,5
444,resnext-saycam(S)-h,different_shapes,0.5400390625,0.49839428067207336,0.015574821271002293,above_below,1,1,1,1,1,45,34,1024,5
445,resnext-saycam(S)-h,split_text,0.1181640625,0.32280227541923523,0.010087571106851101,above_below,1,1,1,1,1,45,34,1024,5
446,resnext-saycam(S)-h,random_color,0.546875,0.4977978765964508,0.015556183643639088,above_below,1,1,1,1,1,45,34,1024,5
447,resnext-saycam(S)-v,different_shapes,0.5380859375,0.49854734539985657,0.015579604543745518,above_below,1,1,1,1,1,45,34,1024,5
448,resnext-saycam(S)-v,split_text,0.1044921875,0.305897980928421,0.009559311904013157,above_below,1,1,1,1,1,45,34,1024,5
449,resnext-saycam(S)-v,random_color,0.53515625,0.4987625181674957,0.015586328692734241,above_below,1,1,1,1,1,45,34,1024,5
450,resnext-saycam(S)-h,different_shapes,0.818359375,0.38554805517196655,0.012048376724123955,above_below,1,1,1,1,1,60,34,1024,5
451,resnext-saycam(S)-h,split_text,0.169921875,0.3755641579627991,0.011736379936337471,above_below,1,1,1,1,1,60,34,1024,5
452,resnext-saycam(S)-h,random_color,0.8330078125,0.3729688823223114,0.011655277572572231,above_below,1,1,1,1,1,60,34,1024,5
453,resnext-saycam(S)-v,different_shapes,0.4580078125,0.49823352694511414,0.015569797717034817,above_below,1,1,1,1,1,60,34,1024,5
454,resnext-saycam(S)-v,split_text,0.0859375,0.2802717387676239,0.008758491836488247,above_below,1,1,1,1,1,60,34,1024,5
455,resnext-saycam(S)-v,random_color,0.4677734375,0.49896037578582764,0.015592511743307114,above_below,1,1,1,1,1,60,34,1024,5
456,resnext-saycam(S)-h,different_shapes,0.177734375,0.38228899240493774,0.011946531012654305,above_below,1,1,1,1,4,,34,1024,5
457,resnext-saycam(S)-h,split_text,0.041015625,0.19832634925842285,0.006197698414325714,above_below,1,1,1,1,4,,34,1024,5
458,resnext-saycam(S)-h,random_color,0.19140625,0.39340806007385254,0.012294001877307892,above_below,1,1,1,1,4,,34,1024,5
459,resnext-saycam(S)-v,different_shapes,0.875,0.33071890473365784,0.010334965772926807,above_below,1,1,1,1,4,,34,1024,5
460,resnext-saycam(S)-v,split_text,0.1689453125,0.37470361590385437,0.011709487996995449,above_below,1,1,1,1,4,,34,1024,5
461,resnext-saycam(S)-v,random_color,0.87890625,0.32623618841171265,0.01019488088786602,above_below,1,1,1,1,4,,34,1024,5
462,resnext-saycam(S)-h,different_shapes,0.21875,0.4133986532688141,0.01291870791465044,above_below,1,1,1,1,4,30,34,1024,5
463,resnext-saycam(S)-h,split_text,0.0400390625,0.19605085253715515,0.0061265891417860985,above_below,1,1,1,1,4,30,34,1024,5
464,resnext-saycam(S)-h,random_color,0.2353515625,0.4242183566093445,0.013256823644042015,above_below,1,1,1,1,4,30,34,1024,5
465,resnext-saycam(S)-v,different_shapes,0.7314453125,0.443207710981369,0.013850240968167782,above_below,1,1,1,1,4,30,34,1024,5
466,resnext-saycam(S)-v,split_text,0.1298828125,0.33617445826530457,0.010505451820790768,above_below,1,1,1,1,4,30,34,1024,5
467,resnext-saycam(S)-v,random_color,0.724609375,0.4467109143733978,0.013959716074168682,above_below,1,1,1,1,4,30,34,1024,5
468,resnext-saycam(S)-h,different_shapes,0.4794921875,0.4995792508125305,0.015611851587891579,above_below,1,1,1,1,4,45,34,1024,5
469,resnext-saycam(S)-h,split_text,0.091796875,0.28873899579048157,0.009023093618452549,above_below,1,1,1,1,4,45,34,1024,5
470,resnext-saycam(S)-h,random_color,0.5009765625,0.4999990463256836,0.015624970197677612,above_below,1,1,1,1,4,45,34,1024,5
471,resnext-saycam(S)-v,different_shapes,0.4794921875,0.4995792508125305,0.015611851587891579,above_below,1,1,1,1,4,45,34,1024,5
472,resnext-saycam(S)-v,split_text,0.078125,0.2683681845664978,0.008386505767703056,above_below,1,1,1,1,4,45,34,1024,5
473,resnext-saycam(S)-v,random_color,0.4775390625,0.4994952380657196,0.015609226189553738,above_below,1,1,1,1,4,45,34,1024,5
474,resnext-saycam(S)-h,different_shapes,0.77734375,0.4160293936729431,0.013000918552279472,above_below,1,1,1,1,4,60,34,1024,5
475,resnext-saycam(S)-h,split_text,0.1416015625,0.3486410081386566,0.01089503150433302,above_below,1,1,1,1,4,60,34,1024,5
476,resnext-saycam(S)-h,random_color,0.794921875,0.403758704662323,0.012617459520697594,above_below,1,1,1,1,4,60,34,1024,5
477,resnext-saycam(S)-v,different_shapes,0.3125,0.4635123908519745,0.014484762214124203,above_below,1,1,1,1,4,60,34,1024,5
478,resnext-saycam(S)-v,split_text,0.0478515625,0.21345208585262299,0.006670377682894468,above_below,1,1,1,1,4,60,34,1024,5
479,resnext-saycam(S)-v,random_color,0.3193359375,0.46621936559677124,0.014569355174899101,above_below,1,1,1,1,4,60,34,1024,5
480,resnext-saycam(S)-h,different_shapes,0.86328125,0.3435502052307129,0.010735943913459778,above_below,1,1,2,0,1,,34,1024,5
481,resnext-saycam(S)-h,split_text,0.0986328125,0.2981683909893036,0.009317762218415737,above_below,1,1,2,0,1,,34,1024,5
482,resnext-saycam(S)-h,random_color,0.8623046875,0.34457990527153015,0.010768122039735317,above_below,1,1,2,0,1,,34,1024,5
483,resnext-saycam(S)-v,different_shapes,0.345703125,0.47559696435928345,0.014862405136227608,above_below,1,1,2,0,1,,34,1024,5
484,resnext-saycam(S)-v,split_text,0.0947265625,0.29283687472343445,0.009151152335107327,above_below,1,1,2,0,1,,34,1024,5
485,resnext-saycam(S)-v,random_color,0.3701171875,0.4828358590602875,0.015088620595633984,above_below,1,1,2,0,1,,34,1024,5
486,resnext-saycam(S)-h,different_shapes,0.708984375,0.4542306959629059,0.014194709248840809,above_below,1,1,2,0,1,30,34,1024,5
487,resnext-saycam(S)-h,split_text,0.1005859375,0.30077967047691345,0.009399364702403545,above_below,1,1,2,0,1,30,34,1024,5
488,resnext-saycam(S)-h,random_color,0.7060546875,0.4555671811103821,0.01423647440969944,above_below,1,1,2,0,1,30,34,1024,5
489,resnext-saycam(S)-v,different_shapes,0.380859375,0.485598087310791,0.01517494022846222,above_below,1,1,2,0,1,30,34,1024,5
490,resnext-saycam(S)-v,split_text,0.0986328125,0.2981683909893036,0.009317762218415737,above_below,1,1,2,0,1,30,34,1024,5
491,resnext-saycam(S)-v,random_color,0.3935546875,0.4885380268096924,0.015266813337802887,above_below,1,1,2,0,1,30,34,1024,5
492,resnext-saycam(S)-h,different_shapes,0.5400390625,0.49839428067207336,0.015574821271002293,above_below,1,1,2,0,1,45,34,1024,5
493,resnext-saycam(S)-h,split_text,0.09765625,0.2968493103981018,0.009276540949940681,above_below,1,1,2,0,1,45,34,1024,5
494,resnext-saycam(S)-h,random_color,0.5205078125,0.4995792508125305,0.015611851587891579,above_below,1,1,2,0,1,45,34,1024,5
495,resnext-saycam(S)-v,different_shapes,0.55078125,0.49741458892822266,0.015544205904006958,above_below,1,1,2,0,1,45,34,1024,5
496,resnext-saycam(S)-v,split_text,0.103515625,0.30463114380836487,0.009519723244011402,above_below,1,1,2,0,1,45,34,1024,5
497,resnext-saycam(S)-v,random_color,0.5712890625,0.4948917627334595,0.015465367585420609,above_below,1,1,2,0,1,45,34,1024,5
498,resnext-saycam(S)-h,different_shapes,0.3525390625,0.4777606725692749,0.01493002101778984,above_below,1,1,2,0,1,60,34,1024,5
499,resnext-saycam(S)-h,split_text,0.099609375,0.2994784712791443,0.009358702227473259,above_below,1,1,2,0,1,60,34,1024,5
500,resnext-saycam(S)-h,random_color,0.369140625,0.482572078704834,0.015080377459526062,above_below,1,1,2,0,1,60,34,1024,5
501,resnext-saycam(S)-v,different_shapes,0.791015625,0.4065832197666168,0.012705725617706776,above_below,1,1,2,0,1,60,34,1024,5
502,resnext-saycam(S)-v,split_text,0.103515625,0.30463114380836487,0.009519723244011402,above_below,1,1,2,0,1,60,34,1024,5
503,resnext-saycam(S)-v,random_color,0.7802734375,0.4140613377094269,0.01293941680341959,above_below,1,1,2,0,1,60,34,1024,5
504,resnext-saycam(S)-h,different_shapes,0.888671875,0.31453803181648254,0.00982931349426508,above_below,1,1,2,0,4,,34,1024,5
505,resnext-saycam(S)-h,split_text,0.1103515625,0.31332746148109436,0.009791483171284199,above_below,1,1,2,0,4,,34,1024,5
506,resnext-saycam(S)-h,random_color,0.8916015625,0.31088295578956604,0.009715092368423939,above_below,1,1,2,0,4,,34,1024,5
507,resnext-saycam(S)-v,different_shapes,0.314453125,0.46429771184921265,0.014509303495287895,above_below,1,1,2,0,4,,34,1024,5
508,resnext-saycam(S)-v,split_text,0.107421875,0.30964887142181396,0.009676527231931686,above_below,1,1,2,0,4,,34,1024,5
509,resnext-saycam(S)-v,random_color,0.3330078125,0.4712893068790436,0.014727790839970112,above_below,1,1,2,0,4,,34,1024,5
510,resnext-saycam(S)-h,different_shapes,0.740234375,0.4385059177875519,0.013703309930860996,above_below,1,1,2,0,4,30,34,1024,5
511,resnext-saycam(S)-h,split_text,0.1044921875,0.305897980928421,0.009559311904013157,above_below,1,1,2,0,4,30,34,1024,5
512,resnext-saycam(S)-h,random_color,0.755859375,0.4295765161514282,0.013424266129732132,above_below,1,1,2,0,4,30,34,1024,5
513,resnext-saycam(S)-v,different_shapes,0.3271484375,0.4691719710826874,0.01466162409633398,above_below,1,1,2,0,4,30,34,1024,5
514,resnext-saycam(S)-v,split_text,0.107421875,0.30964887142181396,0.009676527231931686,above_below,1,1,2,0,4,30,34,1024,5
515,resnext-saycam(S)-v,random_color,0.3466796875,0.4759126901626587,0.014872271567583084,above_below,1,1,2,0,4,30,34,1024,5
516,resnext-saycam(S)-h,different_shapes,0.4619140625,0.49854734539985657,0.015579604543745518,above_below,1,1,2,0,4,45,34,1024,5
517,resnext-saycam(S)-h,split_text,0.1083984375,0.31088295578956604,0.009715092368423939,above_below,1,1,2,0,4,45,34,1024,5
518,resnext-saycam(S)-h,random_color,0.5,0.5,0.015625,above_below,1,1,2,0,4,45,34,1024,5
519,resnext-saycam(S)-v,different_shapes,0.53125,0.4990224838256836,0.015594452619552612,above_below,1,1,2,0,4,45,34,1024,5
520,resnext-saycam(S)-v,split_text,0.109375,0.3121091425418854,0.009753410704433918,above_below,1,1,2,0,4,45,34,1024,5
521,resnext-saycam(S)-v,random_color,0.5126953125,0.49983879923820496,0.015619962476193905,above_below,1,1,2,0,4,45,34,1024,5
522,resnext-saycam(S)-h,different_shapes,0.2490234375,0.4324474036693573,0.013513981364667416,above_below,1,1,2,0,4,60,34,1024,5
523,resnext-saycam(S)-h,split_text,0.1103515625,0.31332746148109436,0.009791483171284199,above_below,1,1,2,0,4,60,34,1024,5
524,resnext-saycam(S)-h,random_color,0.2919921875,0.4546787440776825,0.014208710752427578,above_below,1,1,2,0,4,60,34,1024,5
525,resnext-saycam(S)-v,different_shapes,0.8017578125,0.3986755907535553,0.012458612211048603,above_below,1,1,2,0,4,60,34,1024,5
526,resnext-saycam(S)-v,split_text,0.1142578125,0.3181241452693939,0.00994137953966856,above_below,1,1,2,0,4,60,34,1024,5
527,resnext-saycam(S)-v,random_color,0.76953125,0.421132892370224,0.0131604028865695,above_below,1,1,2,0,4,60,34,1024,5
528,resnext-saycam(S)-h,different_shapes,0.2451171875,0.4301566481590271,0.013442395254969597,above_below,1,1,2,1,1,,34,1024,5
529,resnext-saycam(S)-h,split_text,0.0908203125,0.28735342621803284,0.008979794569313526,above_below,1,1,2,1,1,,34,1024,5
530,resnext-saycam(S)-h,random_color,0.25,0.4330126941204071,0.013531646691262722,above_below,1,1,2,1,1,,34,1024,5
531,resnext-saycam(S)-v,different_shapes,0.798828125,0.4008762240409851,0.012527382001280785,above_below,1,1,2,1,1,,34,1024,5
532,resnext-saycam(S)-v,split_text,0.095703125,0.2941836714744568,0.009193239733576775,above_below,1,1,2,1,1,,34,1024,5
533,resnext-saycam(S)-v,random_color,0.78125,0.4133986532688141,0.01291870791465044,above_below,1,1,2,1,1,,34,1024,5
534,resnext-saycam(S)-h,different_shapes,0.3388671875,0.47332465648651123,0.014791395515203476,above_below,1,1,2,1,1,30,34,1024,5
535,resnext-saycam(S)-h,split_text,0.0908203125,0.28735342621803284,0.008979794569313526,above_below,1,1,2,1,1,30,34,1024,5
536,resnext-saycam(S)-h,random_color,0.3515625,0.4774581789970398,0.014920568093657494,above_below,1,1,2,1,1,30,34,1024,5
537,resnext-saycam(S)-v,different_shapes,0.6689453125,0.4705926775932312,0.014706021174788475,above_below,1,1,2,1,1,30,34,1024,5
538,resnext-saycam(S)-v,split_text,0.0986328125,0.2981683909893036,0.009317762218415737,above_below,1,1,2,1,1,30,34,1024,5
539,resnext-saycam(S)-v,random_color,0.6826171875,0.4654577970504761,0.014545556157827377,above_below,1,1,2,1,1,30,34,1024,5
540,resnext-saycam(S)-h,different_shapes,0.5556640625,0.4968918561935425,0.015527870506048203,above_below,1,1,2,1,1,45,34,1024,5
541,resnext-saycam(S)-h,split_text,0.0908203125,0.28735342621803284,0.008979794569313526,above_below,1,1,2,1,1,45,34,1024,5
542,resnext-saycam(S)-h,random_color,0.5498046875,0.4975133240222931,0.015547291375696659,above_below,1,1,2,1,1,45,34,1024,5
543,resnext-saycam(S)-v,different_shapes,0.5458984375,0.49788886308670044,0.015559026971459389,above_below,1,1,2,1,1,45,34,1024,5
544,resnext-saycam(S)-v,split_text,0.0947265625,0.29283687472343445,0.009151152335107327,above_below,1,1,2,1,1,45,34,1024,5
545,resnext-saycam(S)-v,random_color,0.5380859375,0.49854734539985657,0.015579604543745518,above_below,1,1,2,1,1,45,34,1024,5
546,resnext-saycam(S)-h,different_shapes,0.7744140625,0.41796761751174927,0.013061488047242165,above_below,1,1,2,1,1,60,34,1024,5
547,resnext-saycam(S)-h,split_text,0.09765625,0.2968493103981018,0.009276540949940681,above_below,1,1,2,1,1,60,34,1024,5
548,resnext-saycam(S)-h,random_color,0.7744140625,0.41796761751174927,0.013061488047242165,above_below,1,1,2,1,1,60,34,1024,5
549,resnext-saycam(S)-v,different_shapes,0.4599609375,0.49839428067207336,0.015574821271002293,above_below,1,1,2,1,1,60,34,1024,5
550,resnext-saycam(S)-v,split_text,0.1015625,0.30207210779190063,0.009439753368496895,above_below,1,1,2,1,1,60,34,1024,5
551,resnext-saycam(S)-v,random_color,0.470703125,0.4991409480571747,0.015598154626786709,above_below,1,1,2,1,1,60,34,1024,5
552,resnext-saycam(S)-h,different_shapes,0.197265625,0.39793452620506287,0.012435453943908215,above_below,1,1,2,1,4,,34,1024,5
553,resnext-saycam(S)-h,split_text,0.1064453125,0.3084067106246948,0.009637709707021713,above_below,1,1,2,1,4,,34,1024,5
554,resnext-saycam(S)-h,random_color,0.2236328125,0.4166787564754486,0.013021211139857769,above_below,1,1,2,1,4,,34,1024,5
555,resnext-saycam(S)-v,different_shapes,0.859375,0.34763431549072266,0.010863572359085083,above_below,1,1,2,1,4,,34,1024,5
556,resnext-saycam(S)-v,split_text,0.111328125,0.31453803181648254,0.00982931349426508,above_below,1,1,2,1,4,,34,1024,5
557,resnext-saycam(S)-v,random_color,0.826171875,0.37896162271499634,0.011842550709843636,above_below,1,1,2,1,4,,34,1024,5
558,resnext-saycam(S)-h,different_shapes,0.2880859375,0.45287132263183594,0.014152228832244873,above_below,1,1,2,1,4,30,34,1024,5
559,resnext-saycam(S)-h,split_text,0.1044921875,0.305897980928421,0.009559311904013157,above_below,1,1,2,1,4,30,34,1024,5
560,resnext-saycam(S)-h,random_color,0.302734375,0.45944127440452576,0.01435753982514143,above_below,1,1,2,1,4,30,34,1024,5
561,resnext-saycam(S)-v,different_shapes,0.697265625,0.45944127440452576,0.01435753982514143,above_below,1,1,2,1,4,30,34,1024,5
562,resnext-saycam(S)-v,split_text,0.103515625,0.30463114380836487,0.009519723244011402,above_below,1,1,2,1,4,30,34,1024,5
563,resnext-saycam(S)-v,random_color,0.673828125,0.46881103515625,0.014650344848632812,above_below,1,1,2,1,4,30,34,1024,5
564,resnext-saycam(S)-h,different_shapes,0.4990234375,0.4999990463256836,0.015624970197677612,above_below,1,1,2,1,4,45,34,1024,5
565,resnext-saycam(S)-h,split_text,0.1025390625,0.3033559024333954,0.009479871951043606,above_below,1,1,2,1,4,45,34,1024,5
566,resnext-saycam(S)-h,random_color,0.5185546875,0.4996556043624878,0.015614237636327744,above_below,1,1,2,1,4,45,34,1024,5
567,resnext-saycam(S)-v,different_shapes,0.509765625,0.4999046325683594,0.01562201976776123,above_below,1,1,2,1,4,45,34,1024,5
568,resnext-saycam(S)-v,split_text,0.1103515625,0.31332746148109436,0.009791483171284199,above_below,1,1,2,1,4,45,34,1024,5
569,resnext-saycam(S)-v,random_color,0.5087890625,0.4999227523803711,0.015622586011886597,above_below,1,1,2,1,4,45,34,1024,5
570,resnext-saycam(S)-h,different_shapes,0.7587890625,0.4278179705142975,0.013369311578571796,above_below,1,1,2,1,4,60,34,1024,5
571,resnext-saycam(S)-h,split_text,0.107421875,0.30964887142181396,0.009676527231931686,above_below,1,1,2,1,4,60,34,1024,5
572,resnext-saycam(S)-h,random_color,0.7734375,0.4186071455478668,0.013081473298370838,above_below,1,1,2,1,4,60,34,1024,5
573,resnext-saycam(S)-v,different_shapes,0.390625,0.48789048194885254,0.015246577560901642,above_below,1,1,2,1,4,60,34,1024,5
574,resnext-saycam(S)-v,split_text,0.1064453125,0.3084067106246948,0.009637709707021713,above_below,1,1,2,1,4,60,34,1024,5
575,resnext-saycam(S)-v,random_color,0.3857421875,0.4867701232433319,0.015211566351354122,above_below,1,1,2,1,4,60,34,1024,5
576,resnext-saycam(S)-h,different_shapes,0.8701171875,0.33617445826530457,0.010505451820790768,between,1,0,1,0,1,,34,1024,5
577,resnext-saycam(S)-h,split_text,0.201171875,0.4008762240409851,0.012527382001280785,between,1,0,1,0,1,,34,1024,5
578,resnext-saycam(S)-h,random_color,0.841796875,0.3649313449859619,0.01140410453081131,between,1,0,1,0,1,,34,1024,5
579,resnext-saycam(S)-v,different_shapes,0.265625,0.4416654407978058,0.01380204502493143,between,1,0,1,0,1,,34,1024,5
580,resnext-saycam(S)-v,split_text,0.0869140625,0.28170907497406006,0.008803408592939377,between,1,0,1,0,1,,34,1024,5
581,resnext-saycam(S)-v,random_color,0.2705078125,0.44422218203544617,0.013881943188607693,between,1,0,1,0,1,,34,1024,5
582,resnext-saycam(S)-h,different_shapes,0.849609375,0.3574538826942444,0.011170433834195137,between,1,0,1,0,1,30,34,1024,5
583,resnext-saycam(S)-h,split_text,0.1943359375,0.39568862318992615,0.012365269474685192,between,1,0,1,0,1,30,34,1024,5
584,resnext-saycam(S)-h,random_color,0.8505859375,0.3564961552619934,0.011140504851937294,between,1,0,1,0,1,30,34,1024,5
585,resnext-saycam(S)-v,different_shapes,0.44921875,0.49741458892822266,0.015544205904006958,between,1,0,1,0,1,30,34,1024,5
586,resnext-saycam(S)-v,split_text,0.1181640625,0.32280227541923523,0.010087571106851101,between,1,0,1,0,1,30,34,1024,5
587,resnext-saycam(S)-v,random_color,0.4599609375,0.49839428067207336,0.015574821271002293,between,1,0,1,0,1,30,34,1024,5
588,resnext-saycam(S)-h,different_shapes,0.6015625,0.48957639932632446,0.01529926247894764,between,1,0,1,0,1,45,34,1024,5
589,resnext-saycam(S)-h,split_text,0.150390625,0.3574538826942444,0.011170433834195137,between,1,0,1,0,1,45,34,1024,5
590,resnext-saycam(S)-h,random_color,0.6494140625,0.477153480052948,0.014911046251654625,between,1,0,1,0,1,45,34,1024,5
591,resnext-saycam(S)-v,different_shapes,0.673828125,0.46881103515625,0.014650344848632812,between,1,0,1,0,1,45,34,1024,5
592,resnext-saycam(S)-v,split_text,0.1435546875,0.35063761472702026,0.010957425460219383,between,1,0,1,0,1,45,34,1024,5
593,resnext-saycam(S)-v,random_color,0.6591796875,0.47398504614830017,0.01481203269213438,between,1,0,1,0,1,45,34,1024,5
594,resnext-saycam(S)-h,different_shapes,0.30859375,0.46191301941871643,0.014434781856834888,between,1,0,1,0,1,60,34,1024,5
595,resnext-saycam(S)-h,split_text,0.078125,0.2683681845664978,0.008386505767703056,between,1,0,1,0,1,60,34,1024,5
596,resnext-saycam(S)-h,random_color,0.365234375,0.48149582743644714,0.015046744607388973,between,1,0,1,0,1,60,34,1024,5
597,resnext-saycam(S)-v,different_shapes,0.9365234375,0.24381814897060394,0.007619317155331373,between,1,0,1,0,1,60,34,1024,5
598,resnext-saycam(S)-v,split_text,0.1875,0.3903123736381531,0.012197261676192284,between,1,0,1,0,1,60,34,1024,5
599,resnext-saycam(S)-v,random_color,0.9306640625,0.25402453541755676,0.007938266731798649,between,1,0,1,0,1,60,34,1024,5
600,resnext-saycam(S)-h,different_shapes,0.9169921875,0.27589401602745056,0.00862168800085783,between,1,0,1,0,4,,34,1024,5
601,resnext-saycam(S)-h,split_text,0.1787109375,0.38311007618904114,0.011972189880907536,between,1,0,1,0,4,,34,1024,5
602,resnext-saycam(S)-h,random_color,0.8994140625,0.30077967047691345,0.009399364702403545,between,1,0,1,0,4,,34,1024,5
603,resnext-saycam(S)-v,different_shapes,0.224609375,0.41732481122016907,0.013041400350630283,between,1,0,1,0,4,,34,1024,5
604,resnext-saycam(S)-v,split_text,0.0625,0.24206146597862244,0.007564420811831951,between,1,0,1,0,4,,34,1024,5
605,resnext-saycam(S)-v,random_color,0.2294921875,0.4205062687397003,0.013140820898115635,between,1,0,1,0,4,,34,1024,5
606,resnext-saycam(S)-h,different_shapes,0.8388671875,0.36765339970588684,0.011489168740808964,between,1,0,1,0,4,30,34,1024,5
607,resnext-saycam(S)-h,split_text,0.1630859375,0.3694440722465515,0.011545127257704735,between,1,0,1,0,4,30,34,1024,5
608,resnext-saycam(S)-h,random_color,0.8583984375,0.3486410081386566,0.01089503150433302,between,1,0,1,0,4,30,34,1024,5
609,resnext-saycam(S)-v,different_shapes,0.4208984375,0.49370330572128296,0.015428228303790092,between,1,0,1,0,4,30,34,1024,5
610,resnext-saycam(S)-v,split_text,0.0849609375,0.2788235545158386,0.008713236078619957,between,1,0,1,0,4,30,34,1024,5
611,resnext-saycam(S)-v,random_color,0.421875,0.49385878443717957,0.015433087013661861,between,1,0,1,0,4,30,34,1024,5
612,resnext-saycam(S)-h,different_shapes,0.6240234375,0.4843740165233612,0.015136688016355038,between,1,0,1,0,4,45,34,1024,5
613,resnext-saycam(S)-h,split_text,0.13671875,0.3435502052307129,0.010735943913459778,between,1,0,1,0,4,45,34,1024,5
614,resnext-saycam(S)-h,random_color,0.6591796875,0.47398504614830017,0.01481203269213438,between,1,0,1,0,4,45,34,1024,5
615,resnext-saycam(S)-v,different_shapes,0.6943359375,0.46068811416625977,0.014396503567695618,between,1,0,1,0,4,45,34,1024,5
616,resnext-saycam(S)-v,split_text,0.142578125,0.3496420979499817,0.010926315560936928,between,1,0,1,0,4,45,34,1024,5
617,resnext-saycam(S)-v,random_color,0.68359375,0.46507346630096436,0.014533545821905136,between,1,0,1,0,4,45,34,1024,5
618,resnext-saycam(S)-h,different_shapes,0.26953125,0.44371628761291504,0.013866133987903595,between,1,0,1,0,4,60,34,1024,5
619,resnext-saycam(S)-h,split_text,0.052734375,0.22350271046161652,0.006984459701925516,between,1,0,1,0,4,60,34,1024,5
620,resnext-saycam(S)-h,random_color,0.3134765625,0.46390625834465027,0.014497070573270321,between,1,0,1,0,4,60,34,1024,5
621,resnext-saycam(S)-v,different_shapes,0.9521484375,0.21345208585262299,0.006670377682894468,between,1,0,1,0,4,60,34,1024,5
622,resnext-saycam(S)-v,split_text,0.1748046875,0.3797999620437622,0.011868748813867569,between,1,0,1,0,4,60,34,1024,5
623,resnext-saycam(S)-v,random_color,0.9521484375,0.21345208585262299,0.006670377682894468,between,1,0,1,0,4,60,34,1024,5
624,resnext-saycam(S)-h,different_shapes,0.140625,0.34763431549072266,0.010863572359085083,between,1,0,1,1,1,,34,1024,5
625,resnext-saycam(S)-h,split_text,0.03515625,0.18417461216449738,0.005755456630140543,between,1,0,1,1,1,,34,1024,5
626,resnext-saycam(S)-h,random_color,0.158203125,0.3649313449859619,0.01140410453081131,between,1,0,1,1,1,,34,1024,5
627,resnext-saycam(S)-v,different_shapes,0.810546875,0.39186814427375793,0.012245879508554935,between,1,0,1,1,1,,34,1024,5
628,resnext-saycam(S)-v,split_text,0.1865234375,0.3895284831523895,0.012172765098512173,between,1,0,1,1,1,,34,1024,5
629,resnext-saycam(S)-v,random_color,0.8193359375,0.38473960757255554,0.01202311273664236,between,1,0,1,1,1,,34,1024,5
630,resnext-saycam(S)-h,different_shapes,0.31640625,0.46507346630096436,0.014533545821905136,between,1,0,1,1,1,30,34,1024,5
631,resnext-saycam(S)-h,split_text,0.078125,0.2683681845664978,0.008386505767703056,between,1,0,1,1,1,30,34,1024,5
632,resnext-saycam(S)-h,random_color,0.353515625,0.4780610203742981,0.014939406886696815,between,1,0,1,1,1,30,34,1024,5
633,resnext-saycam(S)-v,different_shapes,0.8330078125,0.3729688823223114,0.011655277572572231,between,1,0,1,1,1,30,34,1024,5
634,resnext-saycam(S)-v,split_text,0.1826171875,0.3863523602485657,0.012073511257767677,between,1,0,1,1,1,30,34,1024,5
635,resnext-saycam(S)-v,random_color,0.826171875,0.37896162271499634,0.011842550709843636,between,1,0,1,1,1,30,34,1024,5
636,resnext-saycam(S)-h,different_shapes,0.626953125,0.48361441493034363,0.015112950466573238,between,1,0,1,1,1,45,34,1024,5
637,resnext-saycam(S)-h,split_text,0.1533203125,0.36029598116874695,0.011259249411523342,between,1,0,1,1,1,45,34,1024,5
638,resnext-saycam(S)-h,random_color,0.6728515625,0.4691719710826874,0.01466162409633398,between,1,0,1,1,1,45,34,1024,5
639,resnext-saycam(S)-v,different_shapes,0.7099609375,0.4537801146507263,0.014180628582835197,between,1,0,1,1,1,45,34,1024,5
640,resnext-saycam(S)-v,split_text,0.1396484375,0.34662190079689026,0.01083193439990282,between,1,0,1,1,1,45,34,1024,5
641,resnext-saycam(S)-v,random_color,0.6767578125,0.4677143096923828,0.014616072177886963,between,1,0,1,1,1,45,34,1024,5
642,resnext-saycam(S)-h,different_shapes,0.9072265625,0.2901146709918976,0.0090660834684968,between,1,0,1,1,1,60,34,1024,5
643,resnext-saycam(S)-h,split_text,0.1953125,0.3964410722255707,0.012388783507049084,between,1,0,1,1,1,60,34,1024,5
644,resnext-saycam(S)-h,random_color,0.9140625,0.2802717387676239,0.008758491836488247,between,1,0,1,1,1,60,34,1024,5
645,resnext-saycam(S)-v,different_shapes,0.4814453125,0.4996556043624878,0.015614237636327744,between,1,0,1,1,1,60,34,1024,5
646,resnext-saycam(S)-v,split_text,0.11328125,0.31693628430366516,0.009904258884489536,between,1,0,1,1,1,60,34,1024,5
647,resnext-saycam(S)-v,random_color,0.4833984375,0.49972429871559143,0.015616384334862232,between,1,0,1,1,1,60,34,1024,5
648,resnext-saycam(S)-h,different_shapes,0.076171875,0.26527291536331177,0.008289778605103493,between,1,0,1,1,4,,34,1024,5
649,resnext-saycam(S)-h,split_text,0.0234375,0.15128840506076813,0.004727762658149004,between,1,0,1,1,4,,34,1024,5
650,resnext-saycam(S)-h,random_color,0.099609375,0.2994784712791443,0.009358702227473259,between,1,0,1,1,4,,34,1024,5
651,resnext-saycam(S)-v,different_shapes,0.8974609375,0.3033559024333954,0.009479871951043606,between,1,0,1,1,4,,34,1024,5
652,resnext-saycam(S)-v,split_text,0.1767578125,0.3814636170864105,0.011920738033950329,between,1,0,1,1,4,,34,1024,5
653,resnext-saycam(S)-v,random_color,0.88671875,0.31693628430366516,0.009904258884489536,between,1,0,1,1,4,,34,1024,5
654,resnext-saycam(S)-h,different_shapes,0.255859375,0.43634316325187683,0.013635723851621151,between,1,0,1,1,4,30,34,1024,5
655,resnext-saycam(S)-h,split_text,0.0615234375,0.24028795957565308,0.007508998736739159,between,1,0,1,1,4,30,34,1024,5
656,resnext-saycam(S)-h,random_color,0.3076171875,0.4615071415901184,0.0144220981746912,between,1,0,1,1,4,30,34,1024,5
657,resnext-saycam(S)-v,different_shapes,0.884765625,0.31930458545684814,0.009978268295526505,between,1,0,1,1,4,30,34,1024,5
658,resnext-saycam(S)-v,split_text,0.177734375,0.38228899240493774,0.011946531012654305,between,1,0,1,1,4,30,34,1024,5
659,resnext-saycam(S)-v,random_color,0.8955078125,0.305897980928421,0.009559311904013157,between,1,0,1,1,4,30,34,1024,5
660,resnext-saycam(S)-h,different_shapes,0.6318359375,0.48230621218681335,0.015072069130837917,between,1,0,1,1,4,45,34,1024,5
661,resnext-saycam(S)-h,split_text,0.1328125,0.3393719792366028,0.010605374351143837,between,1,0,1,1,4,45,34,1024,5
662,resnext-saycam(S)-h,random_color,0.669921875,0.4702409505844116,0.014695029705762863,between,1,0,1,1,4,45,34,1024,5
663,resnext-saycam(S)-v,different_shapes,0.716796875,0.450554221868515,0.014079819433391094,between,1,0,1,1,4,45,34,1024,5
664,resnext-saycam(S)-v,split_text,0.1416015625,0.3486410081386566,0.01089503150433302,between,1,0,1,1,4,45,34,1024,5
665,resnext-saycam(S)-v,random_color,0.701171875,0.4577443301677704,0.014304510317742825,between,1,0,1,1,4,45,34,1024,5
666,resnext-saycam(S)-h,different_shapes,0.9228515625,0.2668268382549286,0.008338338695466518,between,1,0,1,1,4,60,34,1024,5
667,resnext-saycam(S)-h,split_text,0.1728515625,0.3781189024448395,0.011816215701401234,between,1,0,1,1,4,60,34,1024,5
668,resnext-saycam(S)-h,random_color,0.935546875,0.24555838108062744,0.0076736994087696075,between,1,0,1,1,4,60,34,1024,5
669,resnext-saycam(S)-v,different_shapes,0.4677734375,0.49896037578582764,0.015592511743307114,between,1,0,1,1,4,60,34,1024,5
670,resnext-saycam(S)-v,split_text,0.0888671875,0.2845519483089447,0.008892248384654522,between,1,0,1,1,4,60,34,1024,5
671,resnext-saycam(S)-v,random_color,0.4345703125,0.495700478553772,0.015490639954805374,between,1,0,1,1,4,60,34,1024,5
672,resnext-saycam(S)-h,different_shapes,0.8388671875,0.36765339970588684,0.011489168740808964,between,1,0,2,0,1,,34,1024,5
673,resnext-saycam(S)-h,split_text,0.0498046875,0.21754121780395508,0.006798163056373596,between,1,0,2,0,1,,34,1024,5
674,resnext-saycam(S)-h,random_color,0.8251953125,0.3797999620437622,0.011868748813867569,between,1,0,2,0,1,,34,1024,5
675,resnext-saycam(S)-v,different_shapes,0.24609375,0.4307337999343872,0.0134604312479496,between,1,0,2,0,1,,34,1024,5
676,resnext-saycam(S)-v,split_text,0.0400390625,0.19605085253715515,0.0061265891417860985,between,1,0,2,0,1,,34,1024,5
677,resnext-saycam(S)-v,random_color,0.2509765625,0.4335750639438629,0.013549220748245716,between,1,0,2,0,1,,34,1024,5
678,resnext-saycam(S)-h,different_shapes,0.8173828125,0.3863523602485657,0.012073511257767677,between,1,0,2,0,1,30,34,1024,5
679,resnext-saycam(S)-h,split_text,0.0361328125,0.1866205632686615,0.005831892602145672,between,1,0,2,0,1,30,34,1024,5
680,resnext-saycam(S)-h,random_color,0.8115234375,0.3910922408103943,0.012221632525324821,between,1,0,2,0,1,30,34,1024,5
681,resnext-saycam(S)-v,different_shapes,0.447265625,0.4972113072872162,0.015537853352725506,between,1,0,2,0,1,30,34,1024,5
682,resnext-saycam(S)-v,split_text,0.02734375,0.163083016872406,0.005096344277262688,between,1,0,2,0,1,30,34,1024,5
683,resnext-saycam(S)-v,random_color,0.474609375,0.49935489892959595,0.015604840591549873,between,1,0,2,0,1,30,34,1024,5
684,resnext-saycam(S)-h,different_shapes,0.6298828125,0.4828358590602875,0.015088620595633984,between,1,0,2,0,1,45,34,1024,5
685,resnext-saycam(S)-h,split_text,0.0390625,0.19374370574951172,0.006054490804672241,between,1,0,2,0,1,45,34,1024,5
686,resnext-saycam(S)-h,random_color,0.6572265625,0.4746364951133728,0.0148323904722929,between,1,0,2,0,1,45,34,1024,5
687,resnext-saycam(S)-v,different_shapes,0.666015625,0.471634179353714,0.014738568104803562,between,1,0,2,0,1,45,34,1024,5
688,resnext-saycam(S)-v,split_text,0.0322265625,0.17660127580165863,0.005518789868801832,between,1,0,2,0,1,45,34,1024,5
689,resnext-saycam(S)-v,random_color,0.669921875,0.4702409505844116,0.014695029705762863,between,1,0,2,0,1,45,34,1024,5
690,resnext-saycam(S)-h,different_shapes,0.3447265625,0.4752790331840515,0.01485246978700161,between,1,0,2,0,1,60,34,1024,5
691,resnext-saycam(S)-h,split_text,0.0400390625,0.19605085253715515,0.0061265891417860985,between,1,0,2,0,1,60,34,1024,5
692,resnext-saycam(S)-h,random_color,0.3681640625,0.48230621218681335,0.015072069130837917,between,1,0,2,0,1,60,34,1024,5
693,resnext-saycam(S)-v,different_shapes,0.876953125,0.3284910023212433,0.010265343822538853,between,1,0,2,0,1,60,34,1024,5
694,resnext-saycam(S)-v,split_text,0.0302734375,0.17133872210979462,0.005354335065931082,between,1,0,2,0,1,60,34,1024,5
695,resnext-saycam(S)-v,random_color,0.8681640625,0.3383123278617859,0.010572260245680809,between,1,0,2,0,1,60,34,1024,5
696,resnext-saycam(S)-h,different_shapes,0.88671875,0.31693628430366516,0.009904258884489536,between,1,0,2,0,4,,34,1024,5
697,resnext-saycam(S)-h,split_text,0.03515625,0.18417461216449738,0.005755456630140543,between,1,0,2,0,4,,34,1024,5
698,resnext-saycam(S)-h,random_color,0.8779296875,0.32736700773239136,0.01023021899163723,between,1,0,2,0,4,,34,1024,5
699,resnext-saycam(S)-v,different_shapes,0.240234375,0.4272257387638092,0.013350804336369038,between,1,0,2,0,4,,34,1024,5
700,resnext-saycam(S)-v,split_text,0.0322265625,0.17660127580165863,0.005518789868801832,between,1,0,2,0,4,,34,1024,5
701,resnext-saycam(S)-v,random_color,0.2421875,0.4284071922302246,0.013387724757194519,between,1,0,2,0,4,,34,1024,5
702,resnext-saycam(S)-h,different_shapes,0.8125,0.3903123736381531,0.012197261676192284,between,1,0,2,0,4,30,34,1024,5
703,resnext-saycam(S)-h,split_text,0.0380859375,0.19140376150608063,0.00598136754706502,between,1,0,2,0,4,30,34,1024,5
704,resnext-saycam(S)-h,random_color,0.8193359375,0.38473960757255554,0.01202311273664236,between,1,0,2,0,4,30,34,1024,5
705,resnext-saycam(S)-v,different_shapes,0.4521484375,0.49770495295524597,0.015553279779851437,between,1,0,2,0,4,30,34,1024,5
706,resnext-saycam(S)-v,split_text,0.033203125,0.17916661500930786,0.005598956719040871,between,1,0,2,0,4,30,34,1024,5
707,resnext-saycam(S)-v,random_color,0.4599609375,0.49839428067207336,0.015574821271002293,between,1,0,2,0,4,30,34,1024,5
708,resnext-saycam(S)-h,different_shapes,0.5751953125,0.4943133294582367,0.015447291545569897,between,1,0,2,0,4,45,34,1024,5
709,resnext-saycam(S)-h,split_text,0.04296875,0.20278668403625488,0.006337083876132965,between,1,0,2,0,4,45,34,1024,5
710,resnext-saycam(S)-h,random_color,0.6533203125,0.4759126901626587,0.014872271567583084,between,1,0,2,0,4,45,34,1024,5
711,resnext-saycam(S)-v,different_shapes,0.6875,0.4635123908519745,0.014484762214124203,between,1,0,2,0,4,45,34,1024,5
712,resnext-saycam(S)-v,split_text,0.0263671875,0.16022472083568573,0.005007022526115179,between,1,0,2,0,4,45,34,1024,5
713,resnext-saycam(S)-v,random_color,0.658203125,0.474311888217926,0.014822246506810188,between,1,0,2,0,4,45,34,1024,5
714,resnext-saycam(S)-h,different_shapes,0.294921875,0.45600762963294983,0.014250238426029682,between,1,0,2,0,4,60,34,1024,5
715,resnext-saycam(S)-h,split_text,0.0390625,0.19374370574951172,0.006054490804672241,between,1,0,2,0,4,60,34,1024,5
716,resnext-saycam(S)-h,random_color,0.3466796875,0.4759126901626587,0.014872271567583084,between,1,0,2,0,4,60,34,1024,5
717,resnext-saycam(S)-v,different_shapes,0.888671875,0.31453803181648254,0.00982931349426508,between,1,0,2,0,4,60,34,1024,5
718,resnext-saycam(S)-v,split_text,0.0244140625,0.15433086454868317,0.004822839517146349,between,1,0,2,0,4,60,34,1024,5
719,resnext-saycam(S)-v,random_color,0.8642578125,0.34251460433006287,0.010703581385314465,between,1,0,2,0,4,60,34,1024,5
720,resnext-saycam(S)-h,different_shapes,0.1259765625,0.3318229615688324,0.010369467549026012,between,1,0,2,1,1,,34,1024,5
721,resnext-saycam(S)-h,split_text,0.0400390625,0.19605085253715515,0.0061265891417860985,between,1,0,2,1,1,,34,1024,5
722,resnext-saycam(S)-h,random_color,0.158203125,0.3649313449859619,0.01140410453081131,between,1,0,2,1,1,,34,1024,5
723,resnext-saycam(S)-v,different_shapes,0.7763671875,0.4166787564754486,0.013021211139857769,between,1,0,2,1,1,,34,1024,5
724,resnext-saycam(S)-v,split_text,0.0390625,0.19374370574951172,0.006054490804672241,between,1,0,2,1,1,,34,1024,5
725,resnext-saycam(S)-v,random_color,0.763671875,0.4248260259628296,0.013275813311338425,between,1,0,2,1,1,,34,1024,5
726,resnext-saycam(S)-h,different_shapes,0.34375,0.4749588668346405,0.014842464588582516,between,1,0,2,1,1,30,34,1024,5
727,resnext-saycam(S)-h,split_text,0.033203125,0.17916661500930786,0.005598956719040871,between,1,0,2,1,1,30,34,1024,5
728,resnext-saycam(S)-h,random_color,0.37109375,0.48309749364852905,0.015096796676516533,between,1,0,2,1,1,30,34,1024,5
729,resnext-saycam(S)-v,different_shapes,0.81640625,0.3871525228023529,0.012098516337573528,between,1,0,2,1,1,30,34,1024,5
730,resnext-saycam(S)-v,split_text,0.029296875,0.16863738000392914,0.005269918125122786,between,1,0,2,1,1,30,34,1024,5
731,resnext-saycam(S)-v,random_color,0.78125,0.4133986532688141,0.01291870791465044,between,1,0,2,1,1,30,34,1024,5
732,resnext-saycam(S)-h,different_shapes,0.6259765625,0.483869731426239,0.01512092910706997,between,1,0,2,1,1,45,34,1024,5
733,resnext-saycam(S)-h,split_text,0.03125,0.17399263381958008,0.0054372698068618774,between,1,0,2,1,1,45,34,1024,5
734,resnext-saycam(S)-h,random_color,0.662109375,0.47299107909202576,0.014780971221625805,between,1,0,2,1,1,45,34,1024,5
735,resnext-saycam(S)-v,different_shapes,0.6953125,0.46027493476867676,0.014383591711521149,between,1,0,2,1,1,45,34,1024,5
736,resnext-saycam(S)-v,split_text,0.0341796875,0.1816904991865158,0.005677828099578619,between,1,0,2,1,1,45,34,1024,5
737,resnext-saycam(S)-v,random_color,0.6572265625,0.4746364951133728,0.0148323904722929,between,1,0,2,1,1,45,34,1024,5
738,resnext-saycam(S)-h,different_shapes,0.873046875,0.33292046189308167,0.010403764434158802,between,1,0,2,1,1,60,34,1024,5
739,resnext-saycam(S)-h,split_text,0.03125,0.17399263381958008,0.0054372698068618774,between,1,0,2,1,1,60,34,1024,5
740,resnext-saycam(S)-h,random_color,0.89453125,0.3071564733982086,0.00959863979369402,between,1,0,2,1,1,60,34,1024,5
741,resnext-saycam(S)-v,different_shapes,0.4814453125,0.4996556043624878,0.015614237636327744,between,1,0,2,1,1,60,34,1024,5
742,resnext-saycam(S)-v,split_text,0.029296875,0.16863738000392914,0.005269918125122786,between,1,0,2,1,1,60,34,1024,5
743,resnext-saycam(S)-v,random_color,0.4892578125,0.49988460540771484,0.015621393918991089,between,1,0,2,1,1,60,34,1024,5
744,resnext-saycam(S)-h,different_shapes,0.087890625,0.2831357717514038,0.008847992867231369,between,1,0,2,1,4,,34,1024,5
745,resnext-saycam(S)-h,split_text,0.0546875,0.2273692488670349,0.007105289027094841,between,1,0,2,1,4,,34,1024,5
746,resnext-saycam(S)-h,random_color,0.1142578125,0.3181241452693939,0.00994137953966856,between,1,0,2,1,4,,34,1024,5
747,resnext-saycam(S)-v,different_shapes,0.861328125,0.3456037938594818,0.010800118558108807,between,1,0,2,1,4,,34,1024,5
748,resnext-saycam(S)-v,split_text,0.02734375,0.163083016872406,0.005096344277262688,between,1,0,2,1,4,,34,1024,5
749,resnext-saycam(S)-v,random_color,0.8349609375,0.3712157905101776,0.01160049345344305,between,1,0,2,1,4,,34,1024,5
750,resnext-saycam(S)-h,different_shapes,0.2978515625,0.4573138952255249,0.014291059225797653,between,1,0,2,1,4,30,34,1024,5
751,resnext-saycam(S)-h,split_text,0.0439453125,0.20497345924377441,0.0064054206013679504,between,1,0,2,1,4,30,34,1024,5
752,resnext-saycam(S)-h,random_color,0.3505859375,0.477153480052948,0.014911046251654625,between,1,0,2,1,4,30,34,1024,5
753,resnext-saycam(S)-v,different_shapes,0.8740234375,0.3318229615688324,0.010369467549026012,between,1,0,2,1,4,30,34,1024,5
754,resnext-saycam(S)-v,split_text,0.0302734375,0.17133872210979462,0.005354335065931082,between,1,0,2,1,4,30,34,1024,5
755,resnext-saycam(S)-v,random_color,0.8134765625,0.3895284831523895,0.012172765098512173,between,1,0,2,1,4,30,34,1024,5
756,resnext-saycam(S)-h,different_shapes,0.630859375,0.482572078704834,0.015080377459526062,between,1,0,2,1,4,45,34,1024,5
757,resnext-saycam(S)-h,split_text,0.0380859375,0.19140376150608063,0.00598136754706502,between,1,0,2,1,4,45,34,1024,5
758,resnext-saycam(S)-h,random_color,0.6591796875,0.47398504614830017,0.01481203269213438,between,1,0,2,1,4,45,34,1024,5
759,resnext-saycam(S)-v,different_shapes,0.7119140625,0.45287132263183594,0.014152228832244873,between,1,0,2,1,4,45,34,1024,5
760,resnext-saycam(S)-v,split_text,0.0341796875,0.1816904991865158,0.005677828099578619,between,1,0,2,1,4,45,34,1024,5
761,resnext-saycam(S)-v,random_color,0.6708984375,0.4698869287967682,0.014683966524899006,between,1,0,2,1,4,45,34,1024,5
762,resnext-saycam(S)-h,different_shapes,0.8671875,0.3393719792366028,0.010605374351143837,between,1,0,2,1,4,60,34,1024,5
763,resnext-saycam(S)-h,split_text,0.029296875,0.16863738000392914,0.005269918125122786,between,1,0,2,1,4,60,34,1024,5
764,resnext-saycam(S)-h,random_color,0.8740234375,0.3318229615688324,0.010369467549026012,between,1,0,2,1,4,60,34,1024,5
765,resnext-saycam(S)-v,different_shapes,0.455078125,0.49797794222831726,0.015561810694634914,between,1,0,2,1,4,60,34,1024,5
766,resnext-saycam(S)-v,split_text,0.0380859375,0.19140376150608063,0.00598136754706502,between,1,0,2,1,4,60,34,1024,5
767,resnext-saycam(S)-v,random_color,0.4560546875,0.4980650544166565,0.015564532950520515,between,1,0,2,1,4,60,34,1024,5
